title,locale,image_url,url,path,labio_identnummer,description,price,Grundpreis,Füllmenge,category,Anwendung,Inhaltsstoffe,Siliconfree,Vegan,Verfügbar
Eyeshadow Pen Smoky Topaz,de,https://image.labiosthetique.com/i/square-1440/m2-product:eyeshadow_pen_smoky_topaz_247547_1_4g_967ad30.jpg/feed-media.jpg,https://www.labiosthetique.de/eyeshadow-pen?childSku=4040218791099,/eyeshadow-pen?childSku=4040218791099,016399,"Als Lidschatten oder Eyeliner anwendbar: Eyeshadow Pen mit cremig weicher Textur, die sich einfach auftragen und verblenden lässt","23,50 €",0,"1,4 g",Make-Up,Den Eyeshadow Pen als Lidschatten auf das gesamte Oberlid oder als Eyeliner entlang des Wimpernkranzes auftragen. Mit den Fingern oder einem Pinsel lässt sich die Farbe auch einfach verblenden. Tipp: Für Smokey Eyes den Lidschatten am äußeren Lidrand intensiver auftragen und nach oben hin verblenden.,"ISODODECANE, MICA, SYNTHETIC WAX, ETHYLENE/PROPYLENE COPOLYMER, SILICA, POLYMETHYLSILSESQUIOXANE, POLYBUTENE, HYDROGENATED POLYDICYCLOPENTADIENE, CI 77499 (IRON OXIDES), CI 77000 (ALUMINUM POWDER), CI 77891 (TITANIUM DIOXIDE), SUCROSE TETRASTEARATE TRIACETATE, CI 77491 (IRON OXIDES), COCO-CAPRYLATE/CAPRATE, ORYZA SATIVA (RICE) BRAN WAX, SYNTHETIC BEESWAX, HYDROGENATED CASTOR OIL, PENTAERYTHRITYL TETRA-DI-T-BUTYL HYDROXYHYDROCINNAMATE, TIN OXIDE",no,no,ja
Eyeshadow Pen Smoky Topaz,en,https://image.labiosthetique.com/i/square-1440/m2-product:eyeshadow_pen_smoky_topaz_247547_1_4g_967ad30.jpg/feed-media.jpg,https://www.labiosthetique.de/eyeshadow-pen?childSku=4040218791099,/eyeshadow-pen?childSku=4040218791099,016399,Can be used as an eyeshadow or an liner: Eyeshadow Pen with a soft and creamy texture that is easy to apply and blend,"23,50 €",0,"1,4 g",Make-up,Apply the Eyeshadow Pen as an eyeshadow to the whole top lid or as an eyeliner along the lashes. The colour is easy to blend with the fingers or a brush.,"ISODODECANE, MICA, SYNTHETIC WAX, ETHYLENE/PROPYLENE COPOLYMER, SILICA, POLYMETHYLSILSESQUIOXANE, POLYBUTENE, HYDROGENATED POLYDICYCLOPENTADIENE, CI 77499 (IRON OXIDES), CI 77000 (ALUMINUM POWDER), CI 77891 (TITANIUM DIOXIDE), SUCROSE TETRASTEARATE TRIACETATE, CI 77491 (IRON OXIDES), COCO-CAPRYLATE/CAPRATE, ORYZA SATIVA (RICE) BRAN WAX, SYNTHETIC BEESWAX, HYDROGENATED CASTOR OIL, PENTAERYTHRITYL TETRA-DI-T-BUTYL HYDROXYHYDROCINNAMATE, TIN OXIDE",no,no,ja
Eyeshadow Pen Cloudy Lilac,de,https://image.labiosthetique.com/i/square-1440/m2-product:eyeshadow_pen_cloudy_lilac_247533_1_4g_3bfcefd.jpg/feed-media.jpg,https://www.labiosthetique.de/eyeshadow-pen?childSku=4040218829099,/eyeshadow-pen?childSku=4040218829099,016301,"Als Lidschatten oder Eyeliner anwendbar: Eyeshadow Pen mit cremig weicher Textur, die sich einfach auftragen und verblenden lässt","23,50 €",0,"1,4 g",Make-Up,Den Eyeshadow Pen als Lidschatten auf das gesamte Oberlid oder als Eyeliner entlang des Wimpernkranzes auftragen. Mit den Fingern oder einem Pinsel lässt sich die Farbe auch einfach verblenden. Tipp: Für Smokey Eyes den Lidschatten am äußeren Lidrand intensiver auftragen und nach oben hin verblenden.,"DIMETHICONE, MICA, SILICA, ISOAMYL COCOATE, SUCROSE TETRASTEARATE TRIACETATE, CI 77499 (IRON OXIDES), POLYBUTENE, CI 77891 (TITANIUM DIOXIDE), HYDROGENATED JOJOBA OIL, SYNTHETIC WAX, TRIMETHYLSILOXYSILICATE/DIMETHICONOL CROSSPOLYMER, CI 77491 (IRON OXIDES), GLYCERYL CAPRYLATE, SILICA SILYLATE, PENTAERYTHRITYL TETRA-DI-T-BUTYL HYDROXYHYDROCINNAMATE, ETHYLENE/METHACRYLATE COPOLYMER, TIN OXIDE, ISOPROPYL TITANIUM TRIISOSTEARATE",no,yes,ja
Eyeshadow Pen Cloudy Lilac,en,https://image.labiosthetique.com/i/square-1440/m2-product:eyeshadow_pen_cloudy_lilac_247533_1_4g_3bfcefd.jpg/feed-media.jpg,https://www.labiosthetique.de/eyeshadow-pen?childSku=4040218829099,/eyeshadow-pen?childSku=4040218829099,016301,Can be used as an eyeshadow or an liner: Eyeshadow Pen with a soft and creamy texture that is easy to apply and blend,"23,50 €",0,"1,4 g",Make-up,Apply the Eyeshadow Pen as an eyeshadow to the whole top lid or as an eyeliner along the lashes. The colour is easy to blend with the fingers or a brush.,"DIMETHICONE, MICA, SILICA, ISOAMYL COCOATE, SUCROSE TETRASTEARATE TRIACETATE, CI 77499 (IRON OXIDES), POLYBUTENE, CI 77891 (TITANIUM DIOXIDE), HYDROGENATED JOJOBA OIL, SYNTHETIC WAX, TRIMETHYLSILOXYSILICATE/DIMETHICONOL CROSSPOLYMER, CI 77491 (IRON OXIDES), GLYCERYL CAPRYLATE, SILICA SILYLATE, PENTAERYTHRITYL TETRA-DI-T-BUTYL HYDROXYHYDROCINNAMATE, ETHYLENE/METHACRYLATE COPOLYMER, TIN OXIDE, ISOPROPYL TITANIUM TRIISOSTEARATE",no,yes,ja
Spa Wellness Hair Shampoo,de,https://image.labiosthetique.com/i/square-1440/m2-product:spa_wellness_hair_shampoo_329927_250ml_6bca0d7.jpg/feed-media.jpg,https://www.labiosthetique.de/spa-wellness-hair-shampoo?childSku=4040218855999,/spa-wellness-hair-shampoo?childSku=4040218855999,120725,Wellness-Shampoo für die tägliche Haarwäsche,"25,00 €","100,00 € / 1 l",250 ml,Haar- & Kopfhautpflege,Eine haselnussgroße Menge im feuchten Haar verteilen und aufschäumen. Die Kopfhaut dabei mit den Fingerspitzen massieren. Mit reichlich warmem Wasser ausspülen.,"AQUA (WATER), LAURYL GLUCOSIDE , SODIUM LAURETH SULFATE, SODIUM LAUROYL OAT AMINO ACIDS, PARFUM (FRAGRANCE), BETAINE, HYDROXYPROPYL GUAR HYDROXYPROPYLTRIMONIUM CHLORIDE, FRUCTOOLIGOSACCHARIDES, ALPHA-GLUCAN OLIGOSACCHARIDE, BETA VULGARIS (BEET) ROOT EXTRACT, INULIN, MARIS SAL (SEA SALT), PHENOXYETHANOL, SODIUM BENZOATE, SODIUM GLUCONATE, SODIUM LACTATE, COCO-GLUCOSIDE , GLYCERYL OLEATE, LACTIC ACID, TETRAMETHYL ACETYLOCTAHYDRONAPHTHALENES, TROMETHAMINE, LIMONENE, SODIUM CITRATE, BENZOIC ACID, CITRUS LIMON PEEL OIL, SODIUM POLYPHOSPHATE, CITRUS AURANTIUM PEEL OIL, DEHYDROACETIC ACID, CITRIC ACID, POTASSIUM LACTATE, TETRASODIUM EDTA, PINENE, CITRAL, ETHYLHEXYLGLYCERIN, TOCOPHEROL, HYDROGENATED VEGETABLE GLYCERIDES CITRATE, LECITHIN, ASCORBYL PALMITATE",yes,no,ja
Spa Wellness Hair Shampoo,en,https://image.labiosthetique.com/i/square-1440/m2-product:spa_wellness_hair_shampoo_329927_250ml_6bca0d7.jpg/feed-media.jpg,https://www.labiosthetique.de/spa-wellness-hair-shampoo?childSku=4040218855999,/spa-wellness-hair-shampoo?childSku=4040218855999,120725,Wellness shampoo for daily hair-washing.,"25,00 €","100,00 € / 1 l",250 ml,Hair & scalp care,Distribute a hazelnut-sized amount into damp hair and lather while massaging the scalp with your fingertips. Rinse out with plenty of warm water.,"AQUA (WATER), LAURYL GLUCOSIDE , SODIUM LAURETH SULFATE, SODIUM LAUROYL OAT AMINO ACIDS, PARFUM (FRAGRANCE), BETAINE, HYDROXYPROPYL GUAR HYDROXYPROPYLTRIMONIUM CHLORIDE, FRUCTOOLIGOSACCHARIDES, ALPHA-GLUCAN OLIGOSACCHARIDE, BETA VULGARIS (BEET) ROOT EXTRACT, INULIN, MARIS SAL (SEA SALT), PHENOXYETHANOL, SODIUM BENZOATE, SODIUM GLUCONATE, SODIUM LACTATE, COCO-GLUCOSIDE , GLYCERYL OLEATE, LACTIC ACID, TETRAMETHYL ACETYLOCTAHYDRONAPHTHALENES, TROMETHAMINE, LIMONENE, SODIUM CITRATE, BENZOIC ACID, CITRUS LIMON PEEL OIL, SODIUM POLYPHOSPHATE, CITRUS AURANTIUM PEEL OIL, DEHYDROACETIC ACID, CITRIC ACID, POTASSIUM LACTATE, TETRASODIUM EDTA, PINENE, CITRAL, ETHYLHEXYLGLYCERIN, TOCOPHEROL, HYDROGENATED VEGETABLE GLYCERIDES CITRATE, LECITHIN, ASCORBYL PALMITATE",yes,no,ja
glam + colour Icy Crystal .07 .LV Colouring Conditioner,de,https://image.labiosthetique.com/i/square-1440/m2-product:glam_colour_icy_crystal_.07_.lv_colouring_conditioner_381819_150ml_992a2dd.jpg/feed-media.jpg,https://www.labiosthetique.de/glam-colour-icy-crystal-07-lv-colouring-conditioner,/glam-colour-icy-crystal-07-lv-colouring-conditioner,120107,"Der pflegende, restrukturierende Farbconditioner mit Farbschutz und UV-Glanz-Komplex neutralisiert den Gelbstich und frischt den eisig kühlen Kristallreflex in blondiertem, coloriertem und naturblondem Haar auf.","29,50 €","196,67 € / 1 l",150 ml,Haar- & Kopfhautpflege,"Icy Crystal .07 .LV Colouring Conditioner gleichmäßig im gewaschenen, handtuchtrockenen Haar verteilen. 1–2 Minuten einwirken lassen und anschließend gründlich ausspülen.","AQUA (WATER), CETEARYL ALCOHOL, CAPRYLIC/CAPRIC TRIGLYCERIDE, SIMMONDSIA CHINENSIS (JOJOBA) SEED OIL, SQUALANE, BEHENTRIMONIUM METHOSULFATE, CETRIMONIUM CHLORIDE, DIMETHYLPABAMIDOPROPYL LAURDIMONIUM TOSYLATE, PHENOXYETHANOL, PARFUM (FRAGRANCE), BUTYLENE GLYCOL, DISODIUM DISTYRYLBIPHENYL DISULFONATE, PANTHENOL, ETHYLHEXYLGLYCERIN, TETRAMETHYL ACETYLOCTAHYDRONAPHTHALENES, HELIANTHUS ANNUUS (SUNFLOWER) SEED EXTRACT, CITRIC ACID, LACTIC ACID, CITRUS AURANTIUM BERGAMIA (BERGAMOT) PEEL OIL, LIMONENE, LINALOOL, ACID VIOLET 43, TOCOPHEROL, BASIC VIOLET 2, SODIUM POLYPHOSPHATE",no,no,ja
glam + colour Icy Crystal .07 .LV Colouring Conditioner,en,https://image.labiosthetique.com/i/square-1440/m2-product:glam_colour_icy_crystal_.07_.lv_colouring_conditioner_381819_150ml_992a2dd.jpg/feed-media.jpg,https://www.labiosthetique.de/glam-colour-icy-crystal-07-lv-colouring-conditioner,/glam-colour-icy-crystal-07-lv-colouring-conditioner,120107,"Conditions and fortifies cool naturally blonde, colored and bleached hair. The hair is not only moisturized, it is left refreshed with a radiant crystal shimmer.","29,50 €","196,67 € / 1 l",150 ml,Hair & scalp care,"Evenly distribute and knead Glam Color No Yellow Conditioner .07 Crystal into washed, towel-dried hair. Allow to take effect for 1 – 2 minutes. Then rinse thoroughly. No Yellow Conditioner .07 Crystal doesn’t stain the skin and can easily be used under the shower.","AQUA (WATER), CETEARYL ALCOHOL, CAPRYLIC/CAPRIC TRIGLYCERIDE, SIMMONDSIA CHINENSIS (JOJOBA) SEED OIL, SQUALANE, BEHENTRIMONIUM METHOSULFATE, CETRIMONIUM CHLORIDE, DIMETHYLPABAMIDOPROPYL LAURDIMONIUM TOSYLATE, PHENOXYETHANOL, PARFUM (FRAGRANCE), BUTYLENE GLYCOL, DISODIUM DISTYRYLBIPHENYL DISULFONATE, PANTHENOL, ETHYLHEXYLGLYCERIN, TETRAMETHYL ACETYLOCTAHYDRONAPHTHALENES, HELIANTHUS ANNUUS (SUNFLOWER) SEED EXTRACT, CITRIC ACID, LACTIC ACID, CITRUS AURANTIUM BERGAMIA (BERGAMOT) PEEL OIL, LIMONENE, LINALOOL, ACID VIOLET 43, TOCOPHEROL, BASIC VIOLET 2, SODIUM POLYPHOSPHATE",no,no,ja
Automatic Pencil for Lips LL32 Rosewood,de,https://image.labiosthetique.com/i/square-1440/m2-product:automatic_pencil_for_lips_ll32_rosewood_247661_0_35g_bcf0a7c.jpg/feed-media.jpg,https://www.labiosthetique.de/automatic-pencil-for-lips?childSku=4040218888799,/automatic-pencil-for-lips?childSku=4040218888799,019055,"Der wasserfeste Lippenkonturen-Stift zaubert wunderschöne, definierte Lippen.","25,00 €",0,"0,35 g",Make-Up,Den Stift aus der Automatikhülle herausdrehen und die Lippenkontur sanft nachziehen oder nuancieren. Achtung: der Stift kann nicht zurückgedreht werden!,"C9-12 ALKANE, MICA, BIS-BEHENYL/ISOSTEARYL/PHYTOSTERYL DIMER DILINOLEYL DIMER DILINOLEATE, SUCROSE TETRASTEARATE TRIACETATE, CI 77891 (TITANIUM DIOXIDE), HYDROGENATED CASTOR OIL, SYNTHETIC WAX, CI 77491 (IRON OXIDES), COPERNICIA CERIFERA CERA (CARNAUBA WAX), POLYGLYCERYL-4 DIISOSTEARATE/POLYHYDROXYSTEARATE/SEBACATE, CI 77492 (IRON OXIDES), CI 77499 (IRON OXIDES), CI 15985 (YELLOW 6 LAKE), DISTEARDIMONIUM HECTORITE, CI 15850 (RED 7), TOCOPHEROL, PROPYLENE CARBONATE",yes,yes,ja
Automatic Pencil for Lips LL32 Rosewood,en,https://image.labiosthetique.com/i/square-1440/m2-product:automatic_pencil_for_lips_ll32_rosewood_247661_0_35g_bcf0a7c.jpg/feed-media.jpg,https://www.labiosthetique.de/automatic-pencil-for-lips?childSku=4040218888799,/automatic-pencil-for-lips?childSku=4040218888799,019055,The waterproof lip liner creates wonderfully defined lips.,"25,00 €",0,"0,35 g",Make-up,Twist the liner out of the automatic case and gently outline or shade the lip line. Caution: you cannot twist the liner back into the case!,"C9-12 ALKANE, MICA, BIS-BEHENYL/ISOSTEARYL/PHYTOSTERYL DIMER DILINOLEYL DIMER DILINOLEATE, SUCROSE TETRASTEARATE TRIACETATE, CI 77891 (TITANIUM DIOXIDE), HYDROGENATED CASTOR OIL, SYNTHETIC WAX, CI 77491 (IRON OXIDES), COPERNICIA CERIFERA CERA (CARNAUBA WAX), POLYGLYCERYL-4 DIISOSTEARATE/POLYHYDROXYSTEARATE/SEBACATE, CI 77492 (IRON OXIDES), CI 77499 (IRON OXIDES), CI 15985 (YELLOW 6 LAKE), DISTEARDIMONIUM HECTORITE, CI 15850 (RED 7), TOCOPHEROL, PROPYLENE CARBONATE",yes,yes,ja
Hairloss Control Set,de,https://image.labiosthetique.com/i/square-1440/m2-product:hairloss_control_set_167702_1Set_18802b8.jpg/feed-media.jpg,https://www.labiosthetique.de/hairloss-control-set,/hairloss-control-set,012262,"Exklusives Anti-Aging-Pflegeset für dünner werdendes Haar. Die Kombination aus Hairloss Control Shampoo (250ml), Hairloss Control Scalp Lotion (100ml) & einer Scalp Brush stärkt die Haarwurzeln, reduziert Haarausfall und fördert sichtbar dichteres, kräftigeres Haar.","105,00 €",0,1 set,Haar- & Kopfhautpflege,"Hairloss Control Shampoo Gleichmäßig im Haar und auf der Kopfhaut verteilen, kurz einwirken lassen und gründlich ausspülen. Hairloss Control Scalp Lotion Nach der Haarwäsche scheitelweise auf die Kopfhaut applizieren und leicht einmassieren. Scalp Brush Beim Shampoonieren: Shampoo aufschäumen und mit der Bürste sanft einmassieren, um die Reinigung zu intensivieren und die Kopfhaut zu beleben. Als Haarpflege: Maske oder Conditioner in Längen und Spitzen verteilen und mit der Bürste einkämmen, damit jedes Haar gleichmäßig mit Pflege umhüllt wird. Als Kopfhautmassage: Auf trockener Kopfhaut anwenden, um die Mikrozirkulation anzuregen und die Kopfhaut zu entspannen.""","Hairloss Control Shampoo INGREDIENTS: AQUA (WATER), SODIUM LAURETH SULFATE, COCAMIDOPROPYL BETAINE, SODIUM CHLORIDE, PHENOXYETHANOL, TROMETHAMINE, PANTHENOL, POLYQUATERNIUM-7, SODIUM BENZOATE, BENZOIC ACID, POLYQUATERNIUM-10, LACTIC ACID, ETHYLHEXYLGLYCERIN, SODIUM POLYPHOSPHATE, PARFUM (FRAGRANCE), CITRIC ACID, ALCOHOL, CHLORELLA VULGARIS/LUPINUS ALBUS PROTEIN FERMENT, KERATIN, MALUS DOMESTICA FRUIT CELL CULTURE EXTRACT, MANNITOL, PHOSPHATIDYLCHOLINE, GLYCERIN, HYDROLYZED KERATIN, LECITHIN, POTASSIUM SORBATE, POLYGLYCERYL-10 LAURATE, XANTHAN GUM, SODIUM ACETATE, CETYL ALCOHOL, LEONTOPODIUM ALPINUM FLOWER/LEAF EXTRACT, NIACINAMIDE, SORBITAN OLEATE, ISOPROPYL ALCOHOL, CAPRYLYL GLYCOL, CETRIMONIUM CHLORIDE, SODIUM LACTATE, SALVIA MILTIORRHIZA LEAF EXTRACT, PORPHYRA UMBILICALIS EXTRACT , TOCOPHEROL, PHYTOSPHINGOSINE Hairloss Control Scalp Lotion INGREDIENTS: AQUA (WATER), ALCOHOL DENAT., PANAX GINSENG ROOT EXTRACT, VP/VA COPOLYMER, HYDROXYPROPYL GUAR, ARGININE, ACETYL TYROSINE, ARCTIUM MAJUS ROOT EXTRACT, HYDROLYZED SOY PROTEIN, PHENOXYETHANOL, CALCIUM PANTOTHENATE , ZINC GLUCONATE, MALUS DOMESTICA FRUIT CELL CULTURE EXTRACT, GLYCERIN, NIACINAMIDE, ORNITHINE HCL, CHLORELLA VULGARIS/LUPINUS ALBUS PROTEIN FERMENT, CITRULLINE, MANNITOL, PHOSPHATIDYLCHOLINE, GLUCOSAMINE HCL, XANTHAN GUM, DISODIUM SUCCINATE, SODIUM BENZOATE, POTASSIUM SORBATE, POLYGLYCERYL-10 LAURATE, CETYL ALCOHOL, BIOTIN, CITRIC ACID, LECITHIN, LEONTOPODIUM ALPINUM FLOWER/LEAF EXTRACT, CAPRYLYL GLYCOL, SORBITAN OLEATE, HYDROGEN PEROXIDE, SALVIA MILTIORRHIZA LEAF EXTRACT, SODIUM METABISULFITE, CETRIMONIUM CHLORIDE, LARIX EUROPAEA WOOD EXTRACT, PHYTOSPHINGOSINE, GLYCINE, CAMELLIA SINENSIS LEAF EXTRACT, ZINC CHLORIDE",no,no,nein
Hairloss Control Set,en,https://image.labiosthetique.com/i/square-1440/m2-product:hairloss_control_set_167702_1Set_18802b8.jpg/feed-media.jpg,https://www.labiosthetique.de/hairloss-control-set,/hairloss-control-set,012262,"Exclusive anti-aging hair care set for thinning hair. The combination of Hairloss Control Shampoo (250 ml), Hairloss Control Scalp Lotion (100 ml), and a scalp brush strengthens hair roots, reduces hair loss, and promotes visibly thicker, stronger hair.","105,00 €",0,1 set,Hair & scalp care,"Hairloss Control Shampoo Distribute evenly through the hair and onto the scalp, leave on briefly, and rinse thoroughly. Hairloss Control Scalp Lotion After shampooing, apply to the scalp section by section and massage in gently. Scalp Brush When shampooing: Lather the shampoo and gently massage it in with the brush to intensify cleansing and revitalize the scalp. For hair care: Apply a mask or conditioner to the lengths and ends, then comb through with the brush to ensure every strand is evenly coated with the product. For a scalp massage: Apply to a dry scalp to stimulate microcirculation and relax the scalp.","Hairloss Control Shampoo INGREDIENTS: AQUA (WATER), SODIUM LAURETH SULFATE, COCAMIDOPROPYL BETAINE, SODIUM CHLORIDE, PHENOXYETHANOL, TROMETHAMINE, PANTHENOL, POLYQUATERNIUM-7, SODIUM BENZOATE, BENZOIC ACID, POLYQUATERNIUM-10, LACTIC ACID, ETHYLHEXYLGLYCERIN, SODIUM POLYPHOSPHATE, PARFUM (FRAGRANCE), CITRIC ACID, ALCOHOL, CHLORELLA VULGARIS/LUPINUS ALBUS PROTEIN FERMENT, KERATIN, MALUS DOMESTICA FRUIT CELL CULTURE EXTRACT, MANNITOL, PHOSPHATIDYLCHOLINE, GLYCERIN, HYDROLYZED KERATIN, LECITHIN, POTASSIUM SORBATE, POLYGLYCERYL-10 LAURATE, XANTHAN GUM, SODIUM ACETATE, CETYL ALCOHOL, LEONTOPODIUM ALPINUM FLOWER/LEAF EXTRACT, NIACINAMIDE, SORBITAN OLEATE, ISOPROPYL ALCOHOL, CAPRYLYL GLYCOL, CETRIMONIUM CHLORIDE, SODIUM LACTATE, SALVIA MILTIORRHIZA LEAF EXTRACT, PORPHYRA UMBILICALIS EXTRACT , TOCOPHEROL, PHYTOSPHINGOSINE Hairloss Control Scalp Lotion INGREDIENTS: AQUA (WATER), ALCOHOL DENAT., PANAX GINSENG ROOT EXTRACT, VP/VA COPOLYMER, HYDROXYPROPYL GUAR, ARGININE, ACETYL TYROSINE, ARCTIUM MAJUS ROOT EXTRACT, HYDROLYZED SOY PROTEIN, PHENOXYETHANOL, CALCIUM PANTOTHENATE , ZINC GLUCONATE, MALUS DOMESTICA FRUIT CELL CULTURE EXTRACT, GLYCERIN, NIACINAMIDE, ORNITHINE HCL, CHLORELLA VULGARIS/LUPINUS ALBUS PROTEIN FERMENT, CITRULLINE, MANNITOL, PHOSPHATIDYLCHOLINE, GLUCOSAMINE HCL, XANTHAN GUM, DISODIUM SUCCINATE, SODIUM BENZOATE, POTASSIUM SORBATE, POLYGLYCERYL-10 LAURATE, CETYL ALCOHOL, BIOTIN, CITRIC ACID, LECITHIN, LEONTOPODIUM ALPINUM FLOWER/LEAF EXTRACT, CAPRYLYL GLYCOL, SORBITAN OLEATE, HYDROGEN PEROXIDE, SALVIA MILTIORRHIZA LEAF EXTRACT, SODIUM METABISULFITE, CETRIMONIUM CHLORIDE, LARIX EUROPAEA WOOD EXTRACT, PHYTOSPHINGOSINE, GLYCINE, CAMELLIA SINENSIS LEAF EXTRACT, ZINC CHLORIDE",no,no,nein
Pencil for Eyes Violet Silk,de,https://image.labiosthetique.com/i/square-1440/m2-product:pencil_for_eyes_violet_silk_388826_1_06g_fdde857.jpg/feed-media.jpg,https://www.labiosthetique.de/pencil-for-eyes?childSku=4040218875898,/pencil-for-eyes?childSku=4040218875898,017524,Der herrlich sanfte Kajal lässt sich durch seine einzigartig geschmeidige Textur hochpräzise auftragen und verleiht den Augen eine natürlich wache Ausstrahlungskraft.,"22,00 €","20,75 € / 1 g","1,06 g",Make-Up,Pencil for Eyes auf den inneren Rand der Augen oder am unteren und/oder oberen Wimpernansatz sanft auftragen.,"HYDROGENATED JOJOBA OIL, CI 77007 (ULTRAMARINES), CAPRYLIC/CAPRIC TRIGLYCERIDE, HYDROGENATED VEGETABLE OIL, SIMMONDSIA CHINENSIS (JOJOBA) SEED OIL, BUTYROSPERMUM PARKII (SHEA) BUTTER, CANOLA OIL, MICA, SCLEROCARYA BIRREA (MARULA) SEED OIL, CI 77499 (IRON OXIDES), CI 75470 (CARMINE), CI 77891 (TITANIUM DIOXIDE), CANDELILLA CERA (EUPHORBIA CERIFERA WAX), MALTODEXTRIN, GLYCERYL CAPRYLATE, COPERNICIA CERIFERA CERA (CARNAUBA WAX), TOCOPHEROL, HELIANTHUS ANNUUS (SUNFLOWER) SEED OIL, ASCORBYL PALMITATE",yes,no,ja
Pencil for Eyes Violet Silk,en,https://image.labiosthetique.com/i/square-1440/m2-product:pencil_for_eyes_violet_silk_388826_1_06g_fdde857.jpg/feed-media.jpg,https://www.labiosthetique.de/pencil-for-eyes?childSku=4040218875898,/pencil-for-eyes?childSku=4040218875898,017524,"The wonderfully soft eye pencil features a uniquely silky texture for high-precision application and naturally wide awake, beautifully radiant eyes","22,00 €","20,75 € / 1 g","1,06 g",Make-up,Gently apply Pencil for Eyes to the inside edge of your eyes or on the bottom and/or top lashes.,"HYDROGENATED JOJOBA OIL, CI 77007 (ULTRAMARINES), CAPRYLIC/CAPRIC TRIGLYCERIDE, HYDROGENATED VEGETABLE OIL, SIMMONDSIA CHINENSIS (JOJOBA) SEED OIL, BUTYROSPERMUM PARKII (SHEA) BUTTER, CANOLA OIL, MICA, SCLEROCARYA BIRREA (MARULA) SEED OIL, CI 77499 (IRON OXIDES), CI 75470 (CARMINE), CI 77891 (TITANIUM DIOXIDE), CANDELILLA CERA (EUPHORBIA CERIFERA WAX), MALTODEXTRIN, GLYCERYL CAPRYLATE, COPERNICIA CERIFERA CERA (CARNAUBA WAX), TOCOPHEROL, HELIANTHUS ANNUUS (SUNFLOWER) SEED OIL, ASCORBYL PALMITATE",yes,no,ja
Harmonising Wellness Tea Beutel,de,https://image.labiosthetique.com/i/square-1440/m2-product:harmonising_wellness_tea_beutel_405842_30g_c63bcfe.jpg/feed-media.jpg,https://www.labiosthetique.de/harmonising-wellness-tea?childSku=4040218879698,/harmonising-wellness-tea?childSku=4040218879698,002142,Der harmonisierende Wellness Tee bringt den Körper von innen in wohltuende Balance. Seine Zutaten aus kontrolliert biologischem Anbau sind von der beliebten Duftkomposition der Spa Körperpflege inspiriert. Wir sind biozertifiziert: DE-ÖKO-007,"12,50 €","416,67 € / 1 kg",30 g,Hautpflege,Einen Pyramidenbeutel pro Tasse mit kochendem Wasser aufbrühen und 7-10 Minuten ziehen lassen.,keine Angabe,no,no,ja
Harmonising Wellness Tea Pyramid bag,en,https://image.labiosthetique.com/i/square-1440/m2-product:harmonising_wellness_tea_beutel_405842_30g_c63bcfe.jpg/feed-media.jpg,https://www.labiosthetique.de/harmonising-wellness-tea?childSku=4040218879698,/harmonising-wellness-tea?childSku=4040218879698,002142,The harmonising wellness tea imparts a soothing balance to the body from the inside. Its ingredients from certified organic cultivation are inspired by the popular fragrance composition of the Spa body care range.,"12,50 €","416,67 € / 1 kg",30 g,Skin care,Pour boiling water onto a pyramid bag in a cup and leave to steep for 7–10 minutes.,not specified,no,no,ja
Scalp Care Set Méthode Clarifiante ,de,https://image.labiosthetique.com/i/square-1440/m2-product:scalp_care_set_m_thode_clarifiante_411245_1Set_4e4ffe5.jpg/feed-media.jpg,https://www.labiosthetique.de/scalp-care-set-methode-clarifiante,/scalp-care-set-methode-clarifiante,012938,"Die Pflegeroutine der Méthode Clarifiante reguliert die übermäßige Schweißproduktion, bringt die Kopfhaut ins Gleichgewicht und verbessert die Haarqualität – für langanhaltende Frische und sichtbar gesunde Haare.","37,50 €",0,1 set,Haar- & Kopfhautpflege,"Das Moisture Control Shampoo gleichmäßig im feuchten Haar und auf der Kopfhaut verteilen, kurz einwirken lassen und gründlich ausspülen. Anschließend die Moisture Control Scalp Lotion scheitelweise auf die Kopfhaut auftragen und sanft einmassieren. Nicht ausspülen.","Moisture Control Shampoo INGREDIENTS: AQUA (WATER), SODIUM LAURETH SULFATE, DISODIUM LAURETH SULFOSUCCINATE, CAPRYLYL/CAPRYL GLUCOSIDE, LAURYL PYRROLIDONE, PROPANEDIOL, POLYGLYCERYL-3 OLEATE, SODIUM BENZOATE, SODIUM CHLORIDE, PARFUM (FRAGRANCE), BETAINE, ACETIC ACID, TETRAMETHYL ACETYLOCTAHYDRONAPHTHALENES, BENZOIC ACID, FOMES OFFICINALIS (MUSHROOM) EXTRACT, CITRIC ACID, POTASSIUM SORBATE, LIMONENE, CITRUS LIMON (LEMON) PEEL OIL, PINENE Moisture Control Scalp Lotion INGREDIENTS: AQUA (WATER), ALCOHOL DENAT., PROPANEDIOL, NIACINAMIDE, LYSINE ASPARTATE, ETHOXYDIGLYCOL, FOMES OFFICINALIS (MUSHROOM) EXTRACT, SODIUM BENZOATE, COCO-BETAINE, SODIUM CHLORIDE, LACTIC ACID, PARFUM (FRAGRANCE), TETRAMETHYL ACETYLOCTAHYDRONAPHTHALENES, LIMONENE, CITRUS LIMON (LEMON) PEEL OIL, PINENE",yes,yes,ja
Scalp Care Set Méthode Clarifiante ,en,https://image.labiosthetique.com/i/square-1440/m2-product:scalp_care_set_m_thode_clarifiante_411245_1Set_4e4ffe5.jpg/feed-media.jpg,https://www.labiosthetique.de/scalp-care-set-methode-clarifiante,/scalp-care-set-methode-clarifiante,012938,"The Méthode Clarifiante care routine regulates excessive sweat production, restores the balance of the scalp and improves the hair quality – for long-lasting freshness and visibly healthy hair.","37,50 €",0,1 set,Hair & scalp care,"Distribute Moisture Control Shampoo evenly in moist hair and on the scalp, briefly leave it to take effect, then rinse it out thoroughly. Next, apply Moisture Control Scalp Lotion along the parting of the scalp and gently massage it in. Do not rinse it out.","Moisture Control Shampoo INGREDIENTS: AQUA (WATER), SODIUM LAURETH SULFATE, DISODIUM LAURETH SULFOSUCCINATE, CAPRYLYL/CAPRYL GLUCOSIDE, LAURYL PYRROLIDONE, PROPANEDIOL, POLYGLYCERYL-3 OLEATE, SODIUM BENZOATE, SODIUM CHLORIDE, PARFUM (FRAGRANCE), BETAINE, ACETIC ACID, TETRAMETHYL ACETYLOCTAHYDRONAPHTHALENES, BENZOIC ACID, FOMES OFFICINALIS (MUSHROOM) EXTRACT, CITRIC ACID, POTASSIUM SORBATE, LIMONENE, CITRUS LIMON (LEMON) PEEL OIL, PINENE Moisture Control Scalp Lotion INGREDIENTS: AQUA (WATER), ALCOHOL DENAT., PROPANEDIOL, NIACINAMIDE, LYSINE ASPARTATE, ETHOXYDIGLYCOL, FOMES OFFICINALIS (MUSHROOM) EXTRACT, SODIUM BENZOATE, COCO-BETAINE, SODIUM CHLORIDE, LACTIC ACID, PARFUM (FRAGRANCE), TETRAMETHYL ACETYLOCTAHYDRONAPHTHALENES, LIMONENE, CITRUS LIMON (LEMON) PEEL OIL, PINENE",yes,yes,ja
Comforting Hydro Toner,de,https://image.labiosthetique.com/i/square-1440/m2-product:comforting_hydro_toner_392037_50ml_8643769.jpg/feed-media.jpg,https://www.labiosthetique.de/comforting-hydro-toner?childSku=4040218868197,/comforting-hydro-toner?childSku=4040218868197,003737,"Das wohltuende Gesichtswasser lindert die Symptome einer empfindlichen, gereizten Haut, versorgt sie mit reicher Feuchtigkeit und bereitet sie optimal auf die nachfolgenden Pflegeschritte vor. Ideal auch in Kombination mit Méthode Clarifiante Skin Care nach der Hautreinigung.","6,50 €","130,00 € / 1 l",50 ml,Hautpflege,"Morgens und abends nach der Reinigung mit einem Wattepad oder dem Sprüher auf die Haut von Gesicht, Hals und Dekolleté auftragen.","AQUA (WATER), GLYCERIN, SORBITOL, HYDROXYPHENYL PROPAMIDOBENZOIC ACID, PANTHENOL, ASCORBYL PALMITATE, TOCOPHEROL, ETHYLHEXYLGLYCERIN, BUTYLENE GLYCOL, PENTYLENE GLYCOL, CITRIC ACID, PHENOXYETHANOL",yes,yes,ja
Comforting Hydro Toner,en,https://image.labiosthetique.com/i/square-1440/m2-product:comforting_hydro_toner_392037_50ml_8643769.jpg/feed-media.jpg,https://www.labiosthetique.de/comforting-hydro-toner?childSku=4040218868197,/comforting-hydro-toner?childSku=4040218868197,003737,"The soothing toner alleviates the symptoms of sensitive, irritated skin, supplies it with rich moisture and perfectly prepares it for the subsequent care steps. Ideal in combination with Méthode Clarifiante.","6,50 €","130,00 € / 1 l",50 ml,Skin care,"In the morning and evening, use a cotton pad or the sprayer to apply the toner to the skin on the face, neck and décolleté.","AQUA (WATER), GLYCERIN, SORBITOL, HYDROXYPHENYL PROPAMIDOBENZOIC ACID, PANTHENOL, ASCORBYL PALMITATE, TOCOPHEROL, ETHYLHEXYLGLYCERIN, BUTYLENE GLYCOL, PENTYLENE GLYCOL, CITRIC ACID, PHENOXYETHANOL",yes,yes,ja
Hairloss Control Scalp Concentrate,de,https://image.labiosthetique.com/i/square-1440/m2-product:hairloss_control_scalp_concentrate_384383_100ml_4e2f9e9.jpg/feed-media.jpg,https://www.labiosthetique.de/hairloss-control-scalp-concentrate,/hairloss-control-scalp-concentrate,120931,"Das Kopfhautkonzentrat revitalisiert die Haarwurzeln und verlängert den Lebenszyklus der Haare. Haarausfall wird mit differenzierten Wirkmechanismen bekämpft, das Haarwachstum gefördert, die Qualität und Dichte der Haare werden deutlich verbessert. Für alle Liebhaber von Thérapie Anti-Chute Premium wird dies Ihr neues Lieblingsprodukt.","158,50 €","1.585,00 € / 1 l",100 ml,Haar- & Kopfhautpflege,"Den Inhalt einer Ampulle scheitelweise auf der Kopfhaut verteilen und leicht einmassieren. Vor dem Föhnen einziehen lassen. Zur Intensivbehandlung empfiehlt sich die Anwendung idealerweise jeden 2. Tag über einen Zeitraum von drei Monaten. Zur Prophylaxe, bei altersbedingt schwächer werdendem Haarwuchs und wenn in der Familie eine Tendenz zu Haarausfall erkennbar ist, empfiehlt sich eine dauerhaft vorbeugende Behandlung mit 1–2 Ampullen pro Woche. Gleiches gilt bei altersbedingt geschwächtem Haar.","AQUA (WATER), ALCOHOL DENAT., GLYCERIN, PANAX GINSENG ROOT EXTRACT, PHENOXYETHANOL, ARGININE, ACETYL TYROSINE, ARCTIUM MAJUS ROOT EXTRACT, HYDROLYZED SOY PROTEIN, HYDROXYPROPYL GUAR, MANNITOL, PHOSPHATIDYLCHOLINE, CALCIUM PANTOTHENATE , ZINC GLUCONATE, MALUS DOMESTICA FRUIT CELL CULTURE EXTRACT, ETHYLHEXYLGLYCERIN, NIACINAMIDE, ORNITHINE HCL, XANTHAN GUM, TROMETHAMINE, LACTIC ACID, CHLORELLA VULGARIS/LUPINUS ALBUS PROTEIN FERMENT, POLYGLYCERYL-10 LAURATE, CITRULLINE, CETYL ALCOHOL, SODIUM BENZOATE, POTASSIUM SORBATE, CITRIC ACID, LEONTOPODIUM ALPINUM FLOWER/LEAF EXTRACT, GLUCOSAMINE HCL, SORBITAN OLEATE, BIOTIN, DISODIUM SUCCINATE, SODIUM METABISULFITE, CETRIMONIUM CHLORIDE, LARIX EUROPAEA WOOD EXTRACT, CAPRYLYL GLYCOL, LECITHIN, SALVIA MILTIORRHIZA LEAF EXTRACT, PHYTOSPHINGOSINE, GLYCINE, CAMELLIA SINENSIS LEAF EXTRACT, PALMITOYL TETRAPEPTIDE-20, ZINC CHLORIDE, TOCOPHEROL",yes,yes,ja
Hairloss Control Scalp Concentrate,en,https://image.labiosthetique.com/i/square-1440/m2-product:hairloss_control_scalp_concentrate_384383_100ml_4e2f9e9.jpg/feed-media.jpg,https://www.labiosthetique.de/hairloss-control-scalp-concentrate,/hairloss-control-scalp-concentrate,120931,"The scalp concentrate revitalises the hair roots and prolongs the life cycle of the hair. It uses differentiated effect mechanisms to combat hair loss, promote hair growth and significantly improve the quality and density of the hair.","158,50 €","1.585,00 € / 1 l",100 ml,Hair & scalp care,"Apply the contents of one ampoule to the scalp along the parting and massage in gently. Allow to absorb before blow-drying. For intensive treatment, we recommend that you ideally apply the product every other day over a period of three months. For prophylaxis in the case of age-related weakening hair growth and if there is a recognisable tendency towards hair loss in the family, long-term preventive treatment with 1–2 ampoules per week is recommended. The same applies to age-related weakened hair.","AQUA (WATER), ALCOHOL DENAT., GLYCERIN, PANAX GINSENG ROOT EXTRACT, PHENOXYETHANOL, ARGININE, ACETYL TYROSINE, ARCTIUM MAJUS ROOT EXTRACT, HYDROLYZED SOY PROTEIN, HYDROXYPROPYL GUAR, MANNITOL, PHOSPHATIDYLCHOLINE, CALCIUM PANTOTHENATE , ZINC GLUCONATE, MALUS DOMESTICA FRUIT CELL CULTURE EXTRACT, ETHYLHEXYLGLYCERIN, NIACINAMIDE, ORNITHINE HCL, XANTHAN GUM, TROMETHAMINE, LACTIC ACID, CHLORELLA VULGARIS/LUPINUS ALBUS PROTEIN FERMENT, POLYGLYCERYL-10 LAURATE, CITRULLINE, CETYL ALCOHOL, SODIUM BENZOATE, POTASSIUM SORBATE, CITRIC ACID, LEONTOPODIUM ALPINUM FLOWER/LEAF EXTRACT, GLUCOSAMINE HCL, SORBITAN OLEATE, BIOTIN, DISODIUM SUCCINATE, SODIUM METABISULFITE, CETRIMONIUM CHLORIDE, LARIX EUROPAEA WOOD EXTRACT, CAPRYLYL GLYCOL, LECITHIN, SALVIA MILTIORRHIZA LEAF EXTRACT, PHYTOSPHINGOSINE, GLYCINE, CAMELLIA SINENSIS LEAF EXTRACT, PALMITOYL TETRAPEPTIDE-20, ZINC CHLORIDE, TOCOPHEROL",yes,yes,ja
Clarifying Spot Gel,de,https://image.labiosthetique.com/i/square-1440/m2-product:clarifying_spot_gel_396279_15ml_66db2a2.jpg/feed-media.jpg,https://www.labiosthetique.de/clarifying-spot-gel,/clarifying-spot-gel,002739,Klärendes Hydrogel zur gezielten und effektiven Behandlung der betroffenen Hautstellen bei Mitessern und Pickeln. Für alle Liebhaber von Likopan Gel wird dies Ihr neues Lieblingsprodukt.,"24,50 €","1.633,33 € / 1 l",15 ml,Hautpflege,"Direkt auf die von Unreinheiten betroffenen, gereinigten Hautpartien auftragen und einwirken lassen. Die punktuelle Anwendung des Gels kann mehrmals täglich wiederholt werden.","AQUA (WATER), ALCOHOL DENAT., HYDROXYPROPYL GUAR, GARCINIA MANGOSTANA PEEL EXTRACT, DIPOTASSIUM GLYCYRRHIZATE, PROPANEDIOL",yes,yes,ja
Clarifying Spot Gel,en,https://image.labiosthetique.com/i/square-1440/m2-product:clarifying_spot_gel_396279_15ml_66db2a2.jpg/feed-media.jpg,https://www.labiosthetique.de/clarifying-spot-gel,/clarifying-spot-gel,002739,Clarifying hydrogel for the targeted and effective treatment of areas of skin containing spots and blackheads. For all lovers ofLikopan Gel this will be your new favorite product.,"24,50 €","1.633,33 € / 1 l",15 ml,Skin care,Apply the gel directly to the cleansed affected areas of skin and leave it to take effect. The gel can be applied to specific areas of skin several times a day.,"AQUA (WATER), ALCOHOL DENAT., HYDROXYPROPYL GUAR, GARCINIA MANGOSTANA PEEL EXTRACT, DIPOTASSIUM GLYCYRRHIZATE, PROPANEDIOL",yes,yes,ja
Setting Spray,de,https://image.labiosthetique.com/i/square-1440/m2-product:setting_spray_410784_100ml_11cfef6.jpg/feed-media.jpg,https://www.labiosthetique.de/setting-spray,/setting-spray,021063,Mit seinem hauchzarten Sprühnebel fixiert das Setting Spray Make-up-Looks anhaltend zuverlässig und verwöhnt dabei die Haut mit Feuchtigkeit aus Aloe Vera und Kastaniensamenextrakt. Die schwerelose Textur legt sich wie ein pflegender Schleier auf das Gesicht und sorgt für ein natürlich mattiertes Finish.,"29,50 €",0,100 ml,Make-Up,Nach dem Auftragen des Make-ups aus ca. 20 bis 30 cm Entfernung gleichmäßig auf das Gesicht sprühen. Augen und Mund dabei geschlossen halten. Nicht einatmen. Kurz einziehen lassen. Für ein besonders frisches Finish tagsüber zwischendurch anwenden.,keine Angabe,no,no,ja
Setting Spray,en,https://image.labiosthetique.com/i/square-1440/m2-product:setting_spray_410784_100ml_11cfef6.jpg/feed-media.jpg,https://www.labiosthetique.de/setting-spray,/setting-spray,021063,"With its extra-fine spray mist, Setting Spray reliably fixes make-up looks in place while treating the skin with moisture from aloe vera and chestnut seed extract. Its weightless texture settles on the skin like a caring veil and provides a natural matte finish.","29,50 €",0,100 ml,Make-up,"After applying make-up, spray evenly onto the face from a distance of approx. 20 to 30 cm. Keep the eyes and mouth closed. Do not breathe in. Briefly leave to absorb. For a particularly fresh finish, apply every so often throughout the day.",not specified,no,no,ja
glam + colour Smoky Taupe .29 .BP Mask,de,https://image.labiosthetique.com/i/square-1440/m2-product:glam_colour_smoky_taupe_.29_.bp_mask_414846_200ml_c3b6ee4.jpg/feed-media.jpg,https://www.labiosthetique.de/glam-colour-smoky-taupe-29-bp-mask,/glam-colour-smoky-taupe-29-bp-mask,038276,Die Haarmaske mit Farbpigmenten und Farbschutz wirkt intensiv pflegend und verleiht blondem Haar einen kühlen Taupe-Ton mit strahlenden Reflexen.,"37,50 €","187,50 € / 1 l",200 ml,Haar- & Kopfhautpflege,"Die Colouring Mask unter Verwendung der beigefügten Handschuhe gleichmäßig im gewaschenen, handtuchtrockenen Haar verteilen. Je nach gewünschter Intensität 3–10 Minuten einwirken lassen, anschließend gründlich ausspülen.","AQUA (WATER), BEHENAMIDOPROPYL DIMETHYLAMINE, DICAPRYLYL ETHER , NEOPENTYL GLYCOL DIHEPTANOATE, PROPYLENE GLYCOL, INULIN, DICOCOYL PENTAERYTHRITYL DISTEARYL CITRATE , CETEARYL ALCOHOL, LAURYL ALCOHOL, PHENOXYETHANOL, PARFUM (FRAGRANCE), BEHENTRIMONIUM METHOSULFATE, CETRIMONIUM CHLORIDE, GUAR HYDROXYPROPYLTRIMONIUM CHLORIDE, GLYCERIN, TETRAMETHYL ACETYLOCTAHYDRONAPHTHALENES, BUTYLENE GLYCOL, ETHYLHEXYLGLYCERIN, CITRUS AURANTIUM BERGAMIA (BERGAMOT) PEEL OIL, LIMONENE, LINALOOL, HELIANTHUS ANNUUS (SUNFLOWER) SEED EXTRACT, LINALYL ACETATE, GERANIOL, TERPINEOL, BASIC RED 76, N,N´-BIS(2-HYDROXYETHYL)-2-NITRO-P-PHENYLENEDIAMINE, CITRONELLOL, HC BLUE NO. 16, ORYZA SATIVA (RICE) SEED PROTEIN, PINENE, BASIC YELLOW 57, CITRIC ACID, ORYZA SATIVA (RICE) EXTRACT, BASIC BROWN 17, HC BLUE NO. 2, GLUCONOLACTONE , SODIUM BENZOATE, TOCOPHEROL, CALCIUM GLUCONATE",yes,yes,ja
glam + colour Smoky Taupe .29 .BP Mask,en,https://image.labiosthetique.com/i/square-1440/m2-product:glam_colour_smoky_taupe_.29_.bp_mask_414846_200ml_c3b6ee4.jpg/feed-media.jpg,https://www.labiosthetique.de/glam-colour-smoky-taupe-29-bp-mask,/glam-colour-smoky-taupe-29-bp-mask,038276,The hair mask with colour pigments and colour protection has an intensive conditioning effect and gives blonde hair a cool taupe shade with radiant reflexes.,"37,50 €","187,50 € / 1 l",200 ml,Hair & scalp care,"Using the enclosed gloves, apply Colouring Mask evenly to washed, towel-dried hair. Leave to take effect for 3–10 minutes depending on the desired intensity, then rinse out thoroughly.","AQUA (WATER), BEHENAMIDOPROPYL DIMETHYLAMINE, DICAPRYLYL ETHER , NEOPENTYL GLYCOL DIHEPTANOATE, PROPYLENE GLYCOL, INULIN, DICOCOYL PENTAERYTHRITYL DISTEARYL CITRATE , CETEARYL ALCOHOL, LAURYL ALCOHOL, PHENOXYETHANOL, PARFUM (FRAGRANCE), BEHENTRIMONIUM METHOSULFATE, CETRIMONIUM CHLORIDE, GUAR HYDROXYPROPYLTRIMONIUM CHLORIDE, GLYCERIN, TETRAMETHYL ACETYLOCTAHYDRONAPHTHALENES, BUTYLENE GLYCOL, ETHYLHEXYLGLYCERIN, CITRUS AURANTIUM BERGAMIA (BERGAMOT) PEEL OIL, LIMONENE, LINALOOL, HELIANTHUS ANNUUS (SUNFLOWER) SEED EXTRACT, LINALYL ACETATE, GERANIOL, TERPINEOL, BASIC RED 76, N,N´-BIS(2-HYDROXYETHYL)-2-NITRO-P-PHENYLENEDIAMINE, CITRONELLOL, HC BLUE NO. 16, ORYZA SATIVA (RICE) SEED PROTEIN, PINENE, BASIC YELLOW 57, CITRIC ACID, ORYZA SATIVA (RICE) EXTRACT, BASIC BROWN 17, HC BLUE NO. 2, GLUCONOLACTONE , SODIUM BENZOATE, TOCOPHEROL, CALCIUM GLUCONATE",yes,yes,ja
Liquid Glam,de,https://image.labiosthetique.com/i/square-1440/m2-product:liquid_glam_388847_4ml_0f1203c.jpg/feed-media.jpg,https://www.labiosthetique.de/liquid-glam,/liquid-glam,021278,"Das transparente und vielseitig einsetzbare Glittergel zaubert funkelnde Highlights auf die Haut und setzt Augen, Wangenknochen, Lippen oder Dekolleté in Szene.","34,50 €","8,63 € / 1 ml",4 ml,Make-Up,"Liquid Glam setzt die Haut von Gesicht und Körper mit feinsten Glitterpartikeln mineralischen Ursprungs in Szene. Die transparente, hautfreundliche Geltextur lässt sich mühelos auftragen sorgt für ein angenehmes, langanhaltendes Finish. Verzaubere deinen Look mit Liquid Glam und erlebe den Zauber strahlender Schönheit!","AQUA (WATER), CALCIUM SODIUM BOROSILICATE, ACRYLATES/C10-30 ALKYL ACRYLATE CROSSPOLYMER, PROPANEDIOL, POLYGLYCERYL-10 EICOSANEDIOATE/TETRADECANEDIOATE, GLYCERIN, CI 77891 (TITANIUM DIOXIDE), 1,2-HEXANEDIOL, CAPRYLYL GLYCOL, SODIUM HYDROXIDE, TIN OXIDE",yes,yes,ja
Liquid Glam,en,https://image.labiosthetique.com/i/square-1440/m2-product:liquid_glam_388847_4ml_0f1203c.jpg/feed-media.jpg,https://www.labiosthetique.de/liquid-glam,/liquid-glam,021278,"The transparent and versatile glitter gel conjures up sparkling highlights on the skin and emphasises the eyes, cheekbones, lips or décolleté.","34,50 €","8,63 € / 1 ml",4 ml,Make-up,"For optimum adhesion, only apply to oil-free skin. Carefully apply the glitter gel to the desired areas of skin using the applicator, a brush or your fingertips and leave to dry. Close the container carefully after use and store in a cool, dry place.","AQUA (WATER), CALCIUM SODIUM BOROSILICATE, ACRYLATES/C10-30 ALKYL ACRYLATE CROSSPOLYMER, PROPANEDIOL, POLYGLYCERYL-10 EICOSANEDIOATE/TETRADECANEDIOATE, GLYCERIN, CI 77891 (TITANIUM DIOXIDE), 1,2-HEXANEDIOL, CAPRYLYL GLYCOL, SODIUM HYDROXIDE, TIN OXIDE",yes,yes,ja
Colour Protection Structure Restoring Treatment,de,https://image.labiosthetique.com/i/square-1440/m2-product:colour_protection_structure_restoring_treatment_247177_1Set_89b3601.jpg/feed-media.jpg,https://www.labiosthetique.de/colour-protection-structure-restoring-treatment,/colour-protection-structure-restoring-treatment,123212,"In zwei Phasen repariert und regeneriert die Intensivhaarpflege die innere und äußere Struktur chemisch beanspruchter Haare, stärkt das Haar, bewahrt vor Haarbruch und schützt das Haar vor negativen Umwelteinflüssen sowie frühzeitigem Farbverlust.","69,50 €",0,1 set,Haar- & Kopfhautpflege,"Auf das handtuchtrockene Haar Structure Restoring Spray partienweise ins feuchte Haar sprühen, nicht ausspülen. Anschließend Structure Restoring Mask gleichmäßig im Haar verteilen und durchkämmen. Mindestens 10 Minuten einwirken lassen. Gründlich mit Wasser ausspülen.","Structure Restoring Mask: INGREDIENTS : AQUA (WATER), BEHENAMIDOPROPYL DIMETHYLAMINE, CETEARYL ALCOHOL, PROPYLENE GLYCOL, NEOPENTYL GLYCOL DIHEPTANOATE, DICAPRYLYL ETHER , DICOCOYL PENTAERYTHRITYL DISTEARYL CITRATE , INULIN, LACTIC ACID, BEHENTRIMONIUM METHOSULFATE, LAURYL ALCOHOL, POLYGLYCERYL-3 OLEATE, ARGANIA SPINOSA (ARGAN) KERNEL OIL, PARFUM (FRAGRANCE), BETAINE, GUAR HYDROXYPROPYLTRIMONIUM CHLORIDE, BUTYLENE GLYCOL, BENZOIC ACID, CETEARYL ISONONANOATE, TRITICUM VULGARE GERM OIL, ACETIC ACID, TETRAMETHYL ACETYLOCTAHYDRONAPHTHALENES, CAPRYLIC/CAPRIC TRIGLYCERIDE, SILK, CERAMIDE NG, TROMETHAMINE, LINOLEIC ACID, LIMONENE, CITRUS AURANTIUM BERGAMIA (BERGAMOT) PEEL OIL, LINALOOL, TRITICUM VULGARE (WHEAT) BRAN EXTRACT, TRITICUM VULGARE GERM EXTRACT, CRAMBE MARITIMA LEAF EXTRACT, LINALYL ACETATE, 1,2-HEXANEDIOL, CAPRYLYL GLYCOL, CAMELLIA OLEIFERA SEED OIL, TOCOPHERYL ACETATE, TOCOPHEROL Structure Restoring Spray: INGREDIENTS : AQUA (WATER), MAGNESIUM SULFATE, CETRIMONIUM CHLORIDE, PANTHENOL, PHENOXYETHANOL, HYDROLYZED WHEAT PROTEIN, PARFUM (FRAGRANCE), BUTYLENE GLYCOL, DISODIUM COCOAMPHODIACETATE , PEG-40 HYDROGENATED CASTOR OIL, TRIDECETH-9, TETRAMETHYL ACETYLOCTAHYDRONAPHTHALENES, ETHYLHEXYLGLYCERIN, SODIUM CHLORIDE, PROPYLENE GLYCOL, LACTIC ACID, HEXAMETHYLINDANOPYRAN, LIMONENE, SODIUM BENZOATE, LINALOOL, CITRUS AURANTIUM BERGAMIA (BERGAMOT) PEEL OIL, CITRIC ACID, CRAMBE MARITIMA LEAF EXTRACT, LINALYL ACETATE, HYDROLYZED KERATIN, CYSTEINE HCL",yes,yes,ja
Colour Protection Structure Restoring Treatment,en,https://image.labiosthetique.com/i/square-1440/m2-product:colour_protection_structure_restoring_treatment_247177_1Set_89b3601.jpg/feed-media.jpg,https://www.labiosthetique.de/colour-protection-structure-restoring-treatment,/colour-protection-structure-restoring-treatment,123212,"In two phases, the deep-conditioning hair care repairs and regenerates the internal and external structure of chemically stressed hair, strengthens the hair, prevents hair breakage and protects the hair against negative environmental influences and premature colour loss.","69,50 €",0,1 set,Hair & scalp care,"Spray Structure Restoring Spray section by section into damp towel-dried hair and do not rinse out, then evenly distribute Structure Restoring Mask into the hair and comb through. Leave in for at least 10 minutes. Rinse out thoroughly with water.","Structure Restoring Mask: INGREDIENTS : AQUA (WATER), BEHENAMIDOPROPYL DIMETHYLAMINE, CETEARYL ALCOHOL, PROPYLENE GLYCOL, NEOPENTYL GLYCOL DIHEPTANOATE, DICAPRYLYL ETHER , DICOCOYL PENTAERYTHRITYL DISTEARYL CITRATE , INULIN, LACTIC ACID, BEHENTRIMONIUM METHOSULFATE, LAURYL ALCOHOL, POLYGLYCERYL-3 OLEATE, ARGANIA SPINOSA (ARGAN) KERNEL OIL, PARFUM (FRAGRANCE), BETAINE, GUAR HYDROXYPROPYLTRIMONIUM CHLORIDE, BUTYLENE GLYCOL, BENZOIC ACID, CETEARYL ISONONANOATE, TRITICUM VULGARE GERM OIL, ACETIC ACID, TETRAMETHYL ACETYLOCTAHYDRONAPHTHALENES, CAPRYLIC/CAPRIC TRIGLYCERIDE, SILK, CERAMIDE NG, TROMETHAMINE, LINOLEIC ACID, LIMONENE, CITRUS AURANTIUM BERGAMIA (BERGAMOT) PEEL OIL, LINALOOL, TRITICUM VULGARE (WHEAT) BRAN EXTRACT, TRITICUM VULGARE GERM EXTRACT, CRAMBE MARITIMA LEAF EXTRACT, LINALYL ACETATE, 1,2-HEXANEDIOL, CAPRYLYL GLYCOL, CAMELLIA OLEIFERA SEED OIL, TOCOPHERYL ACETATE, TOCOPHEROL Structure Restoring Spray: INGREDIENTS : AQUA (WATER), MAGNESIUM SULFATE, CETRIMONIUM CHLORIDE, PANTHENOL, PHENOXYETHANOL, HYDROLYZED WHEAT PROTEIN, PARFUM (FRAGRANCE), BUTYLENE GLYCOL, DISODIUM COCOAMPHODIACETATE , PEG-40 HYDROGENATED CASTOR OIL, TRIDECETH-9, TETRAMETHYL ACETYLOCTAHYDRONAPHTHALENES, ETHYLHEXYLGLYCERIN, SODIUM CHLORIDE, PROPYLENE GLYCOL, LACTIC ACID, HEXAMETHYLINDANOPYRAN, LIMONENE, SODIUM BENZOATE, LINALOOL, CITRUS AURANTIUM BERGAMIA (BERGAMOT) PEEL OIL, CITRIC ACID, CRAMBE MARITIMA LEAF EXTRACT, LINALYL ACETATE, HYDROLYZED KERATIN, CYSTEINE HCL",yes,yes,ja
After Sun Soothing Hydro Spray,de,https://image.labiosthetique.com/i/square-1440/m2-product:after_sun_soothing_hydro_spray_356893_100ml_d6d8669.jpg/feed-media.jpg,https://www.labiosthetique.de/after-sun-soothing-hydro-spray,/after-sun-soothing-hydro-spray,002241,Das erfrischende Hydro Spray beruhigt und entspannt sonnengestresste Haut sofort und spendet wertvolle Feuchtigkeit.,"20,00 €","200,00 € / 1 l",100 ml,Hautpflege,Nach dem Sonnenbad und gerne auch zur Abkühlung zwischendurch großzügig auf die Haut aufsprühen.,"AQUA (WATER), ALCOHOL DENAT., GLYCERIN, SORBITOL, CAPRYLYL/CAPRYL GLUCOSIDE, PANTHENOL, SODIUM GLUCONATE, SODIUM LACTATE, SACCHARIDE ISOMERATE, SODIUM BENZOATE, ALOE BARBADENSIS LEAF JUICE POWDER, PARFUM (FRAGRANCE), POTASSIUM SORBATE, SODIUM COCOYL GLUTAMATE, CITRIC ACID, GLYCERYL CAPRYLATE, POLYGLYCERYL-6 OLEATE, TETRAMETHYL ACETYLOCTAHYDRONAPHTHALENES, BENZOIC ACID, LIMONENE, BENZYL SALICYLATE, GLUCOMANNAN, SODIUM SURFACTIN, BENZYL ALCOHOL, HEXYL CINNAMAL, CITRUS AURANTIUM PEEL OIL, SODIUM CITRATE, LINALOOL, CITRONELLOL",yes,no,ja
After Sun Soothing Hydro Spray,en,https://image.labiosthetique.com/i/square-1440/m2-product:after_sun_soothing_hydro_spray_356893_100ml_d6d8669.jpg/feed-media.jpg,https://www.labiosthetique.de/after-sun-soothing-hydro-spray,/after-sun-soothing-hydro-spray,002241,The refreshing hydro spray instantly calms and relaxes sun-stressed skin and supplies valuable moisture.,"20,00 €","200,00 € / 1 l",100 ml,Skin care,Spray generously onto the skin after sun exposure and for additional cooling.,"AQUA (WATER), ALCOHOL DENAT., GLYCERIN, SORBITOL, CAPRYLYL/CAPRYL GLUCOSIDE, PANTHENOL, SODIUM GLUCONATE, SODIUM LACTATE, SACCHARIDE ISOMERATE, SODIUM BENZOATE, ALOE BARBADENSIS LEAF JUICE POWDER, PARFUM (FRAGRANCE), POTASSIUM SORBATE, SODIUM COCOYL GLUTAMATE, CITRIC ACID, GLYCERYL CAPRYLATE, POLYGLYCERYL-6 OLEATE, TETRAMETHYL ACETYLOCTAHYDRONAPHTHALENES, BENZOIC ACID, LIMONENE, BENZYL SALICYLATE, GLUCOMANNAN, SODIUM SURFACTIN, BENZYL ALCOHOL, HEXYL CINNAMAL, CITRUS AURANTIUM PEEL OIL, SODIUM CITRATE, LINALOOL, CITRONELLOL",yes,no,ja
Fortifying Shampoo,de,https://image.labiosthetique.com/i/square-1440/m2-product:fortifying_shampoo_382571_250ml_a2d6f95.jpg/feed-media.jpg,https://www.labiosthetique.de/fortifying-shampoo,/fortifying-shampoo,120613,"Das milde Shampoo stärkt die Haarwurzeln, schenkt geschwächtem, brüchigem Haar neue Kraft und bereitet die Kopfhaut auf die nachfolgende Pflege gegen Haarausfall und Haarwachstumsstörungen vor. Für alle Liebhaber von Shampooing Bio-Fanelan wird dies Ihr neues Lieblingsprodukt.","32,50 €","130,00 € / 1 l",250 ml,Haar- & Kopfhautpflege,"Gleichmäßig im Haar und auf der Kopfhaut verteilen, kurz einwirken lassen und gründlich ausspülen.","AQUA (WATER), SODIUM LAURETH SULFATE, SODIUM LAUROYL OAT AMINO ACIDS, MARIS SAL (SEA SALT), SODIUM BENZOATE, SODIUM POLYPHOSPHATE, PHENOXYETHANOL, HYDROLYZED WHEAT PROTEIN, BENZOIC ACID, TETRASODIUM EDTA, PARFUM (FRAGRANCE), LACTIC ACID, ETHYLHEXYLGLYCERIN, CHLORELLA VULGARIS/LUPINUS ALBUS PROTEIN FERMENT, HYDROXYPROPYL OXIDIZED STARCH PG-TRIMONIUM CHLORIDE, STARCH HYDROXYPROPYLTRIMONIUM CHLORIDE, SODIUM LACTATE, SODIUM CHLORIDE, UREA, POTASSIUM SORBATE, GLYCERIN, LEVULINIC ACID, P-ANISIC ACID",yes,yes,ja
Fortifying Shampoo,en,https://image.labiosthetique.com/i/square-1440/m2-product:fortifying_shampoo_382571_250ml_a2d6f95.jpg/feed-media.jpg,https://www.labiosthetique.de/fortifying-shampoo,/fortifying-shampoo,120613,"The mild shampoo fortifies the hair roots, gives weakened, brittle hair new strength and prepares the scalp for subsequent care to combat hair loss and hair growth disorders.","32,50 €","130,00 € / 1 l",250 ml,Hair & scalp care,"Distribute evenly in the hair and on the scalp, briefly leave to take effect, then rinse out thoroughly.","AQUA (WATER), SODIUM LAURETH SULFATE, SODIUM LAUROYL OAT AMINO ACIDS, MARIS SAL (SEA SALT), SODIUM BENZOATE, SODIUM POLYPHOSPHATE, PHENOXYETHANOL, HYDROLYZED WHEAT PROTEIN, BENZOIC ACID, TETRASODIUM EDTA, PARFUM (FRAGRANCE), LACTIC ACID, ETHYLHEXYLGLYCERIN, CHLORELLA VULGARIS/LUPINUS ALBUS PROTEIN FERMENT, HYDROXYPROPYL OXIDIZED STARCH PG-TRIMONIUM CHLORIDE, STARCH HYDROXYPROPYLTRIMONIUM CHLORIDE, SODIUM LACTATE, SODIUM CHLORIDE, UREA, POTASSIUM SORBATE, GLYCERIN, LEVULINIC ACID, P-ANISIC ACID",yes,yes,ja
Perfect Volume Purple Storm,de,https://image.labiosthetique.com/i/square-1440/m2-product:perfect_volume_purple_storm_418585_8ml_1cef910.jpg/feed-media.jpg,https://www.labiosthetique.de/perfect-volume?childSku=4040218894295,/perfect-volume?childSku=4040218894295,017678,"Die Volumen-Wimperntusche zaubert ultimatives Volumen, verführerischen Glanz und flexiblem Halt - mit sofortigem Wow-Effekt.","27,00 €",0,8 ml,Make-Up,Die Wimpern mit nach unten gerichtetem Blick in einer Zick- Zack-Bewegung vom Ansatz bis zur Spitze mit Perfect Volume tuschen.,"AQUA (WATER), HELIANTHUS ANNUUS (SUNFLOWER) SEED WAX, HYDROGENATED OLIVE OIL STEARYL ESTERS, COPERNICIA CERIFERA CERA (CARNAUBA WAX), LACTOBACILLUS FERMENT, CI 77491 (IRON OXIDES), CI 77499 (IRON OXIDES), PROPANEDIOL, SYNTHETIC FLUORPHLOGOPITE, STEARIC ACID, PALMITIC ACID, OLEA EUROPAEA (OLIVE) OIL UNSAPONIFIABLES, MICA, ORYZA SATIVA (RICE) BRAN WAX, PULLULAN, AMINOMETHYL PROPANOL, 1,2-HEXANEDIOL, CAPRYLYL GLYCOL, GALACTOARABINAN, HYDROXYETHYLCELLULOSE, CI 77891 (TITANIUM DIOXIDE), RHUS SUCCEDANEA FRUIT CERA, SHOREA ROBUSTA RESIN, ROSA DAMASCENA FLOWER CERA, ROSA CENTIFOLIA FLOWER CERA, DISODIUM PHOSPHATE, POLYSORBATE 60, SODIUM PHOSPHATE",yes,yes,ja
Perfect Volume Purple Storm,en,https://image.labiosthetique.com/i/square-1440/m2-product:perfect_volume_purple_storm_418585_8ml_1cef910.jpg/feed-media.jpg,https://www.labiosthetique.de/perfect-volume?childSku=4040218894295,/perfect-volume?childSku=4040218894295,017678,"The volumising mascara provides ultimate volume, seductive shine and flexible hold – for that instant wow effect.","27,00 €",0,8 ml,Make-up,"For best results, first apply Perfect Boost mascara base to the lashes. Then, look down as you apply Perfect Volume mascara in a zig-zag direction from roots to tips.","AQUA (WATER), HELIANTHUS ANNUUS (SUNFLOWER) SEED WAX, HYDROGENATED OLIVE OIL STEARYL ESTERS, COPERNICIA CERIFERA CERA (CARNAUBA WAX), LACTOBACILLUS FERMENT, CI 77491 (IRON OXIDES), CI 77499 (IRON OXIDES), PROPANEDIOL, SYNTHETIC FLUORPHLOGOPITE, STEARIC ACID, PALMITIC ACID, OLEA EUROPAEA (OLIVE) OIL UNSAPONIFIABLES, MICA, ORYZA SATIVA (RICE) BRAN WAX, PULLULAN, AMINOMETHYL PROPANOL, 1,2-HEXANEDIOL, CAPRYLYL GLYCOL, GALACTOARABINAN, HYDROXYETHYLCELLULOSE, CI 77891 (TITANIUM DIOXIDE), RHUS SUCCEDANEA FRUIT CERA, SHOREA ROBUSTA RESIN, ROSA DAMASCENA FLOWER CERA, ROSA CENTIFOLIA FLOWER CERA, DISODIUM PHOSPHATE, POLYSORBATE 60, SODIUM PHOSPHATE",yes,yes,ja
Automatic Pencil for Eyes K36 Viola,de,https://image.labiosthetique.com/i/square-1440/m2-product:automatic_pencil_for_eyes_k36_viola_418576_0_35g_859dd24.jpg/feed-media.jpg,https://www.labiosthetique.de/automatic-pencil-for-eyes?childSku=4040218895995,/automatic-pencil-for-eyes?childSku=4040218895995,017306,"Der elegante Automatic Pencil vereint hochpigmentierte Farbkraft mit wasserfester Haltbarkeit. Die weiche, zurückdrehbare Mine erlaubt präzise Linien oder Schattierungen, die den ganzen Tag halten.","24,50 €",0,"0,35 g",Make-Up,Vom inneren Augenwinkel entlang des Wimpernkranzes eine Linie zum äußeren Augenwinkel ziehen. Bei Bedarf mit dem Blending Tool am Ende des Stiftes oder einem Pinsel aussoften. Korrekturen können sofort mit Make-up Entferner und einem Wattestäbchen vorgenommen werden.,"MICA, C9-12 ALKANE, BIS-BEHENYL/ISOSTEARYL/PHYTOSTERYL DIMER DILINOLEYL DIMER DILINOLEATE, CI 77891 (TITANIUM DIOXIDE), SUCROSE TETRASTEARATE TRIACETATE, HYDROGENATED CASTOR OIL, CI 77742 (MANGANESE VIOLET), CI 77007 (ULTRAMARINES), SYNTHETIC WAX, CI 77491 (IRON OXIDES), COPERNICIA CERIFERA CERA (CARNAUBA WAX), SYNTHETIC FLUORPHLOGOPITE, POLYGLYCERYL-4 DIISOSTEARATE/POLYHYDROXYSTEARATE/SEBACATE, DISTEARDIMONIUM HECTORITE, TOCOPHEROL, PROPYLENE CARBONATE, CI 77510 (FERRIC FERROCYANIDE), TIN OXIDE",yes,yes,ja
Automatic Pencil for Eyes K36 Viola,en,https://image.labiosthetique.com/i/square-1440/m2-product:automatic_pencil_for_eyes_k36_viola_418576_0_35g_859dd24.jpg/feed-media.jpg,https://www.labiosthetique.de/automatic-pencil-for-eyes?childSku=4040218895995,/automatic-pencil-for-eyes?childSku=4040218895995,017306,"The elegant Automatic Pencil combines highly pigmented colour vibrancy with waterproof staying power. The soft, retractable lead allows users to draw precise lines or shading lasting all day long.","24,50 €",0,"0,35 g",Make-up,"Draw a line from the inner corner of the eye along the lash line to the outer corner of the eye. If needed, use the blending tool at the end of the pencil or a brush to soften the line. The line can be corrected immediately with make-up remover and a cotton bud.","MICA, C9-12 ALKANE, BIS-BEHENYL/ISOSTEARYL/PHYTOSTERYL DIMER DILINOLEYL DIMER DILINOLEATE, CI 77891 (TITANIUM DIOXIDE), SUCROSE TETRASTEARATE TRIACETATE, HYDROGENATED CASTOR OIL, CI 77742 (MANGANESE VIOLET), CI 77007 (ULTRAMARINES), SYNTHETIC WAX, CI 77491 (IRON OXIDES), COPERNICIA CERIFERA CERA (CARNAUBA WAX), SYNTHETIC FLUORPHLOGOPITE, POLYGLYCERYL-4 DIISOSTEARATE/POLYHYDROXYSTEARATE/SEBACATE, DISTEARDIMONIUM HECTORITE, TOCOPHEROL, PROPYLENE CARBONATE, CI 77510 (FERRIC FERROCYANIDE), TIN OXIDE",yes,yes,ja
Seifenschale,de,https://image.labiosthetique.com/i/square-1440/m2-product:seifenschale_280291_1St_ck_af203e0.jpg/feed-media.jpg,https://www.labiosthetique.de/seifenschale,/seifenschale,053518,Ein optisches Highlight für jedes Badezimmer: Diese schlicht designte Seifenschale sorgt in Kombination mit der herrlich duftenden Seife aus unserer SPA Serie für das gewisse Etwas,"12,00 €",0,1 pcs,Hautpflege,keine Angabe,keine Angabe,no,no,ja
soap dish,en,https://image.labiosthetique.com/i/square-1440/m2-product:seifenschale_280291_1St_ck_af203e0.jpg/feed-media.jpg,https://www.labiosthetique.de/seifenschale,/seifenschale,053518,A visual highlight for every bathroom: this simply designed soap dish is the perfect holder for the beautifully scented SPA range soap offering a certain je ne sais quoi,"12,00 €",0,1 pcs,Skin care,not specified,not specified,no,no,ja
Brow Definer B01 Dark Brown,de,https://image.labiosthetique.com/i/square-1440/m2-product:brow_definer_b01_dark_brown_406083_0_09g_16b83b4.jpg/feed-media.jpg,https://www.labiosthetique.de/brow-definer?childSku=4040218889994,/brow-definer?childSku=4040218889994,017622,"Der stylish schlanke Brow Definer definiert mühelos präzise, natürlich wirkende Brauen, setzt einzelne Härchen und nuanciert Konturen. Die ultrafeine Spitze ist auf einen Dreh perfekt on point. Mit veganen, natürlichen Inhaltsstoffen und pflegenden Vitaminen.","24,50 €",0,"0,09 g",Make-Up,"Die feine Spitze herausdrehen und kurze, haarähnliche Striche setzen für eine natürliche Definition der Brauen. Ein sanfter Druck genügt. Ein etwas stärkerer Druck intensiviert die Strichbreite und den Ausdruck. Mit dem integrierten Bürstchen verblenden und die Brauen in Form bringen – perfekt in Sekunden!","OCTYLDODECANOL, CI 77891 (TITANIUM DIOXIDE), HYDROGENATED VEGETABLE OIL, CI 77499 (IRON OXIDES), ORYZA SATIVA (RICE) BRAN WAX, SYNTHETIC WAX, COPERNICIA CERIFERA CERA (CARNAUBA WAX), CI 77492 (IRON OXIDES), CI 77491 (IRON OXIDES), ETHYLCELLULOSE, MICA, TOCOPHEROL, ASCORBYL PALMITATE",yes,yes,ja
Brow Definer B01 Dark Brown,en,https://image.labiosthetique.com/i/square-1440/m2-product:brow_definer_b01_dark_brown_406083_0_09g_16b83b4.jpg/feed-media.jpg,https://www.labiosthetique.de/brow-definer?childSku=4040218889994,/brow-definer?childSku=4040218889994,017622,"The stylishly slim Brow Definer effortlessly defines precise, natural-looking eyebrows, fills in individual hairs and shades contours. Its ultra-fine tip delivers on-point results with just one twist. With vegan, natural ingredients and caring vitamins.","24,50 €",0,"0,09 g",Make-up,"Twist out the fine tip and draw short, hair-like lines for natural brow definition. Light pressure is sufficient. Slightly stronger pressure intensifies the line thickness and expression. Blend with the integrated brush and shape the brows – for a perfect result in seconds!","OCTYLDODECANOL, CI 77891 (TITANIUM DIOXIDE), HYDROGENATED VEGETABLE OIL, CI 77499 (IRON OXIDES), ORYZA SATIVA (RICE) BRAN WAX, SYNTHETIC WAX, COPERNICIA CERIFERA CERA (CARNAUBA WAX), CI 77492 (IRON OXIDES), CI 77491 (IRON OXIDES), ETHYLCELLULOSE, MICA, TOCOPHEROL, ASCORBYL PALMITATE",yes,yes,ja
Eyeshadow Pen Macadamia,de,https://image.labiosthetique.com/i/square-1440/m2-product:eyeshadow_pen_macadamia_247575_1_4g_a242ab1.jpg/feed-media.jpg,https://www.labiosthetique.de/eyeshadow-pen?childSku=4040218814293,/eyeshadow-pen?childSku=4040218814293,016966,"Als Lidschatten oder Eyeliner anwendbar: Eyeshadow Pen mit cremig weicher Textur, die sich einfach auftragen und verblenden lässt","23,50 €",0,"1,4 g",Make-Up,Den Eyeshadow Pen als Lidschatten auf das gesamte Oberlid oder als Eyeliner entlang des Wimpernkranzes auftragen. Mit den Fingern oder einem Pinsel lässt sich die Farbe auch einfach verblenden. Tipp: Für Smokey Eyes den Lidschatten am äußeren Lidrand intensiver auftragen und nach oben hin verblenden.,"ISODODECANE, MICA, SYNTHETIC WAX, ETHYLENE/PROPYLENE COPOLYMER, POLYMETHYLSILSESQUIOXANE, SILICA, POLYBUTENE, HYDROGENATED POLYDICYCLOPENTADIENE, CI 77891 (TITANIUM DIOXIDE), SUCROSE TETRASTEARATE TRIACETATE, COCO-CAPRYLATE/CAPRATE, ORYZA SATIVA (RICE) BRAN WAX, SYNTHETIC FLUORPHLOGOPITE, CI 77491 (IRON OXIDES), SYNTHETIC BEESWAX, HYDROGENATED CASTOR OIL, CI 77499 (IRON OXIDES), PENTAERYTHRITYL TETRA-DI-T-BUTYL HYDROXYHYDROCINNAMATE, CI 77492 (IRON OXIDES), TIN OXIDE",no,no,ja
Eyeshadow Pen Macadamia,en,https://image.labiosthetique.com/i/square-1440/m2-product:eyeshadow_pen_macadamia_247575_1_4g_a242ab1.jpg/feed-media.jpg,https://www.labiosthetique.de/eyeshadow-pen?childSku=4040218814293,/eyeshadow-pen?childSku=4040218814293,016966,Can be used as an eyeshadow or an liner: Eyeshadow Pen with a soft and creamy texture that is easy to apply and blend,"23,50 €",0,"1,4 g",Make-up,Apply the Eyeshadow Pen as an eyeshadow to the whole top lid or as an eyeliner along the lashes. The colour is easy to blend with the fingers or a brush.,"ISODODECANE, MICA, SYNTHETIC WAX, ETHYLENE/PROPYLENE COPOLYMER, POLYMETHYLSILSESQUIOXANE, SILICA, POLYBUTENE, HYDROGENATED POLYDICYCLOPENTADIENE, CI 77891 (TITANIUM DIOXIDE), SUCROSE TETRASTEARATE TRIACETATE, COCO-CAPRYLATE/CAPRATE, ORYZA SATIVA (RICE) BRAN WAX, SYNTHETIC FLUORPHLOGOPITE, CI 77491 (IRON OXIDES), SYNTHETIC BEESWAX, HYDROGENATED CASTOR OIL, CI 77499 (IRON OXIDES), PENTAERYTHRITYL TETRA-DI-T-BUTYL HYDROXYHYDROCINNAMATE, CI 77492 (IRON OXIDES), TIN OXIDE",no,no,ja
Sensual Lipstick Brilliant B236 Sparkling Sorbet,de,https://image.labiosthetique.com/i/square-1440/m2-product:sensual_lipstick_brilliant_b236_sparkling_sorbet_324229_3_3g_110340c.jpg/feed-media.jpg,https://www.labiosthetique.de/sensual-lipstick-brilliant?childSku=4040218830293,/sensual-lipstick-brilliant?childSku=4040218830293,019462,Der Lippenstift pflegt mit wertvollen Ölen und sorgt für einen filmreifen Kussmund.,"26,50 €",0,"3,3 g",Make-Up,Sensual Lipstick Brilliant einfach auf die Lippen auftragen und schimmern. Ein Lippenpinsel sorgt für ein noch präziseres Ergebnis. Durch sanftes Nachziehen der Lippenkontur in einem farblich auf den Lippenstift abgestimmten Konturenstift lässt sich die brillante Farbwirkung intensivieren.,"POLYGLYCERYL-2 TRIISOSTEARATE, CAPRYLIC/CAPRIC TRIGLYCERIDE, MICA, HELIANTHUS ANNUUS (SUNFLOWER) SEED WAX, CI 77491 (IRON OXIDES), CANDELILLA CERA (EUPHORBIA CERIFERA WAX), CI 77891 (TITANIUM DIOXIDE), CI 15850 (RED 7 LAKE), ETHYL VANILLIN, PENTAERYTHRITYL TETRA-DI-T-BUTYL HYDROXYHYDROCINNAMATE, SILICA, AROMA (FLAVOR), CI 77499 (IRON OXIDES), CI 42090 (BLUE 1 LAKE), ASCORBYL PALMITATE, TOCOPHEROL, DISTEARDIMONIUM HECTORITE, POLYHYDROXYSTEARIC ACID, BENZYL ALCOHOL, ALUMINUM CALCIUM SODIUM SILICATE, TIN OXIDE",yes,yes,ja
Sensual Lipstick Brilliant B236 Sparkling Sorbet,en,https://image.labiosthetique.com/i/square-1440/m2-product:sensual_lipstick_brilliant_b236_sparkling_sorbet_324229_3_3g_110340c.jpg/feed-media.jpg,https://www.labiosthetique.de/sensual-lipstick-brilliant?childSku=4040218830293,/sensual-lipstick-brilliant?childSku=4040218830293,019462,The lipstick contains high-quality conditioning oils for a film star pout.,"26,50 €",0,"3,3 g",Make-up,Simply apply Sensual Lipstick Brilliant to the lips for shimmering shine. A lip brush provides a more precise application. Gently outline the lip line with a lip liner to match the colour of the lipstick for more intense colour brilliance.,"POLYGLYCERYL-2 TRIISOSTEARATE, CAPRYLIC/CAPRIC TRIGLYCERIDE, MICA, HELIANTHUS ANNUUS (SUNFLOWER) SEED WAX, CI 77491 (IRON OXIDES), CANDELILLA CERA (EUPHORBIA CERIFERA WAX), CI 77891 (TITANIUM DIOXIDE), CI 15850 (RED 7 LAKE), ETHYL VANILLIN, PENTAERYTHRITYL TETRA-DI-T-BUTYL HYDROXYHYDROCINNAMATE, SILICA, AROMA (FLAVOR), CI 77499 (IRON OXIDES), CI 42090 (BLUE 1 LAKE), ASCORBYL PALMITATE, TOCOPHEROL, DISTEARDIMONIUM HECTORITE, POLYHYDROXYSTEARIC ACID, BENZYL ALCOHOL, ALUMINUM CALCIUM SODIUM SILICATE, TIN OXIDE",yes,yes,ja
Volume Strengthening Shampoo,de,https://image.labiosthetique.com/i/square-1440/m2-product:volume_strengthening_shampoo_247449_250ml_5bc44f8.jpg/feed-media.jpg,https://www.labiosthetique.de/volume-strengthening-shampoo?childSku=4040218843293,/volume-strengthening-shampoo?childSku=4040218843293,120772,"Das milde Strengthening Shampoo reinigt die Haare sanft, vitalisiert feines, dünnes Haar, kräftigt und versiegelt die Haarfaser und schafft spürbar mehr Dichte und Volumen.","28,00 €","112,00 € / 1 l",250 ml,Haar- & Kopfhautpflege,Gleichmäßig im Haar und auf der Kopfhaut verteilen und einmassieren. Anschließend gründlich ausspülen.,"AQUA (WATER), SODIUM LAURETH SULFATE, SODIUM CHLORIDE, DISODIUM COCOAMPHODIACETATE , DISODIUM LAURETH SULFOSUCCINATE, PEG-7 GLYCERYL COCOATE, PENTYLENE GLYCOL, PHENOXYETHANOL, PARFUM (FRAGRANCE), PEG-40 HYDROGENATED CASTOR OIL, TRIDECETH-9, COCAMIDOPROPYL BETAINE, PEG-150 PENTAERYTHRITYL TETRASTEARATE, POLYQUATERNIUM-7, HYDROLYZED RICE BRAN PROTEIN, TROMETHAMINE, PROPYLENE GLYCOL, HYDROLYZED SOY PROTEIN, KAPPAPHYCUS ALVAREZII EXTRACT, TETRAMETHYL ACETYLOCTAHYDRONAPHTHALENES, LAMINARIA SACCHARINA EXTRACT, POLYSORBATE 20, BENZOIC ACID, ETHYLHEXYLGLYCERIN, SODIUM POLYPHOSPHATE, LACTIC ACID, HEXADECANOLACTONE, CITRIC ACID, GLYCINE, BENZYL SALICYLATE, ALPHA-ISOMETHYL IONONE, LIMONENE, CITRUS AURANTIUM BERGAMIA (BERGAMOT) PEEL OIL, POTASSIUM SORBATE, LINALYL ACETATE, PLANKTON EXTRACT, TOCOPHEROL",yes,yes,ja
Volume Strengthening Shampoo,en,https://image.labiosthetique.com/i/square-1440/m2-product:volume_strengthening_shampoo_247449_250ml_5bc44f8.jpg/feed-media.jpg,https://www.labiosthetique.de/volume-strengthening-shampoo?childSku=4040218843293,/volume-strengthening-shampoo?childSku=4040218843293,120772,"This mild Strengthening Shampoo gently cleanses the hair, revitalises fine and thin hair, strengthens and seals the hair fibres and creates noticeably more thickness and volume.","28,00 €","112,00 € / 1 l",250 ml,Hair & scalp care,"Evenly distribute onto the hair and scalp and massage in, then rinse thoroughly.","AQUA (WATER), SODIUM LAURETH SULFATE, SODIUM CHLORIDE, DISODIUM COCOAMPHODIACETATE , DISODIUM LAURETH SULFOSUCCINATE, PEG-7 GLYCERYL COCOATE, PENTYLENE GLYCOL, PHENOXYETHANOL, PARFUM (FRAGRANCE), PEG-40 HYDROGENATED CASTOR OIL, TRIDECETH-9, COCAMIDOPROPYL BETAINE, PEG-150 PENTAERYTHRITYL TETRASTEARATE, POLYQUATERNIUM-7, HYDROLYZED RICE BRAN PROTEIN, TROMETHAMINE, PROPYLENE GLYCOL, HYDROLYZED SOY PROTEIN, KAPPAPHYCUS ALVAREZII EXTRACT, TETRAMETHYL ACETYLOCTAHYDRONAPHTHALENES, LAMINARIA SACCHARINA EXTRACT, POLYSORBATE 20, BENZOIC ACID, ETHYLHEXYLGLYCERIN, SODIUM POLYPHOSPHATE, LACTIC ACID, HEXADECANOLACTONE, CITRIC ACID, GLYCINE, BENZYL SALICYLATE, ALPHA-ISOMETHYL IONONE, LIMONENE, CITRUS AURANTIUM BERGAMIA (BERGAMOT) PEEL OIL, POTASSIUM SORBATE, LINALYL ACETATE, PLANKTON EXTRACT, TOCOPHEROL",yes,yes,ja
Fresh Skin 2/1 Medium Rose,de,https://image.labiosthetique.com/i/square-1440/m2-product:fresh_skin_2_1_medium_rose_247813_30ml_b1e7d35.jpg/feed-media.jpg,https://www.labiosthetique.de/fresh-skin?childSku=4040218845693,/fresh-skin?childSku=4040218845693,021015,"Feuchtigkeitsspender pflegen die Haut, ausgleichende Pigmente mindern Farbunebenheiten; für einen natürlich ebenmäßigen Teint in einer einzigen, einfachen Geste!","34,00 €",0,30 ml,Make-Up,Einfach mit den Fingern auf die gereinigte und mit Gesichtslotion angefeuchtete Haut auftragen und einarbeiten,"AQUA (WATER), CI 77891 (TITANIUM DIOXIDE), GLYCERIN, CAPRYLIC/CAPRIC TRIGLYCERIDE, ETHYLHEXYL STEARATE, SQUALANE, CETEARYL ALCOHOL, HYDROGENATED COCO-GLYCERIDES, MICA, CETYL PALMITATE, STEARIC ACID, PALMITIC ACID, GLYCERYL STEARATE, POTASSIUM PALMITOYL HYDROLYZED WHEAT PROTEIN, CI 77492 (IRON OXIDES), TIN OXIDE, PHENOXYETHANOL, POTASSIUM CETYL PHOSPHATE, MICROCRYSTALLINE CELLULOSE, CI 77491 (IRON OXIDES), PARFUM (FRAGRANCE), XANTHAN GUM, CI 77499 (IRON OXIDES), HYDROXYACETOPHENONE, CELLULOSE GUM, BENZOIC ACID, CAPRYLYL GLYCOL, TOCOPHEROL, DEHYDROACETIC ACID, LINALYL ACETATE, TETRAMETHYL ACETYLOCTAHYDRONAPHTHALENES, LIMONENE, HELIANTHUS ANNUUS (SUNFLOWER) SEED OIL, LINALOOL, CITRAL, PINENE",yes,yes,ja
Fresh Skin 2/1 Medium Rose,en,https://image.labiosthetique.com/i/square-1440/m2-product:fresh_skin_2_1_medium_rose_247813_30ml_b1e7d35.jpg/feed-media.jpg,https://www.labiosthetique.de/fresh-skin?childSku=4040218845693,/fresh-skin?childSku=4040218845693,021015,"Moisturisers condition the skin, and balancing pigments reduce colour unevenness – for a naturally balanced complexion in one simple application!","34,00 €",0,30 ml,Make-up,Simply apply to skin that has been cleansed and moistened with face lotion with the fingers and work in.,"AQUA (WATER), CI 77891 (TITANIUM DIOXIDE), GLYCERIN, CAPRYLIC/CAPRIC TRIGLYCERIDE, ETHYLHEXYL STEARATE, SQUALANE, CETEARYL ALCOHOL, HYDROGENATED COCO-GLYCERIDES, MICA, CETYL PALMITATE, STEARIC ACID, PALMITIC ACID, GLYCERYL STEARATE, POTASSIUM PALMITOYL HYDROLYZED WHEAT PROTEIN, CI 77492 (IRON OXIDES), TIN OXIDE, PHENOXYETHANOL, POTASSIUM CETYL PHOSPHATE, MICROCRYSTALLINE CELLULOSE, CI 77491 (IRON OXIDES), PARFUM (FRAGRANCE), XANTHAN GUM, CI 77499 (IRON OXIDES), HYDROXYACETOPHENONE, CELLULOSE GUM, BENZOIC ACID, CAPRYLYL GLYCOL, TOCOPHEROL, DEHYDROACETIC ACID, LINALYL ACETATE, TETRAMETHYL ACETYLOCTAHYDRONAPHTHALENES, LIMONENE, HELIANTHUS ANNUUS (SUNFLOWER) SEED OIL, LINALOOL, CITRAL, PINENE",yes,yes,ja
Dermosthétique Instant Lifting Eye Patch,de,https://image.labiosthetique.com/i/square-1440/m2-product:dermosth_tique_instant_lifting_eye_patch_247961_20St_ck_fcee1f3.jpg/feed-media.jpg,https://www.labiosthetique.de/dermosthetique-age-3-instant-lifting-eye-patch,/dermosthetique-age-3-instant-lifting-eye-patch,002795,"Dank seines einzigartigen Hydrogelsystems wirkt das kühlende Augenpad intensiv befeuchtend, sorgt für eine sofortige Beruhigung und sichtbare Glättung der Augenpartie.","72,50 €",0,20 pcs,Hautpflege,AGE3 Complex Instant Lifting Hydrogel Eye Patch nach der Reinigung der Augenpartie anlegen und je nach Hautbedürfnis und Zeitkapital zwischen 15 und 30 Minuten einwirken lassen. Die Pads sind beidseitig anwendbar. Eine zwei- bis dreimal wöchentliche Anwendung wird empfohlen.,"AQUA (WATER), GLYCERIN, CHONDRUS CRISPUS (CARRAGEENAN) EXTRACT, PANTHENOL, GLUCOMANNAN, SUCROSE, CENTELLA ASIATICA LEAF EXTRACT*, ECTOIN, NIACINAMIDE, SALVIA MILTIORRHIZA LEAF EXTRACT, LACTIC ACID, CITRIC ACID, CAPRYLYL GLYCOL, XANTHAN GUM, SODIUM HYDROXIDE, P-ANISIC ACID, SODIUM LEVULINATE, PHENOXYETHANOL, BENZOIC ACID, DEHYDROACETIC ACID, SORBIC ACID",yes,yes,ja
Dermosthétique Instant Lifting Eye Patch,en,https://image.labiosthetique.com/i/square-1440/m2-product:dermosth_tique_instant_lifting_eye_patch_247961_20St_ck_fcee1f3.jpg/feed-media.jpg,https://www.labiosthetique.de/dermosthetique-age-3-instant-lifting-eye-patch,/dermosthetique-age-3-instant-lifting-eye-patch,002795,"Thanks to its unique hydrogel system, the cooling eye pad has an intensive moisturising effect, instantly calms the eyes and visibly smooths the eye area.","72,50 €",0,20 pcs,Skin care,"Apply the AGE3 Complex Instant Lifting Hydrogel Eye Patch after cleansing the eye area and leave to work for between 15 and 30 minutes, depending on your skin care needs and time available. Both sides of the pads can be used. Recommended use: two to three times a week.","AQUA (WATER), GLYCERIN, CHONDRUS CRISPUS (CARRAGEENAN) EXTRACT, PANTHENOL, GLUCOMANNAN, SUCROSE, CENTELLA ASIATICA LEAF EXTRACT*, ECTOIN, NIACINAMIDE, SALVIA MILTIORRHIZA LEAF EXTRACT, LACTIC ACID, CITRIC ACID, CAPRYLYL GLYCOL, XANTHAN GUM, SODIUM HYDROXIDE, P-ANISIC ACID, SODIUM LEVULINATE, PHENOXYETHANOL, BENZOIC ACID, DEHYDROACETIC ACID, SORBIC ACID",yes,yes,ja
Perfect Skin 2/2 Medium Beige,de,https://image.labiosthetique.com/i/square-1440/m2-product:perfect_skin_2_2_medium_beige_391647_30ml_c8fcf27.jpg/feed-media.jpg,https://www.labiosthetique.de/perfect-skin?childSku=4040218878493,/perfect-skin?childSku=4040218878493,021567,Mit hoher Pigmentdichte und starker Deckkraft gleicht die schmelzende Creme-Foundation Hautunebenheiten mühelos aus und sorgt für lang anhaltende Perfektion.,"40,00 €",0,30 ml,Make-Up,"Perfect Skin mit einem Pinsel, einem Schwamm oder den Fingern sparsam von der Gesichtsmitte nach außen auftragen und gut verblenden. Bei Bedarf wiederholen.","CENTAUREA CYANUS FLOWER WATER, C9-12 ALKANE, CI 77891 (TITANIUM DIOXIDE), AQUA (WATER), POLYGLYCERYL-2 DIPOLYHYDROXYSTEARATE, UNDECANE, COCO-CAPRYLATE/CAPRATE, TRIHYDROXYSTEARIN, TRIDECANE, POLYGLYCERYL-3 DIISOSTEARATE, CI 77492 (IRON OXIDES), MAGNESIUM SULFATE, CI 77491 (IRON OXIDES), PERSEA GRATISSIMA (AVOCADO) OIL, POTASSIUM SORBATE, HYDROGENATED VEGETABLE OIL, CI 77499 (IRON OXIDES), SODIUM LEVULINATE, PARFUM (FRAGRANCE), BENZYL ALCOHOL, SODIUM BENZOATE, SODIUM PHYTATE, LACTIC ACID, VANILLIN, TOCOPHEROL, BALANITES ROXBURGHII SEED OIL, LINALOOL, CITRUS AURANTIUM PEEL OIL, LIMONENE, JUNIPERUS VIRGINIANA OIL, POGOSTEMON CABLIN OIL, ALCOHOL",yes,yes,ja
Perfect Skin 2/2 Medium Beige,en,https://image.labiosthetique.com/i/square-1440/m2-product:perfect_skin_2_2_medium_beige_391647_30ml_c8fcf27.jpg/feed-media.jpg,https://www.labiosthetique.de/perfect-skin?childSku=4040218878493,/perfect-skin?childSku=4040218878493,021567,"With its perfect coverage, the liquid foundation provides a lastingly flawless, naturally cared for and mattified complexion.","40,00 €",0,30 ml,Make-up,"Evenly apply a small amount of the product with a make-up brush, sponge or the fingers, and blend in.","CENTAUREA CYANUS FLOWER WATER, C9-12 ALKANE, CI 77891 (TITANIUM DIOXIDE), AQUA (WATER), POLYGLYCERYL-2 DIPOLYHYDROXYSTEARATE, UNDECANE, COCO-CAPRYLATE/CAPRATE, TRIHYDROXYSTEARIN, TRIDECANE, POLYGLYCERYL-3 DIISOSTEARATE, CI 77492 (IRON OXIDES), MAGNESIUM SULFATE, CI 77491 (IRON OXIDES), PERSEA GRATISSIMA (AVOCADO) OIL, POTASSIUM SORBATE, HYDROGENATED VEGETABLE OIL, CI 77499 (IRON OXIDES), SODIUM LEVULINATE, PARFUM (FRAGRANCE), BENZYL ALCOHOL, SODIUM BENZOATE, SODIUM PHYTATE, LACTIC ACID, VANILLIN, TOCOPHEROL, BALANITES ROXBURGHII SEED OIL, LINALOOL, CITRUS AURANTIUM PEEL OIL, LIMONENE, JUNIPERUS VIRGINIANA OIL, POGOSTEMON CABLIN OIL, ALCOHOL",yes,yes,ja
Homme Deodorant Spray,de,https://image.labiosthetique.com/i/square-1440/m2-product:homme_deodorant_spray_412830_100ml_14fbf86.jpg/feed-media.jpg,https://www.labiosthetique.de/homme-deodorant-spray,/homme-deodorant-spray,003996,"Das Antitranspirant für die tägliche Anwendung bietet bis zu 24 Stunden zuverlässigen Schutz vor Achselnässe und Körpergeruch. Es ist leistungsstark, hautverträglich und angenehm frisch.","21,00 €","210,00 € / 1 l",100 ml,Hautpflege,Nach dem Duschen oder Waschen aus ca. 20 cm Abstand 1–2 Sprühstöße in die trockenen Achseln geben. Nicht auf frisch rasierter Haut anwenden. Eine einmal tägliche Anwendung genügt.,"AQUA (WATER), ALCOHOL DENAT., ALUMINUM CHLOROHYDRATE, CAPRYLYL/CAPRYL GLUCOSIDE, PARFUM (FRAGRANCE), ETHYLHEXYLGLYCERIN, TETRAMETHYL ACETYLOCTAHYDRONAPHTHALENES, LINALOOL, LIMONENE, LINALYL ACETATE, PINENE, CITRUS AURANTIUM BERGAMIA (BERGAMOT) PEEL OIL, CITRUS AURANTIUM PEEL OIL, GERANIOL, LAVANDULA OIL/EXTRACT, CITRUS LIMON PEEL OIL, TERPINEOL, COUMARIN, CITRAL, BETA-CARYOPHYLLENE, TOCOPHEROL",yes,yes,ja
Homme Deodorant Spray,en,https://image.labiosthetique.com/i/square-1440/m2-product:homme_deodorant_spray_412830_100ml_14fbf86.jpg/feed-media.jpg,https://www.labiosthetique.de/homme-deodorant-spray,/homme-deodorant-spray,003996,"The antiperspirant for daily application offers up to 24 hours of reliable protection against underarm sweat and body odour. It is a high-performance, skin-friendly and pleasantly fresh solution.","21,00 €","210,00 € / 1 l",100 ml,Skin care,"After showering or washing, spray 1-2 pumps onto the dry underarms from a distance of approx. 20 cm. Do not apply to freshly shaved skin. A single daily application is all you need.","AQUA (WATER), ALCOHOL DENAT., ALUMINUM CHLOROHYDRATE, CAPRYLYL/CAPRYL GLUCOSIDE, PARFUM (FRAGRANCE), ETHYLHEXYLGLYCERIN, TETRAMETHYL ACETYLOCTAHYDRONAPHTHALENES, LINALOOL, LIMONENE, LINALYL ACETATE, PINENE, CITRUS AURANTIUM BERGAMIA (BERGAMOT) PEEL OIL, CITRUS AURANTIUM PEEL OIL, GERANIOL, LAVANDULA OIL/EXTRACT, CITRUS LIMON PEEL OIL, TERPINEOL, COUMARIN, CITRAL, BETA-CARYOPHYLLENE, TOCOPHEROL",yes,yes,ja
Styling Brush,de,https://image.labiosthetique.com/i/square-1440/m2-product:styling_brush_342827_1St_ck_fbe586e.jpg/feed-media.jpg,https://www.labiosthetique.de/styling-brush,/styling-brush,048796,"Diese Haarbürste stylt, frisiert und sorgt für mehr Volumen: Holzbürste mit Wildschwein- und Nylonborsten für mehr Glanz, schnelles Trocknen und mehr Fülle","51,00 €",0,1 pcs,"Haar- & Kopfhautpflege,Styling","Die Bürste zum Durchkämmen bei trockenem Haar verwenden oder für halbtrockenes Haar zum föhnen. Dabei die Bürste strähnenweise am Haaransatz ansetzen, unter Spannung halten und den Föhn auf den Bürstenkörper richten. Das Haar erst auf hoher Stufe und für einen längeren Halt anschließend kalt föhnen.",keine Angabe,no,no,ja
Styling Brush,en,https://image.labiosthetique.com/i/square-1440/m2-product:styling_brush_342827_1St_ck_fbe586e.jpg/feed-media.jpg,https://www.labiosthetique.de/styling-brush,/styling-brush,048796,"This hairbrush styles the hair and gives it more volume: Wooden brush with wild boar and nylon bristles for more shine, fast drying and more body","51,00 €",0,1 pcs,"Hair & scalp care,Styling","Use the brush to comb through dry hair or blow-dry half-dry hair. Place the brush section by section at the hair roots, hold tight in the hair and direct the hairdryer at the brush body. Blow-dry the hair on a high setting and for longer hold, blast it with the cool shot setting.",not specified,no,no,ja
Spa Wellness Soap,de,https://image.labiosthetique.com/i/square-1440/m2-product:spa_wellness_soap_329815_150g_f6c2129.jpg/feed-media.jpg,https://www.labiosthetique.de/spa-wellness-soap?childSku=4040218856392,/spa-wellness-soap?childSku=4040218856392,003912,Sanfte Wellness-Seife zur Reinigung von Gesicht und Körper.,"21,50 €","143,33 € / 1 kg",150 g,Hautpflege,Das Seifenstück in den feuchten Händen aufschäumen und den Schaum auf der angefeuchteten Haut von Gesicht und Körper verteilen. Mit warmem Wasser abspülen. Kann zur täglichen Reinigung verwendet werden.,"SODIUM PALMATE, SODIUM PALM KERNELATE, AQUA (WATER), PARFUM (FRAGRANCE), GLYCERIN, BUTYROSPERMUM PARKII (SHEA) BUTTER, SODIUM CHLORIDE, TETRAMETHYL ACETYLOCTAHYDRONAPHTHALENES, LIMONENE, CITRUS LIMON PEEL OIL, CITRUS AURANTIUM PEEL OIL, TETRASODIUM EDTA, TETRASODIUM ETIDRONATE, PINENE, CITRAL, LEMONGRASS OIL",yes,no,ja
Spa Wellness Soap,en,https://image.labiosthetique.com/i/square-1440/m2-product:spa_wellness_soap_329815_150g_f6c2129.jpg/feed-media.jpg,https://www.labiosthetique.de/spa-wellness-soap?childSku=4040218856392,/spa-wellness-soap?childSku=4040218856392,003912,A gentle wellness soap for cleansing the face and body.,"21,50 €","143,33 € / 1 kg",150 g,Skin care,Lather the soap bar in moist hands and distribute the foam on the moistened skin of the face and body. Rinse off with warm water. Can be used for daily cleansing.,"SODIUM PALMATE, SODIUM PALM KERNELATE, AQUA (WATER), PARFUM (FRAGRANCE), GLYCERIN, BUTYROSPERMUM PARKII (SHEA) BUTTER, SODIUM CHLORIDE, TETRAMETHYL ACETYLOCTAHYDRONAPHTHALENES, LIMONENE, CITRUS LIMON PEEL OIL, CITRUS AURANTIUM PEEL OIL, TETRASODIUM EDTA, TETRASODIUM ETIDRONATE, PINENE, CITRAL, LEMONGRASS OIL",yes,no,ja
Eyeshadow Pen Blooming Grace,de,https://image.labiosthetique.com/i/square-1440/m2-product:eyeshadow_pen_blooming_grace_322643_1_4g_48ca459.jpg/feed-media.jpg,https://www.labiosthetique.de/eyeshadow-pen?childSku=4040218860191,/eyeshadow-pen?childSku=4040218860191,016312,"Als Lidschatten oder Eyeliner anwendbar: Eyeshadow Pen mit cremig weicher Textur, die sich einfach auftragen und verblenden lässt","23,50 €",0,"1,4 g",Make-Up,Den Eyeshadow Pen als Lidschatten auf das gesamte Oberlid oder als Eyeliner entlang des Wimpernkranzes auftragen. Mit den Fingern oder einem Pinsel lässt sich die Farbe auch einfach verblenden. Tipp: Für Smokey Eyes den Lidschatten am äußeren Lidrand intensiver auftragen und nach oben hin verblenden.,"DIMETHICONE, MICA, SILICA, ISOAMYL COCOATE, SUCROSE TETRASTEARATE TRIACETATE, POLYBUTENE, CI 77891 (TITANIUM DIOXIDE), HYDROGENATED JOJOBA OIL, SYNTHETIC WAX, TRIMETHYLSILOXYSILICATE/DIMETHICONOL CROSSPOLYMER, GLYCERYL CAPRYLATE, SILICA SILYLATE, CI 77491 (IRON OXIDES), PENTAERYTHRITYL TETRA-DI-T-BUTYL HYDROXYHYDROCINNAMATE, ETHYLENE/METHACRYLATE COPOLYMER, TIN OXIDE, ISOPROPYL TITANIUM TRIISOSTEARATE",no,yes,ja
Eyeshadow Pen Blooming Grace,en,https://image.labiosthetique.com/i/square-1440/m2-product:eyeshadow_pen_blooming_grace_322643_1_4g_48ca459.jpg/feed-media.jpg,https://www.labiosthetique.de/eyeshadow-pen?childSku=4040218860191,/eyeshadow-pen?childSku=4040218860191,016312,Can be used as an eyeshadow or an liner: Eyeshadow Pen with a soft and creamy texture that is easy to apply and blend,"23,50 €",0,"1,4 g",Make-up,Apply the Eyeshadow Pen as an eyeshadow to the whole top lid or as an eyeliner along the lashes. The colour is easy to blend with the fingers or a brush.,"DIMETHICONE, MICA, SILICA, ISOAMYL COCOATE, SUCROSE TETRASTEARATE TRIACETATE, POLYBUTENE, CI 77891 (TITANIUM DIOXIDE), HYDROGENATED JOJOBA OIL, SYNTHETIC WAX, TRIMETHYLSILOXYSILICATE/DIMETHICONOL CROSSPOLYMER, GLYCERYL CAPRYLATE, SILICA SILYLATE, CI 77491 (IRON OXIDES), PENTAERYTHRITYL TETRA-DI-T-BUTYL HYDROXYHYDROCINNAMATE, ETHYLENE/METHACRYLATE COPOLYMER, TIN OXIDE, ISOPROPYL TITANIUM TRIISOSTEARATE",no,yes,ja
Perfect Volume Brown,de,https://image.labiosthetique.com/i/square-1440/m2-product:perfect_volume_brown_247621_8ml_48b40e4.jpg/feed-media.jpg,https://www.labiosthetique.de/perfect-volume?childSku=4040218865691,/perfect-volume?childSku=4040218865691,017575,"Die Volumen-Wimperntusche zaubert ultimatives Volumen, verführerischen Glanz und flexiblem Halt - mit sofortigem Wow-Effekt.","27,00 €",0,8 ml,Make-Up,Die Wimpern mit nach unten gerichtetem Blick in einer Zick- Zack-Bewegung vom Ansatz bis zur Spitze mit Perfect Volume tuschen.,"AQUA (WATER), CI 77499 (IRON OXIDES), HELIANTHUS ANNUUS (SUNFLOWER) SEED WAX, HYDROGENATED OLIVE OIL STEARYL ESTERS, COPERNICIA CERIFERA CERA (CARNAUBA WAX), LACTOBACILLUS FERMENT, PROPANEDIOL, CI 77491 (IRON OXIDES), STEARIC ACID, PALMITIC ACID, CI 77492 (IRON OXIDES), OLEA EUROPAEA (OLIVE) OIL UNSAPONIFIABLES, ORYZA SATIVA (RICE) BRAN WAX, PULLULAN, AMINOMETHYL PROPANOL, 1,2-HEXANEDIOL, CAPRYLYL GLYCOL, GALACTOARABINAN, HYDROXYETHYLCELLULOSE, RHUS VERNICIFLUA PEEL CERA, SHOREA ROBUSTA RESIN, ROSA CENTIFOLIA FLOWER CERA, ROSA DAMASCENA FLOWER CERA, DISODIUM PHOSPHATE, POLYSORBATE 60, SODIUM PHOSPHATE",yes,yes,nein
Perfect Volume Brown,en,https://image.labiosthetique.com/i/square-1440/m2-product:perfect_volume_brown_247621_8ml_48b40e4.jpg/feed-media.jpg,https://www.labiosthetique.de/perfect-volume?childSku=4040218865691,/perfect-volume?childSku=4040218865691,017575,"The volumising mascara provides ultimate volume, seductive shine and flexible hold – for that instant wow effect.","27,00 €",0,8 ml,Make-up,Look down as you apply Perfect Volume mascara in a zig-zag direction from roots to tips.,"AQUA (WATER), CI 77499 (IRON OXIDES), HELIANTHUS ANNUUS (SUNFLOWER) SEED WAX, HYDROGENATED OLIVE OIL STEARYL ESTERS, COPERNICIA CERIFERA CERA (CARNAUBA WAX), LACTOBACILLUS FERMENT, PROPANEDIOL, CI 77491 (IRON OXIDES), STEARIC ACID, PALMITIC ACID, CI 77492 (IRON OXIDES), OLEA EUROPAEA (OLIVE) OIL UNSAPONIFIABLES, ORYZA SATIVA (RICE) BRAN WAX, PULLULAN, AMINOMETHYL PROPANOL, 1,2-HEXANEDIOL, CAPRYLYL GLYCOL, GALACTOARABINAN, HYDROXYETHYLCELLULOSE, RHUS VERNICIFLUA PEEL CERA, SHOREA ROBUSTA RESIN, ROSA CENTIFOLIA FLOWER CERA, ROSA DAMASCENA FLOWER CERA, DISODIUM PHOSPHATE, POLYSORBATE 60, SODIUM PHOSPHATE",yes,yes,nein
Eyeshadow Pen Sugar Plum,de,https://image.labiosthetique.com/i/square-1440/m2-product:eyeshadow_pen_sugar_plum_396594_1_4g_20e1f93.jpg/feed-media.jpg,https://www.labiosthetique.de/eyeshadow-pen?childSku=4040218881691,/eyeshadow-pen?childSku=4040218881691,016347,"Als Lidschatten oder Eyeliner anwendbar: Eyeshadow Pen mit cremig weicher Textur, die sich einfach auftragen und verblenden lässt","23,50 €",0,"1,4 g",Make-Up,Den Eyeshadow Pen als Lidschatten auf das gesamte Oberlid oder als Eyeliner entlang des Wimpernkranzes auftragen. Mit den Fingern oder einem Pinsel lässt sich die Farbe auch einfach verblenden. Tipp: Für Smokey Eyes den Lidschatten am äußeren Lidrand intensiver auftragen und nach oben hin verblenden.,"DIMETHICONE, SILICA, CI 77891 (TITANIUM DIOXIDE), ISOAMYL COCOATE, CI 77742 (MANGANESE VIOLET), SUCROSE TETRASTEARATE TRIACETATE, POLYBUTENE, HYDROGENATED JOJOBA OIL, SYNTHETIC WAX, MICA, TRIMETHYLSILOXYSILICATE/DIMETHICONOL CROSSPOLYMER, GLYCERYL CAPRYLATE, SILICA SILYLATE, CI 77007 (ULTRAMARINES), CI 77499 (IRON OXIDES), PENTAERYTHRITYL TETRA-DI-T-BUTYL HYDROXYHYDROCINNAMATE, ETHYLENE/METHACRYLATE COPOLYMER, ISOPROPYL TITANIUM TRIISOSTEARATE/METHICONE CROSSPOLYMER",no,yes,nein
Eyeshadow Pen Sugar Plum,en,https://image.labiosthetique.com/i/square-1440/m2-product:eyeshadow_pen_sugar_plum_396594_1_4g_20e1f93.jpg/feed-media.jpg,https://www.labiosthetique.de/eyeshadow-pen?childSku=4040218881691,/eyeshadow-pen?childSku=4040218881691,016347,Can be used as an eyeshadow or an liner: Eyeshadow Pen with a soft and creamy texture that is easy to apply and blend,"23,50 €",0,"1,4 g",Make-up,Apply the Eyeshadow Pen as an eyeshadow to the whole top lid or as an eyeliner along the lashes. The colour is easy to blend with the fingers or a brush.,"DIMETHICONE, SILICA, CI 77891 (TITANIUM DIOXIDE), ISOAMYL COCOATE, CI 77742 (MANGANESE VIOLET), SUCROSE TETRASTEARATE TRIACETATE, POLYBUTENE, HYDROGENATED JOJOBA OIL, SYNTHETIC WAX, MICA, TRIMETHYLSILOXYSILICATE/DIMETHICONOL CROSSPOLYMER, GLYCERYL CAPRYLATE, SILICA SILYLATE, CI 77007 (ULTRAMARINES), CI 77499 (IRON OXIDES), PENTAERYTHRITYL TETRA-DI-T-BUTYL HYDROXYHYDROCINNAMATE, ETHYLENE/METHACRYLATE COPOLYMER, ISOPROPYL TITANIUM TRIISOSTEARATE/METHICONE CROSSPOLYMER",no,yes,nein
Heat Protecting Spray ,de,https://image.labiosthetique.com/i/square-1440/m2-product:heat_protecting_spray_410823_100ml_ef8a388.jpg/feed-media.jpg,https://www.labiosthetique.de/heat-protecting-spray-1,/heat-protecting-spray-1,110475,Das Hitzeschutzspray sorgt für lang anhaltend glatte Looks und geschmeidig glänzende Ergebnisse.,"25,50 €","255,00 € / 1 l",100 ml,Styling,"Heat Protecting Spray vor Gebrauch gut schütteln, damit sich die beiden Phasen verbinden. Vor dem Föhnen passéweise ins feuchte, vor dem Glätten ins trockene Haar sprühen.","AQUA (WATER), ALCOHOL DENAT., C9-12 ALKANE, CAPRYLIC/CAPRIC TRIGLYCERIDE, DIMER DILINOLEYL DIMER DILINOLEATE, COCO-CAPRYLATE/CAPRATE, DECYL GLUCOSIDE, PARFUM (FRAGRANCE), BIS-ETHYLHEXYL HYDROXYDIMETHOXY BENZYLMALONATE, BISABOLOL, TEREPHTHALYLIDENE DICAMPHOR SULFONIC ACID, HYDROGENATED RAPESEED GLYCERIDES , VINYL CAPROLACTAM/VP/DIMETHYLAMINOETHYL METHACRYLATE COPOLYMER, TETRAMETHYL ACETYLOCTAHYDRONAPHTHALENES, LIMONENE, LINALOOL, LINALYL ACETATE, GERANIOL, CITRONELLOL, PINENE, COUMARIN, ANISE ALCOHOL, DIMETHYL PHENETHYL ACETATE, TOCOPHEROL",yes,yes,ja
Heat Protecting Spray ,en,https://image.labiosthetique.com/i/square-1440/m2-product:heat_protecting_spray_410823_100ml_ef8a388.jpg/feed-media.jpg,https://www.labiosthetique.de/heat-protecting-spray-1,/heat-protecting-spray-1,110475,The heat protection spray provides long-lasting sleek looks with soft and shiny results.,"25,50 €","255,00 € / 1 l",100 ml,Styling,Shake Heat Protecting Spray well before use so that the two phases are combined. Spray section by section into damp hair before blow-drying or into dry hair before straightening.,"AQUA (WATER), ALCOHOL DENAT., C9-12 ALKANE, CAPRYLIC/CAPRIC TRIGLYCERIDE, DIMER DILINOLEYL DIMER DILINOLEATE, COCO-CAPRYLATE/CAPRATE, DECYL GLUCOSIDE, PARFUM (FRAGRANCE), BIS-ETHYLHEXYL HYDROXYDIMETHOXY BENZYLMALONATE, BISABOLOL, TEREPHTHALYLIDENE DICAMPHOR SULFONIC ACID, HYDROGENATED RAPESEED GLYCERIDES , VINYL CAPROLACTAM/VP/DIMETHYLAMINOETHYL METHACRYLATE COPOLYMER, TETRAMETHYL ACETYLOCTAHYDRONAPHTHALENES, LIMONENE, LINALOOL, LINALYL ACETATE, GERANIOL, CITRONELLOL, PINENE, COUMARIN, ANISE ALCOHOL, DIMETHYL PHENETHYL ACETATE, TOCOPHEROL",yes,yes,ja
Brilliant Nail Merlot,de,https://image.labiosthetique.com/i/square-1440/m2-product:brilliant_nail_merlot_355013_8ml_f687a9f.jpg/feed-media.jpg,https://www.labiosthetique.de/brilliant-nail?childSku=4040218866490,/brilliant-nail?childSku=4040218866490,020425,Der Nagellack Brilliant Nail peppt Hand- und Fußnägel frech auf und bringt sie auf Hochglanz – langanhaltend.,"19,00 €",0,8 ml,Make-Up,"Einfach eine dünne Schicht Brilliant Nail über den bereits getrockneten Unterlack bzw. auch direkt auf den Nagel auftragen. Intensiveres Farbergebnis gewünscht? Dann einfach eine zweite Schicht auftragen. Für eine noch längere Haltbarkeit mit dem Überlack Superior Nail Treatment fixieren. Und wenn´s schnell gehen soll, dann den Nagellack-Schnelltrockner Brilliant Nail Finish verwenden.","BUTYL ACETATE, ETHYL ACETATE, NITROCELLULOSE, ADIPIC ACID/NEOPENTYL GLYCOL/TRIMELLITIC ANHYDRIDE COPOLYMER, ACETYL TRIBUTYL CITRATE, ISOPROPYL ALCOHOL, CI 15880 (RED 34 LAKE), STEARALKONIUM HECTORITE, CI 15850 (RED 7 LAKE), CI 77891 (TITANIUM DIOXIDE), CITRIC ACID, CI 77266 (BLACK 2)",yes,yes,ja
Brilliant Nail Merlot,en,https://image.labiosthetique.com/i/square-1440/m2-product:brilliant_nail_merlot_355013_8ml_f687a9f.jpg/feed-media.jpg,https://www.labiosthetique.de/brilliant-nail?childSku=4040218866490,/brilliant-nail?childSku=4040218866490,020425,Brilliant Nail nail polish gives finger and toe nails a cheeky look with high shine and is also long-lasting,"19,00 €",0,8 ml,Make-up,"Simply apply a thin coat of Brilliant Nail to the already dry base coat and/or directly to the nail. Would you like a more intense colour result? If so, simply apply a second coat. For more durability fix the nails with the Superior Nail Treatment top coat. And if you are in a rush, use Brilliant Nail Finish for fast-drying nails.","BUTYL ACETATE, ETHYL ACETATE, NITROCELLULOSE, ADIPIC ACID/NEOPENTYL GLYCOL/TRIMELLITIC ANHYDRIDE COPOLYMER, ACETYL TRIBUTYL CITRATE, ISOPROPYL ALCOHOL, CI 15880 (RED 34 LAKE), STEARALKONIUM HECTORITE, CI 15850 (RED 7 LAKE), CI 77891 (TITANIUM DIOXIDE), CITRIC ACID, CI 77266 (BLACK 2)",yes,yes,ja
Long Hair  Protective Conditioning Fluid,de,https://image.labiosthetique.com/i/square-1440/m2-product:long_hair_protective_conditioning_fluid_415615_150ml_c429b6b.jpg/feed-media.jpg,https://www.labiosthetique.de/long-hair-protective-conditioning-fluid-2,/long-hair-protective-conditioning-fluid-2,120068,"Das reichhaltige multifunktionale Leave-in Fluid versorgt langes Haar intensiv mit Feuchtigkeit, stärkt die Haarstruktur und schützt vor Haarbruch, Spliss, Umweltbelastungen und Stylinghitze bis 230 °C – für sofort geschmeidig gepflegte, widerstandsfähige Längen mit seidigem Glanz.","32,00 €","213,33 € / 1 l",150 ml,Haar- & Kopfhautpflege,Nach der Haarwäsche im handtuchtrockenen Haar verteilen und leicht einkneten. Nicht ausspülen.,"AQUA (WATER), C9-12 ALKANE, CETEARYL ALCOHOL, CAESALPINIA SPINOSA GUM, GLYCERIN, PHENOXYETHANOL, PARFUM (FRAGRANCE), BEHENTRIMONIUM METHOSULFATE, PENTYLENE GLYCOL, HYDROXYPROPYL GUAR HYDROXYPROPYLTRIMONIUM CHLORIDE, OLEA EUROPAEA (OLIVE) LEAF EXTRACT, COCO-CAPRYLATE/CAPRATE, CAPRYLIC/CAPRIC TRIGLYCERIDE, TETRAMETHYL ACETYLOCTAHYDRONAPHTHALENES, HYDROLYZED WHEAT PROTEIN, ETHYLHEXYLGLYCERIN, LIMONENE, CETRIMONIUM CHLORIDE, TRITICUM VULGARE (WHEAT) BRAN EXTRACT, ALPHA-ISOMETHYL IONONE, CITRUS AURANTIUM BERGAMIA (BERGAMOT) PEEL OIL, LACTIC ACID, HYDROGENATED RAPESEED GLYCERIDES , LINALOOL, LINALYL ACETATE, CYCLODEXTRIN, PINENE, CITRONELLOL, GERANIOL, 1,2-HEXANEDIOL, CAPRYLYL GLYCOL, CITRIC ACID, TERPINEOL, SODIUM BENZOATE, BENZYL ALCOHOL, CYAMOPSIS TETRAGONOLOBA (GUAR) GUM, XANTHAN GUM, PINUS SYLVESTRIS CONE EXTRACT, TOCOPHEROL, PHYTIC ACID, HEXADECANOLACTONE",no,yes,ja
Long Hair  Protective Conditioning Fluid,en,https://image.labiosthetique.com/i/square-1440/m2-product:long_hair_protective_conditioning_fluid_415615_150ml_c429b6b.jpg/feed-media.jpg,https://www.labiosthetique.de/long-hair-protective-conditioning-fluid-2,/long-hair-protective-conditioning-fluid-2,120068,"The rich multifunctional leave-in fluid supplies long hair with intense moisture, strengthens the hair structure and protects against hair breakage, split ends, environmental stress and styling heat up to 230 °C – for instantly sleek, resistant and well-cared-for lengths with silky shine.","32,00 €","213,33 € / 1 l",150 ml,Hair & scalp care,"After washing, distribute into towel-dried hair and lightly knead in. Do not rinse out.","AQUA (WATER), C9-12 ALKANE, CETEARYL ALCOHOL, CAESALPINIA SPINOSA GUM, GLYCERIN, PHENOXYETHANOL, PARFUM (FRAGRANCE), BEHENTRIMONIUM METHOSULFATE, PENTYLENE GLYCOL, HYDROXYPROPYL GUAR HYDROXYPROPYLTRIMONIUM CHLORIDE, OLEA EUROPAEA (OLIVE) LEAF EXTRACT, COCO-CAPRYLATE/CAPRATE, CAPRYLIC/CAPRIC TRIGLYCERIDE, TETRAMETHYL ACETYLOCTAHYDRONAPHTHALENES, HYDROLYZED WHEAT PROTEIN, ETHYLHEXYLGLYCERIN, LIMONENE, CETRIMONIUM CHLORIDE, TRITICUM VULGARE (WHEAT) BRAN EXTRACT, ALPHA-ISOMETHYL IONONE, CITRUS AURANTIUM BERGAMIA (BERGAMOT) PEEL OIL, LACTIC ACID, HYDROGENATED RAPESEED GLYCERIDES , LINALOOL, LINALYL ACETATE, CYCLODEXTRIN, PINENE, CITRONELLOL, GERANIOL, 1,2-HEXANEDIOL, CAPRYLYL GLYCOL, CITRIC ACID, TERPINEOL, SODIUM BENZOATE, BENZYL ALCOHOL, CYAMOPSIS TETRAGONOLOBA (GUAR) GUM, XANTHAN GUM, PINUS SYLVESTRIS CONE EXTRACT, TOCOPHEROL, PHYTIC ACID, HEXADECANOLACTONE",no,yes,ja
Fresh Skin 4/5 Deep Brown,de,https://image.labiosthetique.com/i/square-1440/m2-product:fresh_skin_4_5_deep_brown_260673_30ml_2a72c65.jpg/feed-media.jpg,https://www.labiosthetique.de/fresh-skin?childSku=4040218856989,/fresh-skin?childSku=4040218856989,021052,"Feuchtigkeitsspender pflegen die Haut, ausgleichende Pigmente mindern Farbunebenheiten; für einen natürlich ebenmäßigen Teint in einer einzigen, einfachen Geste!","34,00 €",0,30 ml,Make-Up,Einfach mit den Fingern auf die gereinigte und mit Gesichtslotion angefeuchtete Haut auftragen und einarbeiten,"AQUA (WATER), GLYCERIN, CAPRYLIC/CAPRIC TRIGLYCERIDE, ETHYLHEXYL STEARATE, SQUALANE, HYDROGENATED COCO-GLYCERIDES, CETEARYL ALCOHOL, CI 77891 (TITANIUM DIOXIDE), MICA, CETYL PALMITATE, STEARIC ACID, PALMITIC ACID, GLYCERYL STEARATE, POTASSIUM PALMITOYL HYDROLYZED WHEAT PROTEIN, CI 77492 (IRON OXIDES), PHENOXYETHANOL, CI 77491 (IRON OXIDES), POTASSIUM CETYL PHOSPHATE, MICROCRYSTALLINE CELLULOSE, PARFUM (FRAGRANCE), XANTHAN GUM, CI 77499 (IRON OXIDES), TIN OXIDE, HYDROXYACETOPHENONE, CELLULOSE GUM, BENZOIC ACID, CAPRYLYL GLYCOL, TOCOPHEROL, DEHYDROACETIC ACID, LINALYL ACETATE, TETRAMETHYL ACETYLOCTAHYDRONAPHTHALENES, LIMONENE, HELIANTHUS ANNUUS (SUNFLOWER) SEED OIL, LINALOOL, CITRAL, PINENE",yes,yes,ja
Fresh Skin 4/5 Deep Brown,en,https://image.labiosthetique.com/i/square-1440/m2-product:fresh_skin_4_5_deep_brown_260673_30ml_2a72c65.jpg/feed-media.jpg,https://www.labiosthetique.de/fresh-skin?childSku=4040218856989,/fresh-skin?childSku=4040218856989,021052,"Moisturisers condition the skin, and balancing pigments reduce colour unevenness – for a naturally balanced complexion in one simple application!","34,00 €",0,30 ml,Make-up,Simply apply to skin that has been cleansed and moistened with face lotion with the fingers and work in.,"AQUA (WATER), GLYCERIN, CAPRYLIC/CAPRIC TRIGLYCERIDE, ETHYLHEXYL STEARATE, SQUALANE, HYDROGENATED COCO-GLYCERIDES, CETEARYL ALCOHOL, CI 77891 (TITANIUM DIOXIDE), MICA, CETYL PALMITATE, STEARIC ACID, PALMITIC ACID, GLYCERYL STEARATE, POTASSIUM PALMITOYL HYDROLYZED WHEAT PROTEIN, CI 77492 (IRON OXIDES), PHENOXYETHANOL, CI 77491 (IRON OXIDES), POTASSIUM CETYL PHOSPHATE, MICROCRYSTALLINE CELLULOSE, PARFUM (FRAGRANCE), XANTHAN GUM, CI 77499 (IRON OXIDES), TIN OXIDE, HYDROXYACETOPHENONE, CELLULOSE GUM, BENZOIC ACID, CAPRYLYL GLYCOL, TOCOPHEROL, DEHYDROACETIC ACID, LINALYL ACETATE, TETRAMETHYL ACETYLOCTAHYDRONAPHTHALENES, LIMONENE, HELIANTHUS ANNUUS (SUNFLOWER) SEED OIL, LINALOOL, CITRAL, PINENE",yes,yes,ja
Dermosthétique Hyaluronic Acid Hydrating Capsules,de,https://image.labiosthetique.com/i/square-1440/m2-product:dermosth_tique_hyaluronic_acid_hydrating_capsules_266959_60Kapseln_b98f9c9.jpg/feed-media.jpg,https://www.labiosthetique.de/dermosthetique-hyaluronic-acid-hydrating-capsules?childSku=4040218895889,/dermosthetique-hyaluronic-acid-hydrating-capsules?childSku=4040218895889,003279,"Mit Wirkstoffen aus dem Meer und hoch konzentrierten Lipidextrakten spendet jede Kapsel vielschichtige Feuchtigkeit und bewahrt sie in der Haut, die sofort glatter, fester und geschmeidig zart wird.","99,50 €",0,60 capsules,Hautpflege,"Das Hydro-Lipogel täglich morgens und/oder abends auf der gereinigten, tonifizierten Haut anwenden. Dazu den Kapselverschluss zum Öffnen mehrmals drehen oder abschneiden, dann den Inhalt einer Kapsel mit den Fingerspitzen sanft auftragen.","DIMETHICONE, TRISILOXANE, DIMETHICONE CROSSPOLYMER, ETHYLHEXYL PALMITATE, DIMETHICONOL, SODIUM HYALURONATE, GLUCOMANNAN, SALICORNIA HERBACEA EXTRACT, ETHYL FERULATE, ROSMARINUS OFFICINALIS (ROSEMARY) LEAF EXTRACT , CRITHMUM MARITIMUM EXTRACT, HELIANTHUS ANNUUS (SUNFLOWER) SEED OIL, CAPRYLIC/CAPRIC TRIGLYCERIDE, PARFUM (FRAGRANCE), TOCOPHEROL, TRIHYDROXYSTEARIN",no,no,ja
Dermosthétique Hyaluronic Acid Hydrating Capsules,en,https://image.labiosthetique.com/i/square-1440/m2-product:dermosth_tique_hyaluronic_acid_hydrating_capsules_266959_60Kapseln_b98f9c9.jpg/feed-media.jpg,https://www.labiosthetique.de/dermosthetique-hyaluronic-acid-hydrating-capsules?childSku=4040218895889,/dermosthetique-hyaluronic-acid-hydrating-capsules?childSku=4040218895889,003279,"With active ingredients from the sea and highly concentrated lipid extracts, each capsule supplies multifaceted moisture and locks it into the skin, which instantly becomes smoother, firmer and silky soft.","99,50 €",0,60 capsules,Skin care,"Apply the hydro lipogel to cleansed, toned skin every day in the morning and/or evening. First, twist the capsule closure several times or snip it off to open, then use your fingertips to gently apply the contents of one capsule.","DIMETHICONE, TRISILOXANE, DIMETHICONE CROSSPOLYMER, ETHYLHEXYL PALMITATE, DIMETHICONOL, SODIUM HYALURONATE, GLUCOMANNAN, SALICORNIA HERBACEA EXTRACT, ETHYL FERULATE, ROSMARINUS OFFICINALIS (ROSEMARY) LEAF EXTRACT , CRITHMUM MARITIMUM EXTRACT, HELIANTHUS ANNUUS (SUNFLOWER) SEED OIL, CAPRYLIC/CAPRIC TRIGLYCERIDE, PARFUM (FRAGRANCE), TOCOPHEROL, TRIHYDROXYSTEARIN",no,no,ja
BELAVANCE® Top Coat ,de,https://image.labiosthetique.com/i/square-1440/m2-product:belavance_top_coat_416277_8ml_a59b6cf.jpg/feed-media.jpg,https://www.labiosthetique.de/belavancer-top-coat,/belavancer-top-coat,020622,"Der transparente Überlack versiegelt den Nagellack, verstärkt dessen Brillanz und schenkt der Maniküre ein makelloses Hochglanz-Finish.","19,00 €",0,8 ml,Make-Up,Tragen Sie den BELAVANCE® Top Coat als letzten Schritt Ihrer Maniküre in einer dünnen Schicht über dem vollständig getrockneten Farblack auf den Nagel und die Nagelspitze auf und lassen ihn kurz trocknen. Ein wiederholtes Auftragen verlängert den Glanz und die Haltbarkeit des Farblacks.,"ETHYL ACETATE, BUTYL ACETATE, NITROCELLULOSE, ACETYL TRIBUTYL CITRATE, ISOPROPYL ALCOHOL, ACRYLATES COPOLYMER, MEK, CI 60725 (VIOLET 2)",yes,yes,ja
BELAVANCE® Top Coat ,en,https://image.labiosthetique.com/i/square-1440/m2-product:belavance_top_coat_416277_8ml_a59b6cf.jpg/feed-media.jpg,https://www.labiosthetique.de/belavancer-top-coat,/belavancer-top-coat,020622,"The transparent top coat seals nail polish, enhances its brilliance and gives your manicure a flawless high-gloss finish.","19,00 €",0,8 ml,Make-up,"As the final step of your manicure, apply a thin layer of BELAVANCE® Top Coat on top of completely dried nail polish on the nails and the nail tips, then briefly leave it to dry. Repeated application extends the shine and the durability of the nail polish.","ETHYL ACETATE, BUTYL ACETATE, NITROCELLULOSE, ACETYL TRIBUTYL CITRATE, ISOPROPYL ALCOHOL, ACRYLATES COPOLYMER, MEK, CI 60725 (VIOLET 2)",yes,yes,ja
Bi-Phase-Remover,de,https://image.labiosthetique.com/i/square-1440/m2-product:bi_phase_remover_413552_100ml_4e59bda.jpg/feed-media.jpg,https://www.labiosthetique.de/bi-phase-remover-1,/bi-phase-remover-1,017104,Der Augen-Make-up-Entferner reinigt sanft und äußerst behutsam selbst wasserfestes Augen-Make-up und spendet der empfindlichen Augenpartie ein Maximum an Pflege.,"28,50 €","285,00 € / 1 l",100 ml,Make-Up,"Flakon vor Gebrauch gut schütteln, damit sich die zwei Phasen miteinander vermischen. Wattepad mit Bi-Phase-Remover tränken und sanft über die Augenpartie streichen, um das wasserfeste Augen-Make-up zu entfernen. Bei Bedarf einige Sekunden einwirken lassen.","AQUA (WATER), CAPRYLIC/CAPRIC TRIGLYCERIDE, ISOPROPYL PALMITATE, CANOLA OIL, DISODIUM CAPRYLOYL GLUTAMATE, SODIUM CHLORIDE, PHENOXYETHANOL, DECYL GLUCOSIDE, PROPYLENE GLYCOL, DIPOTASSIUM PHOSPHATE, POTASSIUM PHOSPHATE, ETHYLHEXYLGLYCERIN, TOCOPHEROL, CI 42090 (BLUE 1), TETRASODIUM EDTA, CITRIC ACID",yes,yes,ja
Bi-Phase-Remover,en,https://image.labiosthetique.com/i/square-1440/m2-product:bi_phase_remover_413552_100ml_4e59bda.jpg/feed-media.jpg,https://www.labiosthetique.de/bi-phase-remover-1,/bi-phase-remover-1,017104,The eye make-up remover gently and extremely carefully removes even waterproof eye make-up and provides the sensitive eye area with maximum care.,"28,50 €","285,00 € / 1 l",100 ml,Make-up,"Shake bottle well before use so that the two phases blend. Soak cotton pad in Bi-Phase-Remover and stroke gently over the eye area to remove waterproof eye make-up. If required, leave on for a few seconds.","AQUA (WATER), CAPRYLIC/CAPRIC TRIGLYCERIDE, ISOPROPYL PALMITATE, CANOLA OIL, DISODIUM CAPRYLOYL GLUTAMATE, SODIUM CHLORIDE, PHENOXYETHANOL, DECYL GLUCOSIDE, PROPYLENE GLYCOL, DIPOTASSIUM PHOSPHATE, POTASSIUM PHOSPHATE, ETHYLHEXYLGLYCERIN, TOCOPHEROL, CI 42090 (BLUE 1), TETRASODIUM EDTA, CITRIC ACID",yes,yes,ja
Frizz Control Smoothing Conditioner,de,https://image.labiosthetique.com/i/square-1440/m2-product:frizz_control_smoothing_conditioner_247249_150ml_25e3465.jpg/feed-media.jpg,https://www.labiosthetique.de/frizz-control-smoothing-conditioner,/frizz-control-smoothing-conditioner,120162,"Smoothing Conditioner stabilisiert den Feuchtigkeitshaushalt unruhiger Haare und versorgt sie mit Nährstoffen. Er gleicht Strukturunterschiede aus und glättet die Haaroberfläche. Das fühlbar beruhigte Haar lässt sich mühelos stylen, bleibt den ganzen Tag in Form, ist geschmeidig und glänzt seidig.","28,00 €","186,67 € / 1 l",150 ml,Haar- & Kopfhautpflege,"Nach jeder zweiten oder dritten Haarwäsche in das feuchte Haar einarbeiten, 3-5 Minuten einwirken lassen, dann ausspülen.","AQUA (WATER), QUATERNIUM-87, CETEARYL ALCOHOL, C9-12 ALKANE, CAPRYLIC/CAPRIC TRIGLYCERIDE, PROPYLENE GLYCOL DIBENZOATE, GLYCERIN, GLYCERYL STEARATE, QUATERNIUM-91, DIMER DILINOLEYL DIMER DILINOLEATE, PROPYLENE GLYCOL, BEHENTRIMONIUM METHOSULFATE, CETRIMONIUM METHOSULFATE, PARFUM (FRAGRANCE), COCO-CAPRYLATE/CAPRATE, BENZOIC ACID, GUAR HYDROXYPROPYLTRIMONIUM CHLORIDE, HYDROGENATED RAPESEED GLYCERIDES , TRIBEHENIN, TETRAMETHYL ACETYLOCTAHYDRONAPHTHALENES, HEXAMETHYLINDANOPYRAN, BENZYL SALICYLATE, LIMONENE, ALPHA-ISOMETHYL IONONE, TROMETHAMINE, TOCOPHEROL",yes,yes,ja
Frizz Control Smoothing Conditioner,en,https://image.labiosthetique.com/i/square-1440/m2-product:frizz_control_smoothing_conditioner_247249_150ml_25e3465.jpg/feed-media.jpg,https://www.labiosthetique.de/frizz-control-smoothing-conditioner,/frizz-control-smoothing-conditioner,120162,"Smoothing Conditioner noticeably calms, conditions and smooths the structure of stubborn hair, and provides softness and lasting shape.","28,00 €","186,67 € / 1 l",150 ml,Hair & scalp care,"After every second or third wash, distribute into damp hair, leave in for 3 – 5 minutes and rinse.","AQUA (WATER), QUATERNIUM-87, CETEARYL ALCOHOL, C9-12 ALKANE, CAPRYLIC/CAPRIC TRIGLYCERIDE, PROPYLENE GLYCOL DIBENZOATE, GLYCERIN, GLYCERYL STEARATE, QUATERNIUM-91, DIMER DILINOLEYL DIMER DILINOLEATE, PROPYLENE GLYCOL, BEHENTRIMONIUM METHOSULFATE, CETRIMONIUM METHOSULFATE, PARFUM (FRAGRANCE), COCO-CAPRYLATE/CAPRATE, BENZOIC ACID, GUAR HYDROXYPROPYLTRIMONIUM CHLORIDE, HYDROGENATED RAPESEED GLYCERIDES , TRIBEHENIN, TETRAMETHYL ACETYLOCTAHYDRONAPHTHALENES, HEXAMETHYLINDANOPYRAN, BENZYL SALICYLATE, LIMONENE, ALPHA-ISOMETHYL IONONE, TROMETHAMINE, TOCOPHEROL",yes,yes,ja
Artistic Hair Spray,de,https://image.labiosthetique.com/i/square-1440/m2-product:artistic_hair_spray_398123_250ml_72af289.jpg/feed-media.jpg,https://www.labiosthetique.de/artistic-hair-spray,/artistic-hair-spray,110344,Das silikonfreie Non-Aerosol Haarspray fixiert sämtliche Stylings mit starkem Halt und ermöglicht ausgefallene Looks durch eine leicht verzögerte Trocknungszeit.,"25,50 €","102,00 € / 1 l",250 ml,Styling,"Das Non-Aerosol Spray aus etwa 20-30 Zentimeter Entfernung ins trockene Haar sprühen, um einzelne Partien oder den ganzen Look zu fixieren.","ALCOHOL DENAT., ETHYL ESTER OF PVM/MA COPOLYMER, VP/VA COPOLYMER, AMINOMETHYL PROPANOL, PARFUM (FRAGRANCE), LAURYL PYRROLIDONE, TETRAMETHYL ACETYLOCTAHYDRONAPHTHALENES, LIMONENE, LINALOOL, LINALYL ACETATE, GERANIOL, CITRONELLOL, PINENE, COUMARIN, ANISE ALCOHOL, DIMETHYL PHENETHYL ACETATE",yes,yes,ja
Artistic Hair Spray,en,https://image.labiosthetique.com/i/square-1440/m2-product:artistic_hair_spray_398123_250ml_72af289.jpg/feed-media.jpg,https://www.labiosthetique.de/artistic-hair-spray,/artistic-hair-spray,110344,The silicone-free non-aerosol hair spray fixes all styles with a strong hold and enables unusual looks thanks to a slightly delayed drying time.,"25,50 €","102,00 € / 1 l",250 ml,Styling,Spray the non-aerosol spray into dry hair from a distance of around 20-30 centimetres to set individual sections or the entire look.,"ALCOHOL DENAT., ETHYL ESTER OF PVM/MA COPOLYMER, VP/VA COPOLYMER, AMINOMETHYL PROPANOL, PARFUM (FRAGRANCE), LAURYL PYRROLIDONE, TETRAMETHYL ACETYLOCTAHYDRONAPHTHALENES, LIMONENE, LINALOOL, LINALYL ACETATE, GERANIOL, CITRONELLOL, PINENE, COUMARIN, ANISE ALCOHOL, DIMETHYL PHENETHYL ACETATE",yes,yes,ja
Lip Shine,de,https://image.labiosthetique.com/i/square-1440/m2-product:lip_shine_410734_13ml_acadb62.jpg/feed-media.jpg,https://www.labiosthetique.de/lip-shine,/lip-shine,019095,"Die moderne Gel-Textur von Lip Shine legt sich sanft auf die Lippen und verleiht ihnen ein glasiertes Finish. Die leichte Tönung verleiht Frische für zeitlose Eleganz. Ein Statement aus Glanz, zarter Farbe und einem Hauch Luxus in einem einzigen Auftrag.","24,00 €",0,13 ml,Make-Up,"Die Tube leicht drücken, um die gewünschte Menge auf den Applikator zu geben. Das Produkt direkt mit dem Applikator auf die Lippen auftragen. Ein Auftrag genügt für einen dezent getönten, glasierten Look oder als glänzendes Finish über dem Lippenstift. Für mehr Intensität: die Menge höher dosieren oder mehrere dünne Schichten auftragen – für mehr Farbe, mehr Glanz und mehr Ausdruck.","POLYBUTENE, HYDROGENATED DIDECENE, HYDROGENATED STYRENE/ISOPRENE COPOLYMER, PENTAERYTHRITYL TETRAISOSTEARATE, PARFUM (FRAGRANCE), TOCOPHERYL ACETATE, CI 15850 (RED 6), CI 45410 (RED 28 LAKE), PENTAERYTHRITYL TETRA-DI-T-BUTYL HYDROXYHYDROCINNAMATE, TERPINEOL, GERANYL ACETATE",yes,yes,ja
Lip Shine,en,https://image.labiosthetique.com/i/square-1440/m2-product:lip_shine_410734_13ml_acadb62.jpg/feed-media.jpg,https://www.labiosthetique.de/lip-shine,/lip-shine,019095,"The modern gel texture of Lip Shine settles softly on the lips and gives them a glazed finish. The light touch of colour provides freshness for timeless elegance. A statement of shine, soft colour and a hint of luxury in one single application.","24,00 €",0,13 ml,Make-up,"Squeeze the tube lightly to dispense the desired amount onto the applicator. Use the applicator to apply the product directly to the lips. One application is enough for a subtly tinted, glazed look or a shiny finish on top of lipstick. For a more intense effect, use a larger amount or apply several thin layers – for more colour, shine, and expression.","POLYBUTENE, HYDROGENATED DIDECENE, HYDROGENATED STYRENE/ISOPRENE COPOLYMER, PENTAERYTHRITYL TETRAISOSTEARATE, PARFUM (FRAGRANCE), TOCOPHERYL ACETATE, CI 15850 (RED 6), CI 45410 (RED 28 LAKE), PENTAERYTHRITYL TETRA-DI-T-BUTYL HYDROXYHYDROCINNAMATE, TERPINEOL, GERANYL ACETATE",yes,yes,ja
BELAVANCE® Nail Enamel Remover,de,https://image.labiosthetique.com/i/square-1440/m2-product:belavance_nail_enamel_remover_413534_100ml_f229b2f.jpg/feed-media.jpg,https://www.labiosthetique.de/belavancer-nail-enamel-remover,/belavancer-nail-enamel-remover,020173,Der acetonfreie Nagellackentferner beseitigt alle Nagellack-Spuren sanft und sicher – mit einer extra Portion an Pflege.,"21,00 €","210,00 € / 1 l",100 ml,Make-Up,"Einen mit Nail Enamel Remover getränkten Wattepad einige Sekunden auf den lackierten Nagel pressen, damit sich die Flüssigkeit verteilt und der Lack gleichmäßig einweicht. Anschließend zügig entfernen. Ab ist der Lack.","ETHYL ACETATE, BUTYL ACETATE, ISOPROPYL ALCOHOL, PROPYLENE GLYCOL, PERSEA GRATISSIMA (AVOCADO) OIL, PARFUM (FRAGRANCE), CAPRYLIC/CAPRIC TRIGLYCERIDE, SIMMONDSIA CHINENSIS (JOJOBA) SEED OIL, BENZOTRIAZOLYL DODECYL P-CRESOL, TETRAMETHYL ACETYLOCTAHYDRONAPHTHALENES, PANTHENOL, AQUA (WATER), PANTOLACTONE, CI 26100, BENZYL SALICYLATE, LINALOOL, LIMONENE, CITRUS AURANTIUM PEEL OIL, AMYL CINNAMAL, VANILLIN, GERANYL ACETATE, TERPINEOL, COUMARIN, BENZYL ALCOHOL, ALPHA-ISOMETHYL IONONE, PINENE",no,no,ja
BELAVANCE® Nail Enamel Remover,en,https://image.labiosthetique.com/i/square-1440/m2-product:belavance_nail_enamel_remover_413534_100ml_f229b2f.jpg/feed-media.jpg,https://www.labiosthetique.de/belavancer-nail-enamel-remover,/belavancer-nail-enamel-remover,020173,The acetone-free nail polish remover gently and reliably erases all traces of nail polish – with an extra portion of care.,"21,00 €","210,00 € / 1 l",100 ml,Make-up,Soak a cotton pad in Nail Enamel Remover and press for a few seconds on the polished nail so that the liquid is evenly distributed to soften the polish on the whole nail. Then rapidly remove. Bye-bye polish.,"ETHYL ACETATE, BUTYL ACETATE, ISOPROPYL ALCOHOL, PROPYLENE GLYCOL, PERSEA GRATISSIMA (AVOCADO) OIL, PARFUM (FRAGRANCE), CAPRYLIC/CAPRIC TRIGLYCERIDE, SIMMONDSIA CHINENSIS (JOJOBA) SEED OIL, BENZOTRIAZOLYL DODECYL P-CRESOL, TETRAMETHYL ACETYLOCTAHYDRONAPHTHALENES, PANTHENOL, AQUA (WATER), PANTOLACTONE, CI 26100, BENZYL SALICYLATE, LINALOOL, LIMONENE, CITRUS AURANTIUM PEEL OIL, AMYL CINNAMAL, VANILLIN, GERANYL ACETATE, TERPINEOL, COUMARIN, BENZYL ALCOHOL, ALPHA-ISOMETHYL IONONE, PINENE",no,no,ja
Eyeshadow Pen Camel,de,https://image.labiosthetique.com/i/square-1440/m2-product:eyeshadow_pen_camel_280259_1_4g_f3cf141.jpg/feed-media.jpg,https://www.labiosthetique.de/eyeshadow-pen?childSku=4040218847086,/eyeshadow-pen?childSku=4040218847086,016361,"Als Lidschatten oder Eyeliner anwendbar: Eyeshadow Pen mit cremig weicher Textur, die sich einfach auftragen und verblenden lässt","23,50 €",0,"1,4 g",Make-Up,Den Eyeshadow Pen als Lidschatten auf das gesamte Oberlid oder als Eyeliner entlang des Wimpernkranzes auftragen. Mit den Fingern oder einem Pinsel lässt sich die Farbe auch einfach verblenden. Tipp: Für Smokey Eyes den Lidschatten am äußeren Lidrand intensiver auftragen und nach oben hin verblenden.,"DIMETHICONE, CI 77891 (TITANIUM DIOXIDE), SILICA, ISOAMYL COCOATE, SUCROSE TETRASTEARATE TRIACETATE, POLYBUTENE, HYDROGENATED JOJOBA OIL, SYNTHETIC WAX, MICA, CI 77492 (IRON OXIDES), TRIMETHYLSILOXYSILICATE/DIMETHICONOL CROSSPOLYMER, CI 77491 (IRON OXIDES), GLYCERYL CAPRYLATE, CI 77499 (IRON OXIDES), SILICA SILYLATE, PENTAERYTHRITYL TETRA-DI-T-BUTYL HYDROXYHYDROCINNAMATE, ETHYLENE/METHACRYLATE COPOLYMER, ISOPROPYL TITANIUM TRIISOSTEARATE",no,yes,ja
Eyeshadow Pen Camel,en,https://image.labiosthetique.com/i/square-1440/m2-product:eyeshadow_pen_camel_280259_1_4g_f3cf141.jpg/feed-media.jpg,https://www.labiosthetique.de/eyeshadow-pen?childSku=4040218847086,/eyeshadow-pen?childSku=4040218847086,016361,Can be used as an eyeshadow or an liner: Eyeshadow Pen with a soft and creamy texture that is easy to apply and blend,"23,50 €",0,"1,4 g",Make-up,Apply the Eyeshadow Pen as an eyeshadow to the whole top lid or as an eyeliner along the lashes. The colour is easy to blend with the fingers or a brush.,"DIMETHICONE, CI 77891 (TITANIUM DIOXIDE), SILICA, ISOAMYL COCOATE, SUCROSE TETRASTEARATE TRIACETATE, POLYBUTENE, HYDROGENATED JOJOBA OIL, SYNTHETIC WAX, MICA, CI 77492 (IRON OXIDES), TRIMETHYLSILOXYSILICATE/DIMETHICONOL CROSSPOLYMER, CI 77491 (IRON OXIDES), GLYCERYL CAPRYLATE, CI 77499 (IRON OXIDES), SILICA SILYLATE, PENTAERYTHRITYL TETRA-DI-T-BUTYL HYDROXYHYDROCINNAMATE, ETHYLENE/METHACRYLATE COPOLYMER, ISOPROPYL TITANIUM TRIISOSTEARATE",no,yes,ja
Pencil for Eyes Forest Silk,de,https://image.labiosthetique.com/i/square-1440/m2-product:pencil_for_eyes_forest_silk_259679_1_06g_12ea3f8.jpg/feed-media.jpg,https://www.labiosthetique.de/pencil-for-eyes?childSku=4040218855586,/pencil-for-eyes?childSku=4040218855586,017502,Der herrlich sanfte Kajal lässt sich durch seine einzigartig geschmeidige Textur hochpräzise auftragen und verleiht den Augen eine natürlich wache Ausstrahlungskraft.,"22,00 €",0,"1,06 g",Make-Up,Pencil for Eyes auf den inneren Rand der Augen oder am unteren und/oder oberen Wimpernansatz sanft auftragen.,"HYDROGENATED JOJOBA OIL, MICA, CAPRYLIC/CAPRIC TRIGLYCERIDE, CI 77499 (IRON OXIDES), HYDROGENATED VEGETABLE OIL, SIMMONDSIA CHINENSIS (JOJOBA) SEED OIL, BUTYROSPERMUM PARKII (SHEA) BUTTER, CI 42090 (BLUE 1 LAKE), CANOLA OIL, SCLEROCARYA BIRREA (MARULA) SEED OIL, CANDELILLA CERA (EUPHORBIA CERIFERA WAX), CI 77492 (IRON OXIDES), GLYCERYL CAPRYLATE, COPERNICIA CERIFERA CERA (CARNAUBA WAX), TOCOPHEROL, HELIANTHUS ANNUUS (SUNFLOWER) SEED OIL, ASCORBYL PALMITATE",yes,yes,ja
Pencil for Eyes Forest Silk,en,https://image.labiosthetique.com/i/square-1440/m2-product:pencil_for_eyes_forest_silk_259679_1_06g_12ea3f8.jpg/feed-media.jpg,https://www.labiosthetique.de/pencil-for-eyes?childSku=4040218855586,/pencil-for-eyes?childSku=4040218855586,017502,"The wonderfully soft eye pencil features a uniquely silky texture for high-precision application and naturally wide awake, beautifully radiant eyes","22,00 €",0,"1,06 g",Make-up,Gently apply Pencil for Eyes to the inside edge of your eyes or on the bottom and/or top lashes.,"HYDROGENATED JOJOBA OIL, MICA, CAPRYLIC/CAPRIC TRIGLYCERIDE, CI 77499 (IRON OXIDES), HYDROGENATED VEGETABLE OIL, SIMMONDSIA CHINENSIS (JOJOBA) SEED OIL, BUTYROSPERMUM PARKII (SHEA) BUTTER, CI 42090 (BLUE 1 LAKE), CANOLA OIL, SCLEROCARYA BIRREA (MARULA) SEED OIL, CANDELILLA CERA (EUPHORBIA CERIFERA WAX), CI 77492 (IRON OXIDES), GLYCERYL CAPRYLATE, COPERNICIA CERIFERA CERA (CARNAUBA WAX), TOCOPHEROL, HELIANTHUS ANNUUS (SUNFLOWER) SEED OIL, ASCORBYL PALMITATE",yes,yes,ja
glam + colour Creamy Caramel .02 .LB Colouring Mask,de,https://image.labiosthetique.com/i/square-1440/m2-product:glam_colour_creamy_caramel_.02_.lb_colouring_mask_381807_200ml_ad68d61.jpg/feed-media.jpg,https://www.labiosthetique.de/glam-colour-creamy-caramel-02-lb-colouring-mask,/glam-colour-creamy-caramel-02-lb-colouring-mask,038242,Die Haarmaske mit Farbpigmenten und Farbschutz wirkt intensiv pflegend und verleiht blondem Haar einen cremigen Karamell-Ton mit leuchtenden Reflexen.,"37,50 €","187,50 € / 1 l",200 ml,Haar- & Kopfhautpflege,"Die Colouring Mask unter Verwendung der beigefügten Handschuhe gleichmäßig im gewaschenen, handtuchtrockenen Haar verteilen. Je nach gewünschter Intensität 3-10 Minuten einwirken lassen, anschließend gründlich ausspülen.","AQUA (WATER), BEHENAMIDOPROPYL DIMETHYLAMINE, DICAPRYLYL ETHER , NEOPENTYL GLYCOL DIHEPTANOATE, PROPYLENE GLYCOL, INULIN, DICOCOYL PENTAERYTHRITYL DISTEARYL CITRATE , CETEARYL ALCOHOL, LACTIC ACID, LAURYL ALCOHOL, PARFUM (FRAGRANCE), BEHENTRIMONIUM METHOSULFATE, CETRIMONIUM CHLORIDE, GUAR HYDROXYPROPYLTRIMONIUM CHLORIDE, BENZOIC ACID, GLYCERIN, TETRAMETHYL ACETYLOCTAHYDRONAPHTHALENES, BUTYLENE GLYCOL, CITRUS AURANTIUM BERGAMIA (BERGAMOT) PEEL OIL, LIMONENE, LINALOOL, HELIANTHUS ANNUUS (SUNFLOWER) SEED EXTRACT, LINALYL ACETATE, GERANIOL, TERPINEOL, CITRONELLOL, BASIC RED 76, ORYZA SATIVA (RICE) SEED PROTEIN, PINENE, BASIC BROWN 17, HC BLUE NO. 16, CITRIC ACID, ORYZA SATIVA (RICE) EXTRACT, GLUCONOLACTONE , BASIC YELLOW 57, SODIUM BENZOATE, CALCIUM GLUCONATE",yes,yes,ja
glam + colour Creamy Caramel .02 .LB Colouring Mask,en,https://image.labiosthetique.com/i/square-1440/m2-product:glam_colour_creamy_caramel_.02_.lb_colouring_mask_381807_200ml_ad68d61.jpg/feed-media.jpg,https://www.labiosthetique.de/glam-colour-creamy-caramel-02-lb-colouring-mask,/glam-colour-creamy-caramel-02-lb-colouring-mask,038242,The hair mask with colour pigments and colour protection has an intensive conditioning effect and gives blonde hair a creamy caramel tone with luminous highlights.,"37,50 €","187,50 € / 1 l",200 ml,Hair & scalp care,"Apply Colouring Mask evenly to washed, towel-dried hair using the enclosed gloves. Leave on for 3-10 minutes depending on the desired intensity, then rinse thoroughly.","AQUA (WATER), BEHENAMIDOPROPYL DIMETHYLAMINE, DICAPRYLYL ETHER , NEOPENTYL GLYCOL DIHEPTANOATE, PROPYLENE GLYCOL, INULIN, DICOCOYL PENTAERYTHRITYL DISTEARYL CITRATE , CETEARYL ALCOHOL, LACTIC ACID, LAURYL ALCOHOL, PARFUM (FRAGRANCE), BEHENTRIMONIUM METHOSULFATE, CETRIMONIUM CHLORIDE, GUAR HYDROXYPROPYLTRIMONIUM CHLORIDE, BENZOIC ACID, GLYCERIN, TETRAMETHYL ACETYLOCTAHYDRONAPHTHALENES, BUTYLENE GLYCOL, CITRUS AURANTIUM BERGAMIA (BERGAMOT) PEEL OIL, LIMONENE, LINALOOL, HELIANTHUS ANNUUS (SUNFLOWER) SEED EXTRACT, LINALYL ACETATE, GERANIOL, TERPINEOL, CITRONELLOL, BASIC RED 76, ORYZA SATIVA (RICE) SEED PROTEIN, PINENE, BASIC BROWN 17, HC BLUE NO. 16, CITRIC ACID, ORYZA SATIVA (RICE) EXTRACT, GLUCONOLACTONE , BASIC YELLOW 57, SODIUM BENZOATE, CALCIUM GLUCONATE",yes,yes,ja
Natural Skin 3/3 Medium Gold,de,https://image.labiosthetique.com/i/square-1440/m2-product:natural_skin_3_3_medium_gold_390396_30ml_cfc3772.jpg/feed-media.jpg,https://www.labiosthetique.de/natural-skin?childSku=4040218841985,/natural-skin?childSku=4040218841985,021714,"Mit mittlerer Deckkraft, feuchtigkeitsspendenden und pflegenden Komponenten schafft die zarte Foundation einen seidig glatten, natürlich ebenmäßigen Teint.","42,50 €",0,30 ml,Make-Up,Nach der Gesichtspflege mit den Fingern oder mit einem Make-up-Schwämmchen oder -Pinsel auftragen und verblenden.,"AQUA (WATER), CI 77891 (TITANIUM DIOXIDE), CAPRYLIC/CAPRIC TRIGLYCERIDE, ETHYLHEXYL SALICYLATE, PENTYLENE GLYCOL, SILICA, ALCOHOL DENAT. , CI 77492 (IRON OXIDES), SQUALANE, STEARIC ACID, PALMITIC ACID, GLYCOL STEARATE, MYRISTYL MYRISTATE, CETEARYL ALCOHOL, SODIUM HYALURONATE, GLUCOMANNAN, HELIANTHUS ANNUUS (SUNFLOWER) SEED OIL, TOCOPHEROL, TOCOPHERYL ACETATE, ETHYLHEXYL PALMITATE, SODIUM CETEARYL SULFATE, XANTHAN GUM, HYDROLYZED JOJOBA ESTERS, MYRISTIC ACID, SODIUM HYDROXIDE, ARACHIDIC ACID, JOJOBA ESTERS, TRIHYDROXYSTEARIN, ALUMINA, MAGNESIUM OXIDE, PARFUM (FRAGRANCE), CITRONELLOL, HEXYL CINNAMAL, ALPHA-ISOMETHYL IONONE, CI 77491 (IRON OXIDES), CI 77499 (IRON OXIDES)",yes,yes,ja
Natural Skin 3/3 Medium Gold,en,https://image.labiosthetique.com/i/square-1440/m2-product:natural_skin_3_3_medium_gold_390396_30ml_cfc3772.jpg/feed-media.jpg,https://www.labiosthetique.de/natural-skin?childSku=4040218841985,/natural-skin?childSku=4040218841985,021714,"With medium coverage, moisturising and conditioning components, the delicate foundation creates a silky smooth, naturally even complexion.","42,50 €",0,30 ml,Make-up,"After face care, apply and blend with the fingers or with a make-up sponge or brush.","AQUA (WATER), CI 77891 (TITANIUM DIOXIDE), CAPRYLIC/CAPRIC TRIGLYCERIDE, ETHYLHEXYL SALICYLATE, PENTYLENE GLYCOL, SILICA, ALCOHOL DENAT. , CI 77492 (IRON OXIDES), SQUALANE, STEARIC ACID, PALMITIC ACID, GLYCOL STEARATE, MYRISTYL MYRISTATE, CETEARYL ALCOHOL, SODIUM HYALURONATE, GLUCOMANNAN, HELIANTHUS ANNUUS (SUNFLOWER) SEED OIL, TOCOPHEROL, TOCOPHERYL ACETATE, ETHYLHEXYL PALMITATE, SODIUM CETEARYL SULFATE, XANTHAN GUM, HYDROLYZED JOJOBA ESTERS, MYRISTIC ACID, SODIUM HYDROXIDE, ARACHIDIC ACID, JOJOBA ESTERS, TRIHYDROXYSTEARIN, ALUMINA, MAGNESIUM OXIDE, PARFUM (FRAGRANCE), CITRONELLOL, HEXYL CINNAMAL, ALPHA-ISOMETHYL IONONE, CI 77491 (IRON OXIDES), CI 77499 (IRON OXIDES)",yes,yes,ja
Dermosthétique Hydrating Cleansing Foam,de,https://image.labiosthetique.com/i/square-1440/m2-product:dermosth_tique_hydrating_cleansing_foam_247953_150ml_99a8b4e.jpg/feed-media.jpg,https://www.labiosthetique.de/dermosthetique-hydrating-cleansing-foam,/dermosthetique-hydrating-cleansing-foam,002485,"Der milde, parfumfreie Reinigungsschaum mit Hyaluronsäure entspannt die Haut durch porentief sanfte Reinigung.","39,00 €","260,00 € / 1 l",150 ml,Hautpflege,"Morgen und abends auf die feuchte Haut von Gesicht, Hals und Dekolleté auftragen, eine kurze Reinigungsmassage durchführen und mit lauwarmem Wasser gründlich abspülen.","AQUA (WATER), DISODIUM COCOAMPHODIACETATE , DECYL GLUCOSIDE, BETAINE, SODIUM LAUROYL OAT AMINO ACIDS, SODIUM LAUROYL SARCOSINATE, CAPRYLYL GLYCOL, 1,2-HEXANEDIOL, SODIUM CHLORIDE, PHENOXYETHANOL, HYDROXYACETOPHENONE, TROMETHAMINE, TETRASODIUM EDTA, HYDROXYPROPYLTRIMONIUM HYALURONATE, ETHYLHEXYLGLYCERIN",yes,yes,ja
Dermosthétique Hydrating Cleansing Foam,en,https://image.labiosthetique.com/i/square-1440/m2-product:dermosth_tique_hydrating_cleansing_foam_247953_150ml_99a8b4e.jpg/feed-media.jpg,https://www.labiosthetique.de/dermosthetique-hydrating-cleansing-foam,/dermosthetique-hydrating-cleansing-foam,002485,"The mild, perfume-free cleansing foam with hyaluronic acid relaxes the skin with gentle cleansing right down to the pores.","39,00 €","260,00 € / 1 l",150 ml,Skin care,"Apply to the moist skin on the face, neck and décolleté in the morning and evening and briefly massage to cleanse the skin. Rinse off thoroughly with lukewarm water. The cleansing foam can also be used to remove eye make-up.","AQUA (WATER), DISODIUM COCOAMPHODIACETATE , DECYL GLUCOSIDE, BETAINE, SODIUM LAUROYL OAT AMINO ACIDS, SODIUM LAUROYL SARCOSINATE, CAPRYLYL GLYCOL, 1,2-HEXANEDIOL, SODIUM CHLORIDE, PHENOXYETHANOL, HYDROXYACETOPHENONE, TROMETHAMINE, TETRASODIUM EDTA, HYDROXYPROPYLTRIMONIUM HYALURONATE, ETHYLHEXYLGLYCERIN",yes,yes,ja
Intense Hold Gel,de,https://image.labiosthetique.com/i/square-1440/m2-product:intense_hold_gel_398184_100ml_b32d2af.jpg/feed-media.jpg,https://www.labiosthetique.de/intense-hold-gel,/intense-hold-gel,110432,"Ob kurz oder lang, feminin oder maskulin, partiell oder all-over: Das silikonfreie, vegane Gel auf Wasserbasis ermöglicht vielseitige Stylings und schafft intensiven, lang anhaltenden Halt mit ausdrucksvollem Glanz-Finish.","19,00 €","190,00 € / 1 l",100 ml,Styling,Intense Hold Gel flächig oder partiell ins trockene oder feuchte Haar geben und wie gewünscht modellieren. Das Stylinggel auf Wasserbasis ist einfach mit Wasser auswaschbar.,"AQUA (WATER), VP/VA COPOLYMER, ALCOHOL DENAT., PHENOXYETHANOL, CARBOMER, PEG-40 HYDROGENATED CASTOR OIL, TROMETHAMINE, PARFUM (FRAGRANCE), ETHYLHEXYLGLYCERIN, PANTHENOL, TETRASODIUM EDTA, TETRAMETHYL ACETYLOCTAHYDRONAPHTHALENES, HYDROGEN PEROXIDE, CITRUS AURANTIUM BERGAMIA (BERGAMOT) PEEL OIL, LIMONENE, LINALOOL, LINALYL ACETATE, TERPINEOL, PINENE, CITRIC ACID, TOCOPHEROL",yes,yes,ja
Intense Hold Gel,en,https://image.labiosthetique.com/i/square-1440/m2-product:intense_hold_gel_398184_100ml_b32d2af.jpg/feed-media.jpg,https://www.labiosthetique.de/intense-hold-gel,/intense-hold-gel,110432,"Be it short or long, feminine or masculine and partially or all-over, the silicone-free, vegan water-based gel enables you to create a wide range of styles and provides intense, long-lasting hold with an expressive shiny finish.","19,00 €","190,00 € / 1 l",100 ml,Styling,Apply Intense Hold Gel to specific sections or the entire head of dry or damp hair and shape as desired. The water-based styling gel can be easily rinsed out with water.,"AQUA (WATER), VP/VA COPOLYMER, ALCOHOL DENAT., PHENOXYETHANOL, CARBOMER, PEG-40 HYDROGENATED CASTOR OIL, TROMETHAMINE, PARFUM (FRAGRANCE), ETHYLHEXYLGLYCERIN, PANTHENOL, TETRASODIUM EDTA, TETRAMETHYL ACETYLOCTAHYDRONAPHTHALENES, HYDROGEN PEROXIDE, CITRUS AURANTIUM BERGAMIA (BERGAMOT) PEEL OIL, LIMONENE, LINALOOL, LINALYL ACETATE, TERPINEOL, PINENE, CITRIC ACID, TOCOPHEROL",yes,yes,ja
glam + colour Saffron Copper .44 .CC Colouring Mask,de,https://image.labiosthetique.com/i/square-1440/m2-product:glam_colour_saffron_copper_.44_.cc_colouring_mask_381804_200ml_88a7a9c.jpg/feed-media.jpg,https://www.labiosthetique.de/glam-colour-saffron-copper-44-cc-colouring-mask,/glam-colour-saffron-copper-44-cc-colouring-mask,038233,Die Haarmaske mit Farbpigmenten und Farbschutz wirkt pflegend und intensiviert kupferrotes Haar mit leuchtenden Safran-Kupfer-Reflexen.,"37,50 €","187,50 € / 1 l",200 ml,Haar- & Kopfhautpflege,"Die Colouring Mask unter Verwendung der beigefügten Handschuhe gleichmäßig im gewaschenen, handtuchtrockenen Haar verteilen. Je nach gewünschter Intensität 3-10 Minuten einwirken lassen, anschließend gründlich ausspülen.","AQUA (WATER), CETEARYL ALCOHOL, BETAINE, GLYCERIN, DIMETHICONE PEG-8 MEADOWFOAMATE, ISODODECANE, BEHENTRIMONIUM CHLORIDE, PEG-2 DIMEADOWFOAMAMIDOETHYLMONIUM METHOSULFATE, PHENOXYETHANOL, HYDROXYETHYLCELLULOSE, CRAMBE ABYSSINICA SEED OIL, NEOPENTYL GLYCOL DIHEPTANOATE, ETHYLHEXYL SALICYLATE, PARFUM (FRAGRANCE), HEXYLENE GLYCOL , QUATERNIUM-91, CETEARETH-20, PROPYLENE GLYCOL, CETRIMONIUM METHOSULFATE, ISOPROPYL ALCOHOL, BASIC BROWN 17, BASIC RED 76, HYDROLYZED RICE PROTEIN, ETHYLHEXYLGLYCERIN, QUILLAJA SAPONARIA BARK EXTRACT, HYDROLYZED SERICIN, SORBITOL, TRIBEHENIN, BASIC YELLOW 57, SODIUM BENZOATE",no,no,ja
glam + colour Saffron Copper .44 .CC Colouring Mask,en,https://image.labiosthetique.com/i/square-1440/m2-product:glam_colour_saffron_copper_.44_.cc_colouring_mask_381804_200ml_88a7a9c.jpg/feed-media.jpg,https://www.labiosthetique.de/glam-colour-saffron-copper-44-cc-colouring-mask,/glam-colour-saffron-copper-44-cc-colouring-mask,038233,The hair mask with colour pigments and colour protection has a nourishing effect and intensifies copper-red hair with bright saffron-copper reflections.,"37,50 €","187,50 € / 1 l",200 ml,Hair & scalp care,"Apply the Colouring Mask evenly to washed, towel-dried hair using the enclosed gloves. Leave on for 3-10 minutes depending on the desired intensity, then rinse thoroughly.","AQUA (WATER), CETEARYL ALCOHOL, BETAINE, GLYCERIN, DIMETHICONE PEG-8 MEADOWFOAMATE, ISODODECANE, BEHENTRIMONIUM CHLORIDE, PEG-2 DIMEADOWFOAMAMIDOETHYLMONIUM METHOSULFATE, PHENOXYETHANOL, HYDROXYETHYLCELLULOSE, CRAMBE ABYSSINICA SEED OIL, NEOPENTYL GLYCOL DIHEPTANOATE, ETHYLHEXYL SALICYLATE, PARFUM (FRAGRANCE), HEXYLENE GLYCOL , QUATERNIUM-91, CETEARETH-20, PROPYLENE GLYCOL, CETRIMONIUM METHOSULFATE, ISOPROPYL ALCOHOL, BASIC BROWN 17, BASIC RED 76, HYDROLYZED RICE PROTEIN, ETHYLHEXYLGLYCERIN, QUILLAJA SAPONARIA BARK EXTRACT, HYDROLYZED SERICIN, SORBITOL, TRIBEHENIN, BASIC YELLOW 57, SODIUM BENZOATE",no,no,ja
Dermosthétique Hyaluronic Acid Hydrating Capsules,de,https://image.labiosthetique.com/i/square-1440/m2-product:dermosth_tique_hyaluronic_acid_hydrating_capsules_266961_7Kapseln_159c1c0.jpg/feed-media.jpg,https://www.labiosthetique.de/dermosthetique-hyaluronic-acid-hydrating-capsules?childSku=4040218846584,/dermosthetique-hyaluronic-acid-hydrating-capsules?childSku=4040218846584,003505,"Mit Wirkstoffen aus dem Meer und hoch konzentrierten Lipidextrakten spendet jede Kapsel vielschichtige Feuchtigkeit und bewahrt sie in der Haut, die sofort glatter, fester und geschmeidig zart wird.","17,00 €",0,7 capsules,Hautpflege,"Das Hydro-Lipogel täglich morgens und/oder abends auf der gereinigten, tonifizierten Haut anwenden. Dazu den Kapselverschluss zum Öffnen mehrmals drehen oder abschneiden, dann den Inhalt einer Kapsel mit den Fingerspitzen sanft auftragen.","DIMETHICONE, TRISILOXANE, DIMETHICONE CROSSPOLYMER, ETHYLHEXYL PALMITATE, DIMETHICONOL, SODIUM HYALURONATE, GLUCOMANNAN, SALICORNIA HERBACEA EXTRACT, ETHYL FERULATE, ROSMARINUS OFFICINALIS (ROSEMARY) LEAF EXTRACT , CRITHMUM MARITIMUM EXTRACT, HELIANTHUS ANNUUS (SUNFLOWER) SEED OIL, CAPRYLIC/CAPRIC TRIGLYCERIDE, PARFUM (FRAGRANCE), TOCOPHEROL, TRIHYDROXYSTEARIN",no,no,ja
Dermosthétique Hyaluronic Acid Hydrating Capsules,en,https://image.labiosthetique.com/i/square-1440/m2-product:dermosth_tique_hyaluronic_acid_hydrating_capsules_266961_7Kapseln_159c1c0.jpg/feed-media.jpg,https://www.labiosthetique.de/dermosthetique-hyaluronic-acid-hydrating-capsules?childSku=4040218846584,/dermosthetique-hyaluronic-acid-hydrating-capsules?childSku=4040218846584,003505,"With active ingredients from the sea and highly concentrated lipid extracts, each capsule supplies multifaceted moisture and locks it into the skin, which instantly becomes smoother, firmer and silky soft.","17,00 €",0,7 capsules,Skin care,"Apply the hydro lipogel to cleansed, toned skin every day in the morning and/or evening. First, twist the capsule closure several times or snip it off to open, then use your fingertips to gently apply the contents of one capsule.","DIMETHICONE, TRISILOXANE, DIMETHICONE CROSSPOLYMER, ETHYLHEXYL PALMITATE, DIMETHICONOL, SODIUM HYALURONATE, GLUCOMANNAN, SALICORNIA HERBACEA EXTRACT, ETHYL FERULATE, ROSMARINUS OFFICINALIS (ROSEMARY) LEAF EXTRACT , CRITHMUM MARITIMUM EXTRACT, HELIANTHUS ANNUUS (SUNFLOWER) SEED OIL, CAPRYLIC/CAPRIC TRIGLYCERIDE, PARFUM (FRAGRANCE), TOCOPHEROL, TRIHYDROXYSTEARIN",no,no,ja
Spa Refreshing Body Peeling,de,https://image.labiosthetique.com/i/square-1440/m2-product:spa_refreshing_body_peeling_329641_250ml_3d76ddb.jpg/feed-media.jpg,https://www.labiosthetique.de/spa-refreshing-body-peeling?childSku=4040218856484,/spa-refreshing-body-peeling?childSku=4040218856484,002062,Erfrischendes Peeling für den Körper,"26,50 €","106,00 € / 1 l",250 ml,Hautpflege,Das erfrischende Peeling auf die feuchte Körperhaut auftragen und mit kreisenden Bewegungen einmassieren. Im Anschluss mit reichlich warmem Wasser abduschen.,"AQUA (WATER), BAMBUSA ARUNDINACEA STEM EXTRACT, DISODIUM COCOAMPHODIACETATE , DECYL GLUCOSIDE, DISODIUM COCOYL GLUTAMATE, XANTHAN GUM, PARFUM (FRAGRANCE), INULIN, ALPHA-GLUCAN OLIGOSACCHARIDE, SODIUM GLUCONATE, LACTIC ACID, SODIUM CHLORIDE, HYDROXYACETOPHENONE, SODIUM LACTATE, 1,2-HEXANEDIOL, CAPRYLYL GLYCOL, BENZOIC ACID, TETRAMETHYL ACETYLOCTAHYDRONAPHTHALENES, CITRUS LIMON (LEMON) PEEL OIL, LIMONENE, BENZYL SALICYLATE, HEXADECANOLACTONE, ALPHA-ISOMETHYL IONONE, PINENE",yes,yes,ja
Spa Refreshing Body Peeling,en,https://image.labiosthetique.com/i/square-1440/m2-product:spa_refreshing_body_peeling_329641_250ml_3d76ddb.jpg/feed-media.jpg,https://www.labiosthetique.de/spa-refreshing-body-peeling?childSku=4040218856484,/spa-refreshing-body-peeling?childSku=4040218856484,002062,Refreshing body scrub,"26,50 €","106,00 € / 1 l",250 ml,Skin care,"Apply the refreshing scrub to the moist body skin and massage in with circling motions, then shower off with plenty of warm water.","AQUA (WATER), BAMBUSA ARUNDINACEA STEM EXTRACT, DISODIUM COCOAMPHODIACETATE , DECYL GLUCOSIDE, DISODIUM COCOYL GLUTAMATE, XANTHAN GUM, PARFUM (FRAGRANCE), INULIN, ALPHA-GLUCAN OLIGOSACCHARIDE, SODIUM GLUCONATE, LACTIC ACID, SODIUM CHLORIDE, HYDROXYACETOPHENONE, SODIUM LACTATE, 1,2-HEXANEDIOL, CAPRYLYL GLYCOL, BENZOIC ACID, TETRAMETHYL ACETYLOCTAHYDRONAPHTHALENES, CITRUS LIMON (LEMON) PEEL OIL, LIMONENE, BENZYL SALICYLATE, HEXADECANOLACTONE, ALPHA-ISOMETHYL IONONE, PINENE",yes,yes,ja
Sensual Lipstick Matt M409 Mauve Orchid,de,https://image.labiosthetique.com/i/square-1440/m2-product:sensual_lipstick_matt_m409_mauve_orchid_418591_3_3g_e1e1813.jpg/feed-media.jpg,https://www.labiosthetique.de/sensual-lipstick-matt?childSku=4040218896084,/sensual-lipstick-matt?childSku=4040218896084,019224,Geschmeidig und gleichmäßig im Auftrag: Sensual Lipstick Matt hüllt die Lippen in eine angesagt matte Farbnuance.,"26,50 €",0,"3,3 g",Make-Up,"Für ein perfektes Make-up die Lippenkonturen zuerst mit einem Lipliner nachzeichnen, der farblich der Nuance des Lippenstifts entspricht. Anschließend Sensual Lipstick Matt mit einem Lippenpinsel auf die Lippen auftragen.","CAPRYLIC/CAPRIC TRIGLYCERIDE, KAOLIN, CANDELILLA CERA (EUPHORBIA CERIFERA WAX), SILICA, HELIANTHUS ANNUUS (SUNFLOWER) SEED WAX, POLYGLYCERYL-3 DIISOSTEARATE, RICINUS COMMUNIS (CASTOR) SEED OIL, DICAPRYLYL ETHER , DISTARCH PHOSPHATE, CI 77492 (IRON OXIDES), DICALCIUM PHOSPHATE, CI 77891 (TITANIUM DIOXIDE), CI 15850 (RED 7 LAKE), CI 42090 (BLUE 1 LAKE), AROMA (FLAVOR), ETHYL VANILLIN, LECITHIN, TOCOPHEROL, ASCORBYL PALMITATE, HELIANTHUS ANNUUS (SUNFLOWER) SEED OIL, DISTEARDIMONIUM HECTORITE, POLYHYDROXYSTEARIC ACID, BENZYL ALCOHOL, CITRIC ACID, CI 77491 (IRON OXIDES), CI 15850 (RED 6), CI 15985 (YELLOW 6 LAKE), CI 19140 (YELLOW 5 LAKE), CI 45410 (RED 28 LAKE), CI 77499 (IRON OXIDES)",yes,yes,ja
Sensual Lipstick Matt M409 Mauve Orchid,en,https://image.labiosthetique.com/i/square-1440/m2-product:sensual_lipstick_matt_m409_mauve_orchid_418591_3_3g_e1e1813.jpg/feed-media.jpg,https://www.labiosthetique.de/sensual-lipstick-matt?childSku=4040218896084,/sensual-lipstick-matt?childSku=4040218896084,019224,Soft and even application: Sensual Lipstick Matt gives the lips a trendy matte coat of colour.,"26,50 €",0,"3,3 g",Make-up,For a perfect lip make-up first outline the lipline with a lipliner that matches the colour of the lipstick. Then apply Sensual Lipstick Matt to the lips with a brush.,"CAPRYLIC/CAPRIC TRIGLYCERIDE, KAOLIN, CANDELILLA CERA (EUPHORBIA CERIFERA WAX), SILICA, HELIANTHUS ANNUUS (SUNFLOWER) SEED WAX, POLYGLYCERYL-3 DIISOSTEARATE, RICINUS COMMUNIS (CASTOR) SEED OIL, DICAPRYLYL ETHER , DISTARCH PHOSPHATE, CI 77492 (IRON OXIDES), DICALCIUM PHOSPHATE, CI 77891 (TITANIUM DIOXIDE), CI 15850 (RED 7 LAKE), CI 42090 (BLUE 1 LAKE), AROMA (FLAVOR), ETHYL VANILLIN, LECITHIN, TOCOPHEROL, ASCORBYL PALMITATE, HELIANTHUS ANNUUS (SUNFLOWER) SEED OIL, DISTEARDIMONIUM HECTORITE, POLYHYDROXYSTEARIC ACID, BENZYL ALCOHOL, CITRIC ACID, CI 77491 (IRON OXIDES), CI 15850 (RED 6), CI 15985 (YELLOW 6 LAKE), CI 19140 (YELLOW 5 LAKE), CI 45410 (RED 28 LAKE), CI 77499 (IRON OXIDES)",yes,yes,ja
Long Hair Protective Volumising Shampoo,de,https://image.labiosthetique.com/i/square-1440/m2-product:long_hair_protective_volumising_shampoo_247283_250ml_267ade2.jpg/feed-media.jpg,https://www.labiosthetique.de/long-hair-protective-volumising-shampoo?childSku=4040218898484,/long-hair-protective-volumising-shampoo?childSku=4040218898484,120648,"Das sulfatfreie Mizellen-Shampoo reinigt feines, langes Haar besonders sanft und dennoch gründlich. Es stärkt die Haarstruktur, schützt vor Umweltstress und verleiht dem Haar neue Fülle, Elastizität und Spannkraft.","30,50 €","122,00 € / 1 l",250 ml,Haar- & Kopfhautpflege,Gleichmäßig im nassen Haar und auf der Kopfhaut verteilen und einmassieren. Danach gründlich ausspülen.,"AQUA (WATER), SODIUM C14-16 OLEFIN SULFONATE, LAURYL GLUCOSIDE , COCO-BETAINE, LAURYL LACTYL LACTATE, LACTIC ACID, SODIUM BENZOATE, PARFUM (FRAGRANCE), SODIUM CHLORIDE, GLYCERIN, HYDROXYPROPYL GUAR HYDROXYPROPYLTRIMONIUM CHLORIDE, OLEA EUROPAEA (OLIVE) LEAF EXTRACT, HYDROLYZED WHEAT PROTEIN, SODIUM HYDROXIDE, TETRAMETHYL ACETYLOCTAHYDRONAPHTHALENES, PENTYLENE GLYCOL, LIMONENE, ALPHA-ISOMETHYL IONONE, CITRUS AURANTIUM BERGAMIA (BERGAMOT) PEEL OIL, LINALOOL, LINALYL ACETATE, CYCLODEXTRIN, TRITICUM VULGARE (WHEAT) BRAN EXTRACT, CITRIC ACID, CYAMOPSIS TETRAGONOLOBA (GUAR) GUM, XANTHAN GUM, 1,2-HEXANEDIOL, CAPRYLYL GLYCOL, PHYTIC ACID, TOCOPHEROL",no,yes,ja
Long Hair Protective Volumising Shampoo,en,https://image.labiosthetique.com/i/square-1440/m2-product:long_hair_protective_volumising_shampoo_247283_250ml_267ade2.jpg/feed-media.jpg,https://www.labiosthetique.de/long-hair-protective-volumising-shampoo?childSku=4040218898484,/long-hair-protective-volumising-shampoo?childSku=4040218898484,120648,"The sulphate-free micellar shampoo cleanses fine, long hair particularly gently yet thoroughly. It strengthens the hair structure, protects against environmental stress and gives the hair new body, elasticity and bounce.","30,50 €","122,00 € / 1 l",250 ml,Hair & scalp care,"Distribute evenly into wet hair and onto the scalp and massage in, then rinse out thoroughly.","AQUA (WATER), SODIUM C14-16 OLEFIN SULFONATE, LAURYL GLUCOSIDE , COCO-BETAINE, LAURYL LACTYL LACTATE, LACTIC ACID, SODIUM BENZOATE, PARFUM (FRAGRANCE), SODIUM CHLORIDE, GLYCERIN, HYDROXYPROPYL GUAR HYDROXYPROPYLTRIMONIUM CHLORIDE, OLEA EUROPAEA (OLIVE) LEAF EXTRACT, HYDROLYZED WHEAT PROTEIN, SODIUM HYDROXIDE, TETRAMETHYL ACETYLOCTAHYDRONAPHTHALENES, PENTYLENE GLYCOL, LIMONENE, ALPHA-ISOMETHYL IONONE, CITRUS AURANTIUM BERGAMIA (BERGAMOT) PEEL OIL, LINALOOL, LINALYL ACETATE, CYCLODEXTRIN, TRITICUM VULGARE (WHEAT) BRAN EXTRACT, CITRIC ACID, CYAMOPSIS TETRAGONOLOBA (GUAR) GUM, XANTHAN GUM, 1,2-HEXANEDIOL, CAPRYLYL GLYCOL, PHYTIC ACID, TOCOPHEROL",no,yes,ja
Sun Care Conditioning Spray,de,https://image.labiosthetique.com/i/square-1440/m2-product:sun_care_conditioning_spray_413066_150ml_a722e5e.jpg/feed-media.jpg,https://www.labiosthetique.de/sun-care-conditioning-spray,/sun-care-conditioning-spray,120133,Mit einem wasserabweisenden UV-Filter schützt und pflegt die 2-Phasen-Sprühpflege die Haarstruktur intensiv und bietet natürlichem sowie coloriertem Haar einen umfassenden Farb- und Witterungsschutz.,"27,00 €","180,00 € / 1 l",150 ml,Haar- & Kopfhautpflege,Vor Gebrauch schütteln. Vor der Sonneneinstrahlung gleichmäßig ins trockene oder feuchte Haar sprühen.,"AQUA (WATER), LACTIC ACID, PHENOXYETHANOL, NEOPENTYL GLYCOL DIHEPTANOATE, PARFUM (FRAGRANCE), SODIUM HYDROXIDE, ETHYLHEXYLGLYCERIN, CARBOMER, DICOCOYL PENTAERYTHRITYL DISTEARYL CITRATE , DISODIUM COCOAMPHODIACETATE , PHENYLBENZIMIDAZOLE SULFONIC ACID, BUTYLENE GLYCOL, TETRAMETHYL ACETYLOCTAHYDRONAPHTHALENES, SODIUM CHLORIDE, HELIANTHUS ANNUUS (SUNFLOWER) SEED EXTRACT, BENZYL SALICYLATE, LAUROYL LYSINE, LIMONENE, BENZYL ALCOHOL, CITRUS AURANTIUM PEEL OIL, HEXYL CINNAMAL, LINALOOL, CITRONELLOL, LINALYL ACETATE, ALPHA-ISOMETHYL IONONE, PINENE, COUMARIN, POGOSTEMON CABLIN OIL, TOCOPHEROL",yes,yes,ja
Sun Care Conditioning Spray,en,https://image.labiosthetique.com/i/square-1440/m2-product:sun_care_conditioning_spray_413066_150ml_a722e5e.jpg/feed-media.jpg,https://www.labiosthetique.de/sun-care-conditioning-spray,/sun-care-conditioning-spray,120133,"With its water-repellent UV filter, this two-phase spray care intensively protects and conditions the hair structure and provides comprehensive colour and weather protection for both natural and coloured hair.","27,00 €","180,00 € / 1 l",150 ml,Hair & scalp care,"Shake well before use! Before sun exposure, evenly spray into dry or damp hair.","AQUA (WATER), LACTIC ACID, PHENOXYETHANOL, NEOPENTYL GLYCOL DIHEPTANOATE, PARFUM (FRAGRANCE), SODIUM HYDROXIDE, ETHYLHEXYLGLYCERIN, CARBOMER, DICOCOYL PENTAERYTHRITYL DISTEARYL CITRATE , DISODIUM COCOAMPHODIACETATE , PHENYLBENZIMIDAZOLE SULFONIC ACID, BUTYLENE GLYCOL, TETRAMETHYL ACETYLOCTAHYDRONAPHTHALENES, SODIUM CHLORIDE, HELIANTHUS ANNUUS (SUNFLOWER) SEED EXTRACT, BENZYL SALICYLATE, LAUROYL LYSINE, LIMONENE, BENZYL ALCOHOL, CITRUS AURANTIUM PEEL OIL, HEXYL CINNAMAL, LINALOOL, CITRONELLOL, LINALYL ACETATE, ALPHA-ISOMETHYL IONONE, PINENE, COUMARIN, POGOSTEMON CABLIN OIL, TOCOPHEROL",yes,yes,ja
Instant Volumising Powder,de,https://image.labiosthetique.com/i/square-1440/m2-product:instant_volumising_powder_398196_14g_ab7789b.jpg/feed-media.jpg,https://www.labiosthetique.de/instant-volumising-powder,/instant-volumising-powder,110829,"Der Styling Puder für einen sofortigen Push-up-Effekt verleiht jedem Look Griffigkeit, Stand und traumhaftes Volumen – schnell, einfach und perfekt für unterwegs.","25,50 €","1.821,43 € / 1 kg",14 g,Styling,Langes Haar locker scheiteln. Den Volumenpuder sparsam aufstäuben und an den Ansätzen leicht verreiben. Das Haar mit den Fingern in die gewünschte Form bringen. Für einen stärkeren Effekt nach Belieben wiederholen.,"AQUA (WATER), SILICA SILYLATE, PEG-8, UNDECANE, POTASSIUM SORBATE, TRIDECANE, CITRIC ACID, TOCOPHEROL",no,yes,ja
Instant Volumising Powder,en,https://image.labiosthetique.com/i/square-1440/m2-product:instant_volumising_powder_398196_14g_ab7789b.jpg/feed-media.jpg,https://www.labiosthetique.de/instant-volumising-powder,/instant-volumising-powder,110829,"The styling powder for an instant push-up effect gives every look grip, hold and dreamy volume - quick, easy and perfect for on the go.","25,50 €","1.821,43 € / 1 kg",14 g,Styling,Part long hair loosely. Dust on Instant Volumising Powder sparingly and rub lightly at the roots. Use your fingers to mould the hair into the desired shape. Repeat as desired for a stronger effect.,"AQUA (WATER), SILICA SILYLATE, PEG-8, UNDECANE, POTASSIUM SORBATE, TRIDECANE, CITRIC ACID, TOCOPHEROL",no,yes,ja
Tender Blush Flushed Ruby,de,https://image.labiosthetique.com/i/square-1440/m2-product:tender_blush_flushed_ruby_396618_3_5g_f1e46a2.jpg/feed-media.jpg,https://www.labiosthetique.de/tender-blush?childSku=4040218881783,/tender-blush?childSku=4040218881783,018514,Das elegante Puder-Rouge Tender Blush definiert die Wangenknochen und veredelt die Gesichtszüge.,"30,50 €",0,"3,5 g",Make-Up,Tender Blush mit dem Pinsel oder einem Make-up Schwämmchen gleichmäßig von den Wangen bis zum Haaransatz sanft und in leicht kreisenden Bewegungen verteilen und anschließend verblenden.,"SYNTHETIC FLUORPHLOGOPITE, CALCIUM CARBONATE, ZEOLITE, SILICA, CAPRYLIC/CAPRIC TRIGLYCERIDE, ETHYLHEXYL PALMITATE, ZINC STEARATE, MAGNESIUM MYRISTATE, CETEARYL ETHYLHEXANOATE, CI 77491 (IRON OXIDES), OCTYLDODECYL STEAROYL STEARATE, CI 15850 (RED 7 LAKE), CI 77891 (TITANIUM DIOXIDE), ETHYLHEXYLGLYCERIN, LAUROYL LYSINE, CI 77499 (IRON OXIDES), DEHYDROACETIC ACID, 1,2-HEXANEDIOL, CAPRYLYL GLYCOL, CI 77492 (IRON OXIDES), STEARIC ACID, TOCOPHEROL",yes,yes,ja
Tender Blush Flushed Ruby,en,https://image.labiosthetique.com/i/square-1440/m2-product:tender_blush_flushed_ruby_396618_3_5g_f1e46a2.jpg/feed-media.jpg,https://www.labiosthetique.de/tender-blush?childSku=4040218881783,/tender-blush?childSku=4040218881783,018514,The elegant powder blusher Tender Blush defines the cheekbones and enhances your features.,"30,50 €",0,"3,5 g",Make-up,"Use a brush or a make-up sponge to evenly apply Tender Blush from cheeks to hair line, softly distribute in lightly circling motions and then blend.","SYNTHETIC FLUORPHLOGOPITE, CALCIUM CARBONATE, ZEOLITE, SILICA, CAPRYLIC/CAPRIC TRIGLYCERIDE, ETHYLHEXYL PALMITATE, ZINC STEARATE, MAGNESIUM MYRISTATE, CETEARYL ETHYLHEXANOATE, CI 77491 (IRON OXIDES), OCTYLDODECYL STEAROYL STEARATE, CI 15850 (RED 7 LAKE), CI 77891 (TITANIUM DIOXIDE), ETHYLHEXYLGLYCERIN, LAUROYL LYSINE, CI 77499 (IRON OXIDES), DEHYDROACETIC ACID, 1,2-HEXANEDIOL, CAPRYLYL GLYCOL, CI 77492 (IRON OXIDES), STEARIC ACID, TOCOPHEROL",yes,yes,ja
Lush Lipstick Misty Melon,de,https://image.labiosthetique.com/i/square-1440/m2-product:lush_lipstick_misty_melon_396606_1_8g_118fed1.jpg/feed-media.jpg,https://www.labiosthetique.de/lush-lipstick?childSku=4040218882483,/lush-lipstick?childSku=4040218882483,019536,Der Lush Lipstick hüllt die Lippen in verführerisch frische Farbe und verwöhnt sie mit reichhaltigen Pflegestoffen. Die Stickform und der praktische Drehmechanismus ermöglichen ein unkompliziertes Auftragen - für perfekt gepflegte Lippen und eine schnelle Farbauffrischung zwischendurch.,"25,00 €",0,"1,8 g",Make-Up,Lush Lipstick direkt auf die Lippen auftragen. Dabei von der Mitte nach außen arbeiten. Mehrfaches Auftragen intensiviert das Farbergebnis.,"BIS-BEHENYL/ISOSTEARYL/PHYTOSTERYL DIMER DILINOLEYL DIMER DILINOLEATE, ISOCETYL STEARATE, POLYBUTENE, CANDELILLA CERA HYDROCARBONS, DIISOSTEARYL MALATE, THEOBROMA GRANDIFLORUM SEED BUTTER, SILICA, DIPENTAERYTHRITYL PENTAISONONANOATE, SYNTHETIC FLUORPHLOGOPITE, GLYCERYL CITRATE/LACTATE/LINOLEATE/OLEATE, MICA, GLYCINE SOJA PROTEIN, LIMNANTHES ALBA (MEADOWFOAM) SEED OIL, SYNTHETIC BEESWAX, CI 77891 (TITANIUM DIOXIDE), DIPALMITOYL HYDROXYPROLINE, SIMMONDSIA CHINENSIS (JOJOBA) SEED OIL, COPERNICIA CERIFERA CERA (CARNAUBA WAX), SORBITAN STEARATE, PENTAERYTHRITYL TETRA-DI-T-BUTYL HYDROXYHYDROCINNAMATE, GLYCYRRHIZA GLABRA LEAF EXTRACT, CI 77491 (IRON OXIDES), PHOSPHOLIPIDS, CI 15850 (RED 7 LAKE)",yes,yes,ja
Lush Lipstick Misty Melon,en,https://image.labiosthetique.com/i/square-1440/m2-product:lush_lipstick_misty_melon_396606_1_8g_118fed1.jpg/feed-media.jpg,https://www.labiosthetique.de/lush-lipstick?childSku=4040218882483,/lush-lipstick?childSku=4040218882483,019536,Lush Lipstick coats the lips with seductively fresh colour and pampers them with rich care ingredients. The stick form and the practical twist mechanism enable uncomplicated application – for perfectly cared-for lips and rapid colour refreshment whenever you need it.,"25,00 €",0,"1,8 g",Make-up,Apply Lush Lipstick directly to the lips. Work from the middle outwards. Multiple applications intensify the colour result.,"BIS-BEHENYL/ISOSTEARYL/PHYTOSTERYL DIMER DILINOLEYL DIMER DILINOLEATE, ISOCETYL STEARATE, POLYBUTENE, CANDELILLA CERA HYDROCARBONS, DIISOSTEARYL MALATE, THEOBROMA GRANDIFLORUM SEED BUTTER, SILICA, DIPENTAERYTHRITYL PENTAISONONANOATE, SYNTHETIC FLUORPHLOGOPITE, GLYCERYL CITRATE/LACTATE/LINOLEATE/OLEATE, MICA, GLYCINE SOJA PROTEIN, LIMNANTHES ALBA (MEADOWFOAM) SEED OIL, SYNTHETIC BEESWAX, CI 77891 (TITANIUM DIOXIDE), DIPALMITOYL HYDROXYPROLINE, SIMMONDSIA CHINENSIS (JOJOBA) SEED OIL, COPERNICIA CERIFERA CERA (CARNAUBA WAX), SORBITAN STEARATE, PENTAERYTHRITYL TETRA-DI-T-BUTYL HYDROXYHYDROCINNAMATE, GLYCYRRHIZA GLABRA LEAF EXTRACT, CI 77491 (IRON OXIDES), PHOSPHOLIPIDS, CI 15850 (RED 7 LAKE)",yes,yes,ja
Matte Lip & Cheek Tint Camellia,de,https://image.labiosthetique.com/i/square-1440/m2-product:matte_lip_cheek_tint_camellia_418597_2_5g_8512946.jpg/feed-media.jpg,https://www.labiosthetique.de/matte-lip-cheek-tint-camellia,/matte-lip-cheek-tint-camellia,018785,Die hauchzarte Creme-zu-Puder-Formel hüllt Lippen und Wangen in sanfte Farbe und schafft einen natürlich matten Weichzeichnereffekt.,"29,50 €",0,"2,5 g",Make-Up,Den Tint auf Wangen und Lippen tupfen und sanft mit den Fingerspitzen verblenden. Die Anwendung mit einem Pinsel oder Make-up-Schwämmchen erzeugt einen diffuseren Effekt. Wiederholtes Auftragen intensiviert das Farbergebnis.,"DIMETHICONE, ISONONYL ISONONANOATE, DIMETHICONE/VINYL DIMETHICONE CROSSPOLYMER, COCO-CAPRYLATE/CAPRATE, ALUMINUM STARCH OCTENYLSUCCINATE, SILICA, CI 77891 (TITANIUM DIOXIDE), HELIANTHUS ANNUUS (SUNFLOWER) SEED WAX, SYNTHETIC WAX, CI 77492 (IRON OXIDES), CANDELILLA CERA (EUPHORBIA CERIFERA WAX), CI 15850 (RED 7 LAKE), ETHYL VANILLIN, CI 77491 (IRON OXIDES), PENTAERYTHRITYL TETRA-DI-T-BUTYL HYDROXYHYDROCINNAMATE, PRUNUS PERSICA (PEACH) KERNEL OIL, COCOS NUCIFERA (COCONUT) OIL, DICALCIUM PHOSPHATE, HYDROLYZED VEGETABLE PROTEIN, ASCORBYL PALMITATE, HELIANTHUS ANNUUS (SUNFLOWER) SEED OIL, TOCOPHEROL, DISTEARDIMONIUM HECTORITE, POLYHYDROXYSTEARIC ACID, CI 15850 (RED 6), CI 15985 (YELLOW 6 LAKE), CI 19140 (YELLOW 5 LAKE), CI 42090 (BLUE 1 LAKE), CI 45410 (RED 28 LAKE), CI 77499 (IRON OXIDES)",no,yes,ja
Matte Lip & Cheek Tint Camellia,en,https://image.labiosthetique.com/i/square-1440/m2-product:matte_lip_cheek_tint_camellia_418597_2_5g_8512946.jpg/feed-media.jpg,https://www.labiosthetique.de/matte-lip-cheek-tint-camellia,/matte-lip-cheek-tint-camellia,018785,The extremely soft cream-to-powder formulation coats the lips and cheeks with subtle colour and creates a naturally matte soft-filter effect.,"29,50 €",0,"2,5 g",Make-up,"Dab the tint onto the cheeks and lips, then gently blend it with your fingertips. Apply with a brush or make-up sponge to achieve a more diffuse effect. Repeated application intensifies the colour result.","DIMETHICONE, ISONONYL ISONONANOATE, DIMETHICONE/VINYL DIMETHICONE CROSSPOLYMER, COCO-CAPRYLATE/CAPRATE, ALUMINUM STARCH OCTENYLSUCCINATE, SILICA, CI 77891 (TITANIUM DIOXIDE), HELIANTHUS ANNUUS (SUNFLOWER) SEED WAX, SYNTHETIC WAX, CI 77492 (IRON OXIDES), CANDELILLA CERA (EUPHORBIA CERIFERA WAX), CI 15850 (RED 7 LAKE), ETHYL VANILLIN, CI 77491 (IRON OXIDES), PENTAERYTHRITYL TETRA-DI-T-BUTYL HYDROXYHYDROCINNAMATE, PRUNUS PERSICA (PEACH) KERNEL OIL, COCOS NUCIFERA (COCONUT) OIL, DICALCIUM PHOSPHATE, HYDROLYZED VEGETABLE PROTEIN, ASCORBYL PALMITATE, HELIANTHUS ANNUUS (SUNFLOWER) SEED OIL, TOCOPHEROL, DISTEARDIMONIUM HECTORITE, POLYHYDROXYSTEARIC ACID, CI 15850 (RED 6), CI 15985 (YELLOW 6 LAKE), CI 19140 (YELLOW 5 LAKE), CI 42090 (BLUE 1 LAKE), CI 45410 (RED 28 LAKE), CI 77499 (IRON OXIDES)",no,yes,ja
Automatic Pencil for Lips LL36 Ginger,de,https://image.labiosthetique.com/i/square-1440/m2-product:automatic_pencil_for_lips_ll36_ginger_247665_0_28g_9341404.jpg/feed-media.jpg,https://www.labiosthetique.de/automatic-pencil-for-lips?childSku=4040218842982,/automatic-pencil-for-lips?childSku=4040218842982,017548,"Der wasserfeste Lippenkonturen-Stift zaubert wunderschöne, definierte Lippen.","25,00 €",0,"0,28 g",Make-Up,Den Stift aus der Automatikhülle herausdrehen und die Lippenkontur sanft nachziehen oder nuancieren. Achtung: der Stift kann nicht zurückgedreht werden!,"SYNTHETIC WAX, ISODODECANE, MICA, HYDROGENATED POLYCYCLOPENTADIENE, POLYGLYCERYL-10 PENTAISOSTEARATE, HYDROGENATED POLY(C6-14 OLEFIN), HYDROGENATED POLYDECENE, HYDROGENATED POLYISOBUTENE, POLYBUTENE, CI 77492 (IRON OXIDES), CI 77491 (IRON OXIDES), DISTEARDIMONIUM HECTORITE, CI 15850 (RED 6), CI 77891 (TITANIUM DIOXIDE), CI 15850 (RED 7), PROPYLENE CARBONATE, POLYETHYLENE, PENTAERYTHRITYL TETRA-DI-T-BUTYL HYDROXYHYDROCINNAMATE, CI 77499 (IRON OXIDES)",yes,yes,ja
Automatic Pencil for Lips LL36 Ginger,en,https://image.labiosthetique.com/i/square-1440/m2-product:automatic_pencil_for_lips_ll36_ginger_247665_0_28g_9341404.jpg/feed-media.jpg,https://www.labiosthetique.de/automatic-pencil-for-lips?childSku=4040218842982,/automatic-pencil-for-lips?childSku=4040218842982,017548,The waterproof lip liner creates wonderfully defined lips.,"25,00 €",0,"0,28 g",Make-up,Twist the liner out of the automatic case and gently outline or shade the lip line. Caution: you cannot twist the liner back into the case!,"SYNTHETIC WAX, ISODODECANE, MICA, HYDROGENATED POLYCYCLOPENTADIENE, POLYGLYCERYL-10 PENTAISOSTEARATE, HYDROGENATED POLY(C6-14 OLEFIN), HYDROGENATED POLYDECENE, HYDROGENATED POLYISOBUTENE, POLYBUTENE, CI 77492 (IRON OXIDES), CI 77491 (IRON OXIDES), DISTEARDIMONIUM HECTORITE, CI 15850 (RED 6), CI 77891 (TITANIUM DIOXIDE), CI 15850 (RED 7), PROPYLENE CARBONATE, POLYETHYLENE, PENTAERYTHRITYL TETRA-DI-T-BUTYL HYDROXYHYDROCINNAMATE, CI 77499 (IRON OXIDES)",yes,yes,ja
Curl Protecting Spray ,de,https://image.labiosthetique.com/i/square-1440/m2-product:curl_protecting_spray_398166_150ml_6f9fbbb.jpg/feed-media.jpg,https://www.labiosthetique.de/curl-protecting-spray,/curl-protecting-spray,110023,Das zart duftende Spray schützt das Haar beim Hitzestyling mit dem Lockenstab. Es schafft perfekt definierte Locken und Wellen mit Sprungkraft und langandauerndem leichten Halt.,"30,00 €",0,150 ml,Styling,"Curl Protecting Spray vor dem Föhnen passéweise ins feuchte, vor dem Einsatz des Lockenstabs ins trockene Haar sprühen. Vor Gebrauch schütteln.","AQUA (WATER), ALCOHOL DENAT., PEG-12 DIMETHICONE, GLYCERIN, VP/VA COPOLYMER, PANTHENOL, PEG-40 HYDROGENATED CASTOR OIL, ETHYLHEXYL METHOXYCINNAMATE, BIS-ETHYLHEXYL HYDROXYDIMETHOXY BENZYLMALONATE, PARFUM (FRAGRANCE), TETRAMETHYL ACETYLOCTAHYDRONAPHTHALENES, HEXAMETHYLINDANOPYRAN, LIMONENE, CITRIC ACID, LINALYL ACETATE, PINENE, LINALOOL, GERANIOL, CITRONELLOL, HYDROGEN PEROXIDE, BHT",no,no,ja
Curl Protecting Spray ,en,https://image.labiosthetique.com/i/square-1440/m2-product:curl_protecting_spray_398166_150ml_6f9fbbb.jpg/feed-media.jpg,https://www.labiosthetique.de/curl-protecting-spray,/curl-protecting-spray,110023,The delicately scented spray protects the hair during heat styling with the curling iron. It creates perfectly defined curls and waves with bounce and long-lasting light hold.,"30,00 €",0,150 ml,Styling,Spray Curl Protecting Spray into damp hair before blow-drying and into dry hair before using the curling iron. Shake before use.,"AQUA (WATER), ALCOHOL DENAT., PEG-12 DIMETHICONE, GLYCERIN, VP/VA COPOLYMER, PANTHENOL, PEG-40 HYDROGENATED CASTOR OIL, ETHYLHEXYL METHOXYCINNAMATE, BIS-ETHYLHEXYL HYDROXYDIMETHOXY BENZYLMALONATE, PARFUM (FRAGRANCE), TETRAMETHYL ACETYLOCTAHYDRONAPHTHALENES, HEXAMETHYLINDANOPYRAN, LIMONENE, CITRIC ACID, LINALYL ACETATE, PINENE, LINALOOL, GERANIOL, CITRONELLOL, HYDROGEN PEROXIDE, BHT",no,no,ja
Light Formula Hair Laque,de,https://image.labiosthetique.com/i/square-1440/m2-product:light_formula_hair_laque_398129_300ml_ad5703b.jpg/feed-media.jpg,https://www.labiosthetique.de/light-formula-hair-laque,/light-formula-hair-laque,110414,"Speziell abgestimmt auf die Bedürfnisse feiner Haare, sorgt Light Formula Hair Laque für lang anhaltende Fülle, schwerelosen Halt und Glanz, ohne Silikone und ohne zu verkleben.","22,50 €","75,00 € / 1 l",300 ml,Styling,Light Formula Hair Laque gleichmäßig und mit genügend Abstand ins feine Haar sprühen.,"ALCOHOL DENAT., BUTANE, PROPANE, OCTYLACRYLAMIDE/ACRYLATES/BUTYLAMINOETHYL METHACRYLATE COPOLYMER, AMINOMETHYL PROPANOL, TRIETHYL CITRATE, PANTHENOL, PARFUM (FRAGRANCE), AQUA (WATER), PHYTANTRIOL, TETRAMETHYL ACETYLOCTAHYDRONAPHTHALENES, LIMONENE, LINALOOL, LINALYL ACETATE, GERANIOL, CITRONELLOL, PINENE, CITRIC ACID, COUMARIN",yes,no,ja
Light Formula Hair Laque,en,https://image.labiosthetique.com/i/square-1440/m2-product:light_formula_hair_laque_398129_300ml_ad5703b.jpg/feed-media.jpg,https://www.labiosthetique.de/light-formula-hair-laque,/light-formula-hair-laque,110414,"Formally Formule Laque Fine - new design, unchanged formula: Specially tailored to the needs of fine hair, Light Formula Hair Laque provides long-lasting fullness, weightless hold and shine, without silicones and without stickiness.","22,50 €","75,00 € / 1 l",300 ml,Styling,Spray Light Formula Hair Laque evenly and with sufficient distance into fine hair.,"ALCOHOL DENAT., BUTANE, PROPANE, OCTYLACRYLAMIDE/ACRYLATES/BUTYLAMINOETHYL METHACRYLATE COPOLYMER, AMINOMETHYL PROPANOL, TRIETHYL CITRATE, PANTHENOL, PARFUM (FRAGRANCE), AQUA (WATER), PHYTANTRIOL, TETRAMETHYL ACETYLOCTAHYDRONAPHTHALENES, LIMONENE, LINALOOL, LINALYL ACETATE, GERANIOL, CITRONELLOL, PINENE, CITRIC ACID, COUMARIN",yes,no,ja
Brow Definer B04 Blonde,de,https://image.labiosthetique.com/i/square-1440/m2-product:brow_definer_b04_blonde_406092_0_09g_b84b4ea.jpg/feed-media.jpg,https://www.labiosthetique.de/brow-definer?childSku=4040218890082,/brow-definer?childSku=4040218890082,017662,"Der stylish schlanke Brow Definer definiert mühelos präzise, natürlich wirkende Brauen, setzt einzelne Härchen und nuanciert Konturen. Die ultrafeine Spitze ist auf einen Dreh perfekt on point. Mit veganen, natürlichen Inhaltsstoffen und pflegenden Vitaminen.","24,50 €",0,"0,09 g",Make-Up,"Die feine Spitze herausdrehen und kurze, haarähnliche Striche setzen für eine natürliche Definition der Brauen. Ein sanfter Druck genügt. Ein etwas stärkerer Druck intensiviert die Strichbreite und den Ausdruck. Mit dem integrierten Bürstchen verblenden und die Brauen in Form bringen – perfekt in Sekunden!","OCTYLDODECANOL, CI 77891 (TITANIUM DIOXIDE), HYDROGENATED VEGETABLE OIL, MICA, ORYZA SATIVA (RICE) BRAN WAX, SYNTHETIC WAX, COPERNICIA CERIFERA CERA (CARNAUBA WAX), CI 77492 (IRON OXIDES), CI 77499 (IRON OXIDES), ETHYLCELLULOSE, CI 77491 (IRON OXIDES), TOCOPHEROL, ASCORBYL PALMITATE",yes,yes,ja
Brow Definer B04 Blonde,en,https://image.labiosthetique.com/i/square-1440/m2-product:brow_definer_b04_blonde_406092_0_09g_b84b4ea.jpg/feed-media.jpg,https://www.labiosthetique.de/brow-definer?childSku=4040218890082,/brow-definer?childSku=4040218890082,017662,"The stylishly slim Brow Definer effortlessly defines precise, natural-looking eyebrows, fills in individual hairs and shades contours. Its ultra-fine tip delivers on-point results with just one twist. With vegan, natural ingredients and caring vitamins.","24,50 €",0,"0,09 g",Make-up,"Twist out the fine tip and draw short, hair-like lines for natural brow definition. Light pressure is sufficient. Slightly stronger pressure intensifies the line thickness and expression. Blend with the integrated brush and shape the brows – for a perfect result in seconds!","OCTYLDODECANOL, CI 77891 (TITANIUM DIOXIDE), HYDROGENATED VEGETABLE OIL, MICA, ORYZA SATIVA (RICE) BRAN WAX, SYNTHETIC WAX, COPERNICIA CERIFERA CERA (CARNAUBA WAX), CI 77492 (IRON OXIDES), CI 77499 (IRON OXIDES), ETHYLCELLULOSE, CI 77491 (IRON OXIDES), TOCOPHEROL, ASCORBYL PALMITATE",yes,yes,ja
Automatic Pencil for Lips LL40 Redwood,de,https://image.labiosthetique.com/i/square-1440/m2-product:automatic_pencil_for_lips_ll40_redwood_418588_0_35g_72742da.jpg/feed-media.jpg,https://www.labiosthetique.de/automatic-pencil-for-lips?childSku=4040218896282,/automatic-pencil-for-lips?childSku=4040218896282,019013,"Der wasserfeste Lippenkonturen-Stift zaubert wunderschöne, definierte Lippen.","25,00 €",0,"0,35 g",Make-Up,Den Stift aus der Automatikhülle herausdrehen und die Lippenkontur sanft nachziehen oder nuancieren. Achtung: der Stift kann nicht zurückgedreht werden!,"MICA, C9-12 ALKANE, BIS-BEHENYL/ISOSTEARYL/PHYTOSTERYL DIMER DILINOLEYL DIMER DILINOLEATE, SUCROSE TETRASTEARATE TRIACETATE, HYDROGENATED CASTOR OIL, SYNTHETIC WAX, COPERNICIA CERIFERA CERA (CARNAUBA WAX), CI 77491 (IRON OXIDES), POLYGLYCERYL-4 DIISOSTEARATE/POLYHYDROXYSTEARATE/SEBACATE, CI 77947 (ZINC OXIDE), CI 15850 (RED 7 LAKE), DISTEARDIMONIUM HECTORITE, TOCOPHEROL, CI 77499 (IRON OXIDES), PROPYLENE CARBONATE",yes,yes,ja
Automatic Pencil for Lips LL40 Redwood,en,https://image.labiosthetique.com/i/square-1440/m2-product:automatic_pencil_for_lips_ll40_redwood_418588_0_35g_72742da.jpg/feed-media.jpg,https://www.labiosthetique.de/automatic-pencil-for-lips?childSku=4040218896282,/automatic-pencil-for-lips?childSku=4040218896282,019013,The waterproof lip liner creates wonderfully defined lips.,"25,00 €",0,"0,35 g",Make-up,Twist the liner out of the automatic case and gently outline or shade the lip line. Caution: you cannot twist the liner back into the case!,"MICA, C9-12 ALKANE, BIS-BEHENYL/ISOSTEARYL/PHYTOSTERYL DIMER DILINOLEYL DIMER DILINOLEATE, SUCROSE TETRASTEARATE TRIACETATE, HYDROGENATED CASTOR OIL, SYNTHETIC WAX, COPERNICIA CERIFERA CERA (CARNAUBA WAX), CI 77491 (IRON OXIDES), POLYGLYCERYL-4 DIISOSTEARATE/POLYHYDROXYSTEARATE/SEBACATE, CI 77947 (ZINC OXIDE), CI 15850 (RED 7 LAKE), DISTEARDIMONIUM HECTORITE, TOCOPHEROL, CI 77499 (IRON OXIDES), PROPYLENE CARBONATE",yes,yes,ja
Anti-Dandruff Set,de,https://image.labiosthetique.com/i/square-1440/m2-product:anti_dandruff_set_167702_1Set_18802b8.jpg/feed-media.jpg,https://www.labiosthetique.de/anti-dandruff-set,/anti-dandruff-set,012251,"Exklusives Pflegeset bei Juckreiz, Rötungen und Schuppen. Die Kombination aus Purifying Dandruff Shampoo (250ml), Calming Scalp Lotion (100ml) & einer Scalp Brush entfernt bis zu 100 % der sichtbaren Schuppen und beugt ihrer Neubildung vor.","69,50 €",0,1 set,Haar- & Kopfhautpflege,"Purifying Dandruff Shampoo Gleichmäßig auf der Kopfhaut und im Haar verteilen, kurz einwirken lassen, anschließend gründlich ausspülen. Calming Scalp Lotion Nach der Haarwäsche scheitelweise auf die Kopfhaut auftragen und sanft einmassieren. Nicht ausspülen. Scalp Brush Beim Shampoonieren: Shampoo aufschäumen und mit der Bürste sanft einmassieren, um die Reinigung zu intensivieren und die Kopfhaut zu beleben. Als Haarpflege: Maske oder Conditioner in Längen und Spitzen verteilen und mit der Bürste einkämmen, damit jedes Haar gleichmäßig mit Pflege umhüllt wird. Als Kopfhautmassage: Auf trockener Kopfhaut anwenden, um die Mikrozirkulation anzuregen und die Kopfhaut zu entspannen.","Purifying Dandruff Shampoo INGREDIENTS: AQUA (WATER), SODIUM LAURETH SULFATE, COCAMIDOPROPYL BETAINE, PIROCTONE OLAMINE, SODIUM LAUROYL OAT AMINO ACIDS, SODIUM CHLORIDE, GLYCOL DISTEARATE, HYDROXYACETOPHENONE, BUTYLENE GLYCOL, PENTYLENE GLYCOL, HYDROXYPROPYL OXIDIZED STARCH PG-TRIMONIUM CHLORIDE, SUCCINIC ACID, DISODIUM LAURYL SULFOSUCCINATE, GLYCERIN, ALLANTOIN, GLYCERYL LAURATE, BENZOIC ACID, STARCH HYDROXYPROPYLTRIMONIUM CHLORIDE, SODIUM LACTATE, HYDROXYPHENYL PROPAMIDOBENZOIC ACID, UREA, SODIUM BENZOATE, LACTIC ACID, PHENOXYETHANOL, TETRASODIUM EDTA, LEVULINIC ACID, ETHYLHEXYLGLYCERIN, ASCORBYL PALMITATE, P-ANISIC ACID Calming Scalp Lotion INGREDIENTS: AQUA (WATER), DIPROPYLENE GLYCOL, XANTHAN GUM, DIPOTASSIUM GLYCYRRHIZATE, HYDROXYACETOPHENONE, BUTYLENE GLYCOL, PENTYLENE GLYCOL, 1,2-HEXANEDIOL, CAPRYLYL GLYCOL, BOSWELLIA SERRATA GUM, MICROCRYSTALLINE CELLULOSE, PANTHENOL, ALLANTOIN, CELLULOSE GUM, GLYCERIN, HYDROXYPHENYL PROPAMIDOBENZOIC ACID, GLYCOL DISTEARATE, DISODIUM LAURYL SULFOSUCCINATE, BETA-GLUCAN, GLYCERYL LAURATE, SODIUM BENZOATE, CITRIC ACID, ASCORBYL PALMITATE",no,no,nein
Anti-Dandruff Set,en,https://image.labiosthetique.com/i/square-1440/m2-product:anti_dandruff_set_167702_1Set_18802b8.jpg/feed-media.jpg,https://www.labiosthetique.de/anti-dandruff-set,/anti-dandruff-set,012251,"An exclusive care set for itchiness, redness, and dandruff. The combination of Purifying Dandruff Shampoo (250 ml), Calming Scalp Lotion (100 ml), and a scalp brush removes up to 100% of visible dandruff and prevents it from returning.","69,50 €",0,1 set,Hair & scalp care,"Purifying Dandruff Shampoo Apply evenly to the scalp and hair, leave on briefly, then rinse thoroughly. Calming Scalp Lotion After shampooing, apply to the scalp section by section and massage in gently. Do not rinse. Scalp Brush When shampooing: Lather the shampoo and gently massage it in with the brush to intensify cleansing and revitalize the scalp. For hair care: Apply a mask or conditioner to the lengths and ends, then comb through with the brush to ensure each strand is evenly coated with the product. For a scalp massage: Apply to a dry scalp to stimulate microcirculation and relax the scalp.","Purifying Dandruff Shampoo INGREDIENTS: AQUA (WATER), SODIUM LAURETH SULFATE, COCAMIDOPROPYL BETAINE, PIROCTONE OLAMINE, SODIUM LAUROYL OAT AMINO ACIDS, SODIUM CHLORIDE, GLYCOL DISTEARATE, HYDROXYACETOPHENONE, BUTYLENE GLYCOL, PENTYLENE GLYCOL, HYDROXYPROPYL OXIDIZED STARCH PG-TRIMONIUM CHLORIDE, SUCCINIC ACID, DISODIUM LAURYL SULFOSUCCINATE, GLYCERIN, ALLANTOIN, GLYCERYL LAURATE, BENZOIC ACID, STARCH HYDROXYPROPYLTRIMONIUM CHLORIDE, SODIUM LACTATE, HYDROXYPHENYL PROPAMIDOBENZOIC ACID, UREA, SODIUM BENZOATE, LACTIC ACID, PHENOXYETHANOL, TETRASODIUM EDTA, LEVULINIC ACID, ETHYLHEXYLGLYCERIN, ASCORBYL PALMITATE, P-ANISIC ACID Calming Scalp Lotion INGREDIENTS: AQUA (WATER), DIPROPYLENE GLYCOL, XANTHAN GUM, DIPOTASSIUM GLYCYRRHIZATE, HYDROXYACETOPHENONE, BUTYLENE GLYCOL, PENTYLENE GLYCOL, 1,2-HEXANEDIOL, CAPRYLYL GLYCOL, BOSWELLIA SERRATA GUM, MICROCRYSTALLINE CELLULOSE, PANTHENOL, ALLANTOIN, CELLULOSE GUM, GLYCERIN, HYDROXYPHENYL PROPAMIDOBENZOIC ACID, GLYCOL DISTEARATE, DISODIUM LAURYL SULFOSUCCINATE, BETA-GLUCAN, GLYCERYL LAURATE, SODIUM BENZOATE, CITRIC ACID, ASCORBYL PALMITATE",no,no,nein
Revitalising Balance Cream,de,https://image.labiosthetique.com/i/square-1440/m2-product:revitalising_balance_cream_382741_50ml_936035e.jpg/feed-media.jpg,https://www.labiosthetique.de/revitalising-balance-cream,/revitalising-balance-cream,004322,"Sorgfältig aufeinander abgestimmte Wirkmechanismen bremsen die Alterungsprozesse der Haut, stärken sie von innen und bringen sie sichtbar ins Gleichgewicht. Für alle Liebhaber von Ménulphia Jeunesse wird dies Ihr neues Lieblingsprodukt.","78,50 €","1.570,00 € / 1 l",50 ml,Hautpflege,"Morgens und abends im Anschluss an die Gesichtsreinigung und Tonisierung direkt auf die noch leicht feuchte Haut von Gesicht, Hals und Dekolleté auftragen.","AQUA (WATER), CAPRYLIC/CAPRIC TRIGLYCERIDE, SQUALANE, CETEARYL ETHYLHEXANOATE, GLYCERIN, HYDROGENATED COCO-GLYCERIDES, CETEARYL ALCOHOL, CETEARYL GLUCOSIDE , CETYL PALMITATE, PALMITOYL GLYCINE, LEONTOPODIUM ALPINUM FLOWER/LEAF EXTRACT, GANODERMA LUCIDUM STEM EXTRACT, CHLORELLA VULGARIS/LUPINUS ALBUS PROTEIN FERMENT, SESAMUM INDICUM (SESAME) OIL UNSAPONIFIABLES, TOCOPHEROL, PHOSPHATIDYLCHOLINE, PROPANEDIOL, POTASSIUM CETYL PHOSPHATE, ISOPROPYL MYRISTATE, PARFUM (FRAGRANCE), MANNITOL, BENZOIC ACID, DEHYDROACETIC ACID, TETRAMETHYL ACETYLOCTAHYDRONAPHTHALENES, CITRIC ACID, POLYGLYCERYL-10 LAURATE, CETYL ALCOHOL, SODIUM BENZOATE, GLYCINE SOJA (SOYBEAN) OIL, ALPHA-ISOMETHYL IONONE, GERANIOL, BENZYL ALCOHOL, PINENE, ACETYLATED GLYCOL STEARATE, TRIHYDROXYSTEARIN, LIMONENE, LINALOOL, LINALYL ACETATE, CITRONELLOL, HEXYL CINNAMAL, PHENOXYETHANOL, POTASSIUM SORBATE",yes,yes,ja
Revitalising Balance Cream,en,https://image.labiosthetique.com/i/square-1440/m2-product:revitalising_balance_cream_382741_50ml_936035e.jpg/feed-media.jpg,https://www.labiosthetique.de/revitalising-balance-cream,/revitalising-balance-cream,004322,"Carefully coordinated mechanisms of action slow down the skin's aging processes, strengthen it from within and visibly restore its balance. For all lovers of Ménulphia Jeunesse this will be your new favorite product.","78,50 €","1.570,00 € / 1 l",50 ml,Skin care,"Apply directly to slightly damp skin on the face, neck and décolleté in the morning and evening after cleansing and toning.","AQUA (WATER), CAPRYLIC/CAPRIC TRIGLYCERIDE, SQUALANE, CETEARYL ETHYLHEXANOATE, GLYCERIN, HYDROGENATED COCO-GLYCERIDES, CETEARYL ALCOHOL, CETEARYL GLUCOSIDE , CETYL PALMITATE, PALMITOYL GLYCINE, LEONTOPODIUM ALPINUM FLOWER/LEAF EXTRACT, GANODERMA LUCIDUM STEM EXTRACT, CHLORELLA VULGARIS/LUPINUS ALBUS PROTEIN FERMENT, SESAMUM INDICUM (SESAME) OIL UNSAPONIFIABLES, TOCOPHEROL, PHOSPHATIDYLCHOLINE, PROPANEDIOL, POTASSIUM CETYL PHOSPHATE, ISOPROPYL MYRISTATE, PARFUM (FRAGRANCE), MANNITOL, BENZOIC ACID, DEHYDROACETIC ACID, TETRAMETHYL ACETYLOCTAHYDRONAPHTHALENES, CITRIC ACID, POLYGLYCERYL-10 LAURATE, CETYL ALCOHOL, SODIUM BENZOATE, GLYCINE SOJA (SOYBEAN) OIL, ALPHA-ISOMETHYL IONONE, GERANIOL, BENZYL ALCOHOL, PINENE, ACETYLATED GLYCOL STEARATE, TRIHYDROXYSTEARIN, LIMONENE, LINALOOL, LINALYL ACETATE, CITRONELLOL, HEXYL CINNAMAL, PHENOXYETHANOL, POTASSIUM SORBATE",yes,yes,ja
Balancing Lipokerine A Shampoo,de,https://image.labiosthetique.com/i/square-1440/m2-product:balancing_lipokerine_a_shampoo_395121_250ml_bc78548.jpg/feed-media.jpg,https://www.labiosthetique.de/balancing-lipokerine-a-shampoo?childSku=4040218881981,/balancing-lipokerine-a-shampoo?childSku=4040218881981,120281,"Das ausgleichende Shampoo reinigt ebenso schonend wie gründlich, befreit die Kopfhaut von überschüssigem Talg, reguliert die Talgproduktion und verhindert das schnelle Nachfetten der Haare. Kopfhaut und Haar erhalten ein sofortiges Frischegefühl. Für alle Liebhaber von Shampooing Lipokerine A wird dies Ihr neues Lieblingsprodukt.","27,50 €","110,00 € / 1 l",250 ml,Haar- & Kopfhautpflege,"Gleichmäßig im feuchten Haar und auf der Kopfhaut verteilen, kurz einwirken lassen und gründlich ausspülen.","AQUA (WATER), SODIUM LAURETH SULFATE, LAURYL GLUCOSIDE , SODIUM LAUROYL OAT AMINO ACIDS, CAPRYLYL/CAPRYL GLUCOSIDE, GLYCERIN, SODIUM BENZOATE, PARFUM (FRAGRANCE), LACTIC ACID, TETRAMETHYL ACETYLOCTAHYDRONAPHTHALENES, PEG-7 GLYCERYL COCOATE, HYDROXYPROPYL OXIDIZED STARCH PG-TRIMONIUM CHLORIDE, PEG-150 PENTAERYTHRITYL TETRASTEARATE, SODIUM CITRATE, PHENOXYETHANOL, SARCOSINE, STARCH HYDROXYPROPYLTRIMONIUM CHLORIDE, TETRASODIUM EDTA, OCTYLDODECANOL, SODIUM LACTATE, LIMONENE, CITRUS LIMON (LEMON) PEEL OIL, PINENE, BENZOIC ACID, POLYSORBATE 20, SODIUM CHLORIDE, UREA, ETHYLHEXYLGLYCERIN, LEVULINIC ACID, LEPTOSPERMUM SCOPARIUM BRANCH/LEAF OIL, P-ANISIC ACID, MAGNOLIA OFFICINALIS BARK EXTRACT, PIPER NIGRUM (PEPPER) SEED EXTRACT",yes,yes,ja
Balancing Lipokerine A Shampoo,en,https://image.labiosthetique.com/i/square-1440/m2-product:balancing_lipokerine_a_shampoo_395121_250ml_bc78548.jpg/feed-media.jpg,https://www.labiosthetique.de/balancing-lipokerine-a-shampoo?childSku=4040218881981,/balancing-lipokerine-a-shampoo?childSku=4040218881981,120281,"The balancing shampoo has both a gentle and a thorough cleansing effect, frees the scalp from excessive sebum, regulates sebum production and prevents the hair from rapidly becoming oily. It provides the scalp and hair with an instant feeling of freshness.","27,50 €","110,00 € / 1 l",250 ml,Hair & scalp care,"Distribute evenly in moist hair and on the scalp, briefly leave to take effect, then rinse out thoroughly.","AQUA (WATER), SODIUM LAURETH SULFATE, LAURYL GLUCOSIDE , SODIUM LAUROYL OAT AMINO ACIDS, CAPRYLYL/CAPRYL GLUCOSIDE, GLYCERIN, SODIUM BENZOATE, PARFUM (FRAGRANCE), LACTIC ACID, TETRAMETHYL ACETYLOCTAHYDRONAPHTHALENES, PEG-7 GLYCERYL COCOATE, HYDROXYPROPYL OXIDIZED STARCH PG-TRIMONIUM CHLORIDE, PEG-150 PENTAERYTHRITYL TETRASTEARATE, SODIUM CITRATE, PHENOXYETHANOL, SARCOSINE, STARCH HYDROXYPROPYLTRIMONIUM CHLORIDE, TETRASODIUM EDTA, OCTYLDODECANOL, SODIUM LACTATE, LIMONENE, CITRUS LIMON (LEMON) PEEL OIL, PINENE, BENZOIC ACID, POLYSORBATE 20, SODIUM CHLORIDE, UREA, ETHYLHEXYLGLYCERIN, LEVULINIC ACID, LEPTOSPERMUM SCOPARIUM BRANCH/LEAF OIL, P-ANISIC ACID, MAGNOLIA OFFICINALIS BARK EXTRACT, PIPER NIGRUM (PEPPER) SEED EXTRACT",yes,yes,ja
Micellar Cleansing Gel,de,https://image.labiosthetique.com/i/square-1440/m2-product:micellar_cleansing_gel_396291_250ml_5990094.jpg/feed-media.jpg,https://www.labiosthetique.de/micellar-cleansing-gel,/micellar-cleansing-gel,003781,"Das milde Mizellen Reinigungsgel befreit die Haut von Schmutz und überschüssigem Talg und reduziert die Sebumproduktion, ohne die Haut auszutrocknen. Für alle Liebhaber von Clair de Teint Clarifiant wird dies Ihr neues Lieblingsprodukt.","26,00 €","104,00 € / 1 l",250 ml,Hautpflege,"Morgens und abends auf Gesicht, Hals und Dekolleté auftragen, mit etwas Wasser emulgieren und gründlich abspülen.","AQUA (WATER), PROPANEDIOL, DISODIUM CAPRYLOYL GLUTAMATE, SODIUM LAUROYL SARCOSINATE, COCAMIDOPROPYL BETAINE, XANTHAN GUM, SODIUM CHLORIDE, PROPYLENE GLYCOL, PHENOXYETHANOL, PARFUM (FRAGRANCE), LACTIC ACID, TETRAMETHYL ACETYLOCTAHYDRONAPHTHALENES, GLYCERIN, SODIUM GLUCONATE, SODIUM LACTATE, BENZOIC ACID, DEHYDROACETIC ACID, SODIUM BENZOATE, LIMONENE, CITRUS LIMON (LEMON) PEEL OIL, PINENE",yes,yes,ja
Micellar Cleansing Gel,en,https://image.labiosthetique.com/i/square-1440/m2-product:micellar_cleansing_gel_396291_250ml_5990094.jpg/feed-media.jpg,https://www.labiosthetique.de/micellar-cleansing-gel,/micellar-cleansing-gel,003781,The mild micellar cleansing gel frees the skin from dirt and excess sebum and reduces sebum production without drying out the skin. For all lovers of Clair de Teint Clarifiant this will be your new favorite product.,"26,00 €","104,00 € / 1 l",250 ml,Skin care,"In the morning and evening, apply to the face, neck and décolleté, lather with a little water, then rinse off thoroughly.","AQUA (WATER), PROPANEDIOL, DISODIUM CAPRYLOYL GLUTAMATE, SODIUM LAUROYL SARCOSINATE, COCAMIDOPROPYL BETAINE, XANTHAN GUM, SODIUM CHLORIDE, PROPYLENE GLYCOL, PHENOXYETHANOL, PARFUM (FRAGRANCE), LACTIC ACID, TETRAMETHYL ACETYLOCTAHYDRONAPHTHALENES, GLYCERIN, SODIUM GLUCONATE, SODIUM LACTATE, BENZOIC ACID, DEHYDROACETIC ACID, SODIUM BENZOATE, LIMONENE, CITRUS LIMON (LEMON) PEEL OIL, PINENE",yes,yes,ja
Scalp Care Set Méthode Sensitive ,de,https://image.labiosthetique.com/i/square-1440/m2-product:scalp_care_set_m_thode_sensitive_411231_1Set_929b59a.jpg/feed-media.jpg,https://www.labiosthetique.de/scalp-care-set-methode-sensitive,/scalp-care-set-methode-sensitive,012924,Die Pflegeroutine der Méthode Sensitive vereint sanft reinigendes Shampoo und beruhigende Kopfhautlotion für eine sofort entspannte und nachhaltig geschützte Kopfhaut.,"37,50 €",0,1 set,Haar- & Kopfhautpflege,"Das Calming Lipokerine E Shampoo gleichmäßig auf der Kopfhaut und im Haar verteilen, kurz einwirken lassen und gründlich ausspülen. Anschließend die Calming Scalp Lotion scheitelweise auf die Kopfhaut applizieren und sanft einmassieren. Nicht ausspülen.","Calming Lipokerine E Shampoo INGREDIENTS: AQUA (WATER), DECYL GLUCOSIDE, SODIUM LAURETH SULFATE, SODIUM LAUROYL OAT AMINO ACIDS, PEG-7 GLYCERYL COCOATE, PEG-150 PENTAERYTHRITYL TETRASTEARATE, PANTHENOL, BUTYLENE GLYCOL, PENTYLENE GLYCOL, SODIUM BENZOATE, HYDROXYPROPYL GUAR HYDROXYPROPYLTRIMONIUM CHLORIDE, LACTIC ACID, POLYSORBATE 20, HYDROXYPROPYL OXIDIZED STARCH PG-TRIMONIUM CHLORIDE, SODIUM POLYPHOSPHATE, PHENOXYETHANOL, GLYCERIN, STARCH HYDROXYPROPYLTRIMONIUM CHLORIDE, BENZOIC ACID, HYDROXYPHENYL PROPAMIDOBENZOIC ACID, TETRASODIUM EDTA, SODIUM LACTATE, SODIUM CHLORIDE, UREA, BETA-GLUCAN, CITRIC ACID, ETHYLHEXYLGLYCERIN, 1,2-HEXANEDIOL, CAPRYLYL GLYCOL, LEVULINIC ACID, ASCORBYL PALMITATE, P-ANISIC ACID Calming Scalp Lotion INGREDIENTS: AQUA (WATER), DIPROPYLENE GLYCOL, XANTHAN GUM, DIPOTASSIUM GLYCYRRHIZATE, HYDROXYACETOPHENONE, BUTYLENE GLYCOL, PENTYLENE GLYCOL, 1,2-HEXANEDIOL, CAPRYLYL GLYCOL, BOSWELLIA SERRATA GUM, MICROCRYSTALLINE CELLULOSE, PANTHENOL, ALLANTOIN, CELLULOSE GUM, GLYCERIN, HYDROXYPHENYL PROPAMIDOBENZOIC ACID, GLYCOL DISTEARATE, DISODIUM LAURYL SULFOSUCCINATE, BETA-GLUCAN, GLYCERYL LAURATE, SODIUM BENZOATE, CITRIC ACID, ASCORBYL PALMITATE",yes,yes,ja
Scalp Care Set Méthode Sensitive ,en,https://image.labiosthetique.com/i/square-1440/m2-product:scalp_care_set_m_thode_sensitive_411231_1Set_929b59a.jpg/feed-media.jpg,https://www.labiosthetique.de/scalp-care-set-methode-sensitive,/scalp-care-set-methode-sensitive,012924,The Méthode Sensitive care routine combines gently cleansing shampoo and calming scalp lotion for an instantly relaxed and lastingly protected scalp.,"37,50 €",0,1 set,Hair & scalp care,"Distribute Calming Lipokerine E Shampoo evenly on the scalp and in the hair, briefly leave it to take effect, then rinse it out thoroughly. Next, apply Calming Scalp Lotion along the parting of the scalp and gently massage it in. Do not rinse it out.","Calming Lipokerine E Shampoo INGREDIENTS: AQUA (WATER), DECYL GLUCOSIDE, SODIUM LAURETH SULFATE, SODIUM LAUROYL OAT AMINO ACIDS, PEG-7 GLYCERYL COCOATE, PEG-150 PENTAERYTHRITYL TETRASTEARATE, PANTHENOL, BUTYLENE GLYCOL, PENTYLENE GLYCOL, SODIUM BENZOATE, HYDROXYPROPYL GUAR HYDROXYPROPYLTRIMONIUM CHLORIDE, LACTIC ACID, POLYSORBATE 20, HYDROXYPROPYL OXIDIZED STARCH PG-TRIMONIUM CHLORIDE, SODIUM POLYPHOSPHATE, PHENOXYETHANOL, GLYCERIN, STARCH HYDROXYPROPYLTRIMONIUM CHLORIDE, BENZOIC ACID, HYDROXYPHENYL PROPAMIDOBENZOIC ACID, TETRASODIUM EDTA, SODIUM LACTATE, SODIUM CHLORIDE, UREA, BETA-GLUCAN, CITRIC ACID, ETHYLHEXYLGLYCERIN, 1,2-HEXANEDIOL, CAPRYLYL GLYCOL, LEVULINIC ACID, ASCORBYL PALMITATE, P-ANISIC ACID Calming Scalp Lotion INGREDIENTS: AQUA (WATER), DIPROPYLENE GLYCOL, XANTHAN GUM, DIPOTASSIUM GLYCYRRHIZATE, HYDROXYACETOPHENONE, BUTYLENE GLYCOL, PENTYLENE GLYCOL, 1,2-HEXANEDIOL, CAPRYLYL GLYCOL, BOSWELLIA SERRATA GUM, MICROCRYSTALLINE CELLULOSE, PANTHENOL, ALLANTOIN, CELLULOSE GUM, GLYCERIN, HYDROXYPHENYL PROPAMIDOBENZOIC ACID, GLYCOL DISTEARATE, DISODIUM LAURYL SULFOSUCCINATE, BETA-GLUCAN, GLYCERYL LAURATE, SODIUM BENZOATE, CITRIC ACID, ASCORBYL PALMITATE",yes,yes,ja
Homme Fiber Paste,de,https://image.labiosthetique.com/i/square-1440/m2-product:homme_fiber_paste_412842_100ml_dc73450.jpg/feed-media.jpg,https://www.labiosthetique.de/homme-fiber-paste,/homme-fiber-paste,110671,"Fiber Paste ermöglicht flexible Styles, die sich jederzeit neu modellieren lassen. Die zartschmelzende Stylingcreme akzentuiert einzelne Partien oder definiert das gesamte Haar mit elastischem Halt und einem natürlichen, seidenmatten Finish.","20,00 €","200,00 € / 1 l",100 ml,Styling,Je nach gewünschtem Effekt im trockenen oder noch leicht feuchten Haar partiell oder ganzflächig verteilen. Nach Belieben formen oder remodellieren.,"AQUA (WATER), PROPYLENE GLYCOL, PVP, PETROLATUM, CETEARETH-20, OLETH-5, BIS-DIGLYCERYL POLYACYLADIPATE-2, OZOKERITE, POLYQUATERNIUM-37, VP/VA COPOLYMER, PROPYLENE GLYCOL DICAPRYLATE/DICAPRATE, PEG-40 HYDROGENATED CASTOR OIL, PHENOXYETHANOL, PARFUM (FRAGRANCE), PEG-45M, SODIUM BENZOATE, PPG-1 TRIDECETH-6, TETRAMETHYL ACETYLOCTAHYDRONAPHTHALENES, DISODIUM EDTA, ETHYLHEXYLGLYCERIN, ACRYLATES/STEARYL METHACRYLATE COPOLYMER, SORBITAN OLEATE, MENTHOL, LINALOOL, LIMONENE, LINALYL ACETATE, PINENE, CITRIC ACID, CITRUS AURANTIUM BERGAMIA (BERGAMOT) PEEL OIL, CITRUS AURANTIUM PEEL OIL, GERANIOL, LAVANDULA OIL/EXTRACT, CITRUS LIMON PEEL OIL, TERPINEOL, COUMARIN, CITRAL, HYDROGEN PEROXIDE, BETA-CARYOPHYLLENE, TOCOPHEROL",yes,yes,ja
Homme Fiber Paste,en,https://image.labiosthetique.com/i/square-1440/m2-product:homme_fiber_paste_412842_100ml_dc73450.jpg/feed-media.jpg,https://www.labiosthetique.de/homme-fiber-paste,/homme-fiber-paste,110671,"Fiber Paste enables flexible styles that can be remodelled at any time. The softly melting styling cream accentuates individual sections or defines the entire hairstyle with elastic hold and a natural, silky matte finish.","20,00 €","200,00 € / 1 l",100 ml,Styling,Work into dry or slightly damp hair and style as desired.,"AQUA (WATER), PROPYLENE GLYCOL, PVP, PETROLATUM, CETEARETH-20, OLETH-5, BIS-DIGLYCERYL POLYACYLADIPATE-2, OZOKERITE, POLYQUATERNIUM-37, VP/VA COPOLYMER, PROPYLENE GLYCOL DICAPRYLATE/DICAPRATE, PEG-40 HYDROGENATED CASTOR OIL, PHENOXYETHANOL, PARFUM (FRAGRANCE), PEG-45M, SODIUM BENZOATE, PPG-1 TRIDECETH-6, TETRAMETHYL ACETYLOCTAHYDRONAPHTHALENES, DISODIUM EDTA, ETHYLHEXYLGLYCERIN, ACRYLATES/STEARYL METHACRYLATE COPOLYMER, SORBITAN OLEATE, MENTHOL, LINALOOL, LIMONENE, LINALYL ACETATE, PINENE, CITRIC ACID, CITRUS AURANTIUM BERGAMIA (BERGAMOT) PEEL OIL, CITRUS AURANTIUM PEEL OIL, GERANIOL, LAVANDULA OIL/EXTRACT, CITRUS LIMON PEEL OIL, TERPINEOL, COUMARIN, CITRAL, HYDROGEN PEROXIDE, BETA-CARYOPHYLLENE, TOCOPHEROL",yes,yes,ja
Velvet Skin 2/2 Medium Beige,de,https://image.labiosthetique.com/i/square-1440/m2-product:velvet_skin_2_2_medium_beige_407843_10g_ed0c791.jpg/feed-media.jpg,https://www.labiosthetique.de/velvet-skin?childSku=4040218893380,/velvet-skin?childSku=4040218893380,021544,"Jederzeit frischer Teint: Die Kompakt Foundation sorgt mit ihrer leichten, samtigen Textur für einen semi-mattem Finish und liefert im Nu ein natürliches, ebenmäßiges Hautbild. Sie verfeinert, statt maskenhaft abzudecken. Das mitgelieferte Schwämmchen ist ideal für unkomplizierte, rasche Touch-ups.","39,50 €",0,10 g,Make-Up,"Die Velvet Skin Foundation mit ihrer zarten, samtigen Textur lässt sich mühelos mit Pinsel, Schwämmchen oder Fingern auftragen und verteilen. In der Gesichtsmitte beginnen und nach außen ausarbeiten. Für ein besonders ebenmäßiges Finish leicht einklopfen und sorgfältig verblenden.","ISONONYL ISONONANOATE, CAPRYLIC/CAPRIC TRIGLYCERIDE, CI 77891 (TITANIUM DIOXIDE), RICINUS COMMUNIS (CASTOR) SEED OIL, TITANIUM DIOXIDE, SYNTHETIC WAX, MICA, TRIBEHENIN, CI 77492 (IRON OXIDES), ALUMINUM STARCH OCTENYLSUCCINATE, SILICA, SYNTHETIC BEESWAX, HYDROGENATED CASTOR OIL, TOCOPHERYL ACETATE, JOJOBA ESTERS, POLYHYDROXYSTEARIC ACID, CI 77491 (IRON OXIDES), HELIANTHUS ANNUUS (SUNFLOWER) SEED OIL, PENTAERYTHRITYL TETRA-DI-T-BUTYL HYDROXYHYDROCINNAMATE, CI 77499 (IRON OXIDES), COPERNICIA CERIFERA CERA (CARNAUBA WAX), ZINGIBER OFFICINALE (GINGER) LEAF CELL EXTRACT, DISTEARDIMONIUM HECTORITE",yes,yes,ja
Velvet Skin 2/2 Medium Beige,en,https://image.labiosthetique.com/i/square-1440/m2-product:velvet_skin_2_2_medium_beige_407843_10g_ed0c791.jpg/feed-media.jpg,https://www.labiosthetique.de/velvet-skin?childSku=4040218893380,/velvet-skin?childSku=4040218893380,021544,"A fresh complexion whenever you need it: With its light, velvety texture, the compact foundation provides a semi-matte finish and achieves a natural and even complexion in no time at all. It refines the complexion instead of just covering it. The sponge that comes with the foundation is ideal for quick and simple touch-ups.","39,50 €",0,10 g,Make-up,"The soft, velvety texture of Velvet Skin foundation can be effortlessly applied and distributed with a brush, sponge or your fingers. Start in the middle of the face and work outwards. For a particularly even finish, lightly tap the foundation into the skin and carefully blend.","ISONONYL ISONONANOATE, CAPRYLIC/CAPRIC TRIGLYCERIDE, CI 77891 (TITANIUM DIOXIDE), RICINUS COMMUNIS (CASTOR) SEED OIL, TITANIUM DIOXIDE, SYNTHETIC WAX, MICA, TRIBEHENIN, CI 77492 (IRON OXIDES), ALUMINUM STARCH OCTENYLSUCCINATE, SILICA, SYNTHETIC BEESWAX, HYDROGENATED CASTOR OIL, TOCOPHERYL ACETATE, JOJOBA ESTERS, POLYHYDROXYSTEARIC ACID, CI 77491 (IRON OXIDES), HELIANTHUS ANNUUS (SUNFLOWER) SEED OIL, PENTAERYTHRITYL TETRA-DI-T-BUTYL HYDROXYHYDROCINNAMATE, CI 77499 (IRON OXIDES), COPERNICIA CERIFERA CERA (CARNAUBA WAX), ZINGIBER OFFICINALE (GINGER) LEAF CELL EXTRACT, DISTEARDIMONIUM HECTORITE",yes,yes,ja
Perfect Skin 2/1 Medium Rose,de,https://image.labiosthetique.com/i/square-1440/m2-product:perfect_skin_2_1_medium_rose_391641_30ml_b94e5a2.jpg/feed-media.jpg,https://www.labiosthetique.de/perfect-skin?childSku=4040218878479,/perfect-skin?childSku=4040218878479,021556,Mit hoher Pigmentdichte und starker Deckkraft gleicht die schmelzende Creme-Foundation Hautunebenheiten mühelos aus und sorgt für lang anhaltende Perfektion.,"40,00 €",0,30 ml,Make-Up,"Perfect Skin mit dem Foundation-Pinsel Nr. 15, einem Schwamm oder den Fingern von der Gesichtsmitte nach außen auftragen und gut verblenden. Mit einer dünnen Schicht beginnen und bei Bedarf wiederholen, um die Deckkraft zu erhöhen oder bestimmte Bereiche stärker abzudecken.","CENTAUREA CYANUS FLOWER WATER, C9-12 ALKANE, CI 77891 (TITANIUM DIOXIDE), AQUA (WATER), POLYGLYCERYL-2 DIPOLYHYDROXYSTEARATE, UNDECANE, COCO-CAPRYLATE/CAPRATE, TRIHYDROXYSTEARIN, TRIDECANE, POLYGLYCERYL-3 DIISOSTEARATE, MAGNESIUM SULFATE, CI 77492 (IRON OXIDES), CI 77491 (IRON OXIDES), PERSEA GRATISSIMA (AVOCADO) OIL, POTASSIUM SORBATE, HYDROGENATED VEGETABLE OIL, SODIUM LEVULINATE, CI 77499 (IRON OXIDES), PARFUM (FRAGRANCE), BENZYL ALCOHOL, SODIUM BENZOATE, SODIUM PHYTATE, LACTIC ACID, VANILLIN, TOCOPHEROL, BALANITES ROXBURGHII SEED OIL, LINALOOL, CITRUS AURANTIUM PEEL OIL, LIMONENE, JUNIPERUS VIRGINIANA OIL, POGOSTEMON CABLIN OIL, ALCOHOL",yes,yes,ja
Perfect Skin 2/1 Medium Rose,en,https://image.labiosthetique.com/i/square-1440/m2-product:perfect_skin_2_1_medium_rose_391641_30ml_b94e5a2.jpg/feed-media.jpg,https://www.labiosthetique.de/perfect-skin?childSku=4040218878479,/perfect-skin?childSku=4040218878479,021556,"With its high pigment density and strong coverage, the melting cream foundation effortlessly balances out skin imperfections and provides long-lasting protection.","40,00 €",0,30 ml,Make-up,"Use Foundation Brush No. 15, a sponge or your fingertips to apply Perfect Skin from the middle of the face outwards and blend well. Start with a thin layer and repeat as necessary to increase the coverage or achieve a stronger concealing effect in certain areas.","CENTAUREA CYANUS FLOWER WATER, C9-12 ALKANE, CI 77891 (TITANIUM DIOXIDE), AQUA (WATER), POLYGLYCERYL-2 DIPOLYHYDROXYSTEARATE, UNDECANE, COCO-CAPRYLATE/CAPRATE, TRIHYDROXYSTEARIN, TRIDECANE, POLYGLYCERYL-3 DIISOSTEARATE, MAGNESIUM SULFATE, CI 77492 (IRON OXIDES), CI 77491 (IRON OXIDES), PERSEA GRATISSIMA (AVOCADO) OIL, POTASSIUM SORBATE, HYDROGENATED VEGETABLE OIL, SODIUM LEVULINATE, CI 77499 (IRON OXIDES), PARFUM (FRAGRANCE), BENZYL ALCOHOL, SODIUM BENZOATE, SODIUM PHYTATE, LACTIC ACID, VANILLIN, TOCOPHEROL, BALANITES ROXBURGHII SEED OIL, LINALOOL, CITRUS AURANTIUM PEEL OIL, LIMONENE, JUNIPERUS VIRGINIANA OIL, POGOSTEMON CABLIN OIL, ALCOHOL",yes,yes,ja
Automatic Pencil for Eyes K33 Denim,de,https://image.labiosthetique.com/i/square-1440/m2-product:automatic_pencil_for_eyes_k33_denim_405190_0_35g_83cf808.jpg/feed-media.jpg,https://www.labiosthetique.de/automatic-pencil-for-eyes?childSku=4040218885279,/automatic-pencil-for-eyes?childSku=4040218885279,017383,"Der elegante Automatic Pencil vereint hochpigmentierte Farbkraft mit wasserfester Haltbarkeit. Die weiche, zurückdrehbare Mine erlaubt präzise Linien oder Schattierungen, die den ganzen Tag halten.","24,50 €",0,"0,35 g",Make-Up,Vom inneren Augenwinkel entlang des Wimpernkranzes eine Linie zum äußeren Augenwinkel ziehen. Bei Bedarf mit dem Blending Tool am Ende des Stiftes oder einem Pinsel aussoften. Korrekturen können sofort mit Make-up Entferner und einem Wattestäbchen vorgenommen werden.,"MICA, C9-12 ALKANE, BIS-BEHENYL/ISOSTEARYL/PHYTOSTERYL DIMER DILINOLEYL DIMER DILINOLEATE, CI 77007 (ULTRAMARINES), SUCROSE TETRASTEARATE TRIACETATE, SYNTHETIC WAX, CI 77891 (TITANIUM DIOXIDE), HYDROGENATED CASTOR OIL, POLYGLYCERYL-4 DIISOSTEARATE/POLYHYDROXYSTEARATE/SEBACATE, CI 77742 (MANGANESE VIOLET), CI 77499 (IRON OXIDES), COPERNICIA CERIFERA CERA (CARNAUBA WAX), SILICA, CI 77510 (FERRIC FERROCYANIDE), CI 75470 (CARMINE), KAOLIN, DISTEARDIMONIUM HECTORITE, MALTODEXTRIN, TOCOPHEROL, PROPYLENE CARBONATE, TIN OXIDE, ISOPROPYL TITANIUM TRIISOSTEARATE",yes,yes,ja
Automatic Pencil for Eyes K33 Denim,en,https://image.labiosthetique.com/i/square-1440/m2-product:automatic_pencil_for_eyes_k33_denim_405190_0_35g_83cf808.jpg/feed-media.jpg,https://www.labiosthetique.de/automatic-pencil-for-eyes?childSku=4040218885279,/automatic-pencil-for-eyes?childSku=4040218885279,017383,"The elegant Automatic Pencil combines highly pigmented colour vibrancy with waterproof staying power. The soft, retractable lead allows users to draw precise lines or shading lasting all day long.","24,50 €",0,"0,35 g",Make-up,"Draw a line from the inner corner of the eye along the lash line to the outer corner of the eye. If needed, use the blending tool at the end of the pencil or a brush to soften the line. The line can be corrected immediately with make-up remover and a cotton bud.","MICA, C9-12 ALKANE, BIS-BEHENYL/ISOSTEARYL/PHYTOSTERYL DIMER DILINOLEYL DIMER DILINOLEATE, CI 77007 (ULTRAMARINES), SUCROSE TETRASTEARATE TRIACETATE, SYNTHETIC WAX, CI 77891 (TITANIUM DIOXIDE), HYDROGENATED CASTOR OIL, POLYGLYCERYL-4 DIISOSTEARATE/POLYHYDROXYSTEARATE/SEBACATE, CI 77742 (MANGANESE VIOLET), CI 77499 (IRON OXIDES), COPERNICIA CERIFERA CERA (CARNAUBA WAX), SILICA, CI 77510 (FERRIC FERROCYANIDE), CI 75470 (CARMINE), KAOLIN, DISTEARDIMONIUM HECTORITE, MALTODEXTRIN, TOCOPHEROL, PROPYLENE CARBONATE, TIN OXIDE, ISOPROPYL TITANIUM TRIISOSTEARATE",yes,yes,ja
Restoring Scalp Oil,de,https://image.labiosthetique.com/i/square-1440/m2-product:restoring_scalp_oil_403660_15ml_57b177f.jpg/feed-media.jpg,https://www.labiosthetique.de/restoring-scalp-oil,/restoring-scalp-oil,120013,"Wertvolle Öle regenerieren die Kopfhaut, stärken ihre natürliche Barrierefunktion und lindern trockenheitsbedingte Spannungsgefühle und Irritationen.","38,00 €","2.533,33 € / 1 l",15 ml,Haar- & Kopfhautpflege,Vor der Haarwäsche scheitelweise auf die Kopfhaut auftragen und 15 Minuten einwirken lassen.,"DODECANE, RICINUS COMMUNIS (CASTOR) SEED OIL, OCTYLDODECANOL, BORAGO OFFICINALIS SEED OIL, LINOLEIC ACID, CARYODENDRON ORINOCENSE SEED OIL, BISABOLOL, TOCOPHEROL, PALMITIC ACID, BRASSICA CAMPESTRIS (RAPESEED) STEROLS, STEARIC ACID, CERAMIDE NG, PARFUM (FRAGRANCE), OLEIC ACID, TETRAMETHYL ACETYLOCTAHYDRONAPHTHALENES, LIMONENE, CITRUS LIMON (LEMON) PEEL OIL, HELIANTHUS ANNUUS (SUNFLOWER) SEED OIL, CITRONELLOL, PINENE, LINOLENIC ACID",yes,yes,ja
Restoring Scalp Oil,en,https://image.labiosthetique.com/i/square-1440/m2-product:restoring_scalp_oil_403660_15ml_57b177f.jpg/feed-media.jpg,https://www.labiosthetique.de/restoring-scalp-oil,/restoring-scalp-oil,120013,"Valuable oils regenerate the scalp, strengthen its natural barrier function and alleviate irritations and feelings of tightness caused by dryness.","38,00 €","2.533,33 € / 1 l",15 ml,Hair & scalp care,"Before washing the hair, apply to the scalp along the parting and leave to take effect for 15 minutes.","DODECANE, RICINUS COMMUNIS (CASTOR) SEED OIL, OCTYLDODECANOL, BORAGO OFFICINALIS SEED OIL, LINOLEIC ACID, CARYODENDRON ORINOCENSE SEED OIL, BISABOLOL, TOCOPHEROL, PALMITIC ACID, BRASSICA CAMPESTRIS (RAPESEED) STEROLS, STEARIC ACID, CERAMIDE NG, PARFUM (FRAGRANCE), OLEIC ACID, TETRAMETHYL ACETYLOCTAHYDRONAPHTHALENES, LIMONENE, CITRUS LIMON (LEMON) PEEL OIL, HELIANTHUS ANNUUS (SUNFLOWER) SEED OIL, CITRONELLOL, PINENE, LINOLENIC ACID",yes,yes,ja
Homme Energising Hair & Body Wash,de,https://image.labiosthetique.com/i/square-1440/m2-product:homme_energising_hair_body_wash_412809_250ml_707bb4c.jpg/feed-media.jpg,https://www.labiosthetique.de/homme-energising-hair-body-wash,/homme-energising-hair-body-wash,003968,"Das erfrischende, Energie spendende Gel reinigt Körper, Haare und Bart besonders sanft, pflegt die Haut bereits beim Duschen, macht Haare und Bart geschmeidig und schützt zuverlässig vor Austrocknung.","24,00 €","96,00 € / 1 l",250 ml,"Hautpflege,Haar- & Kopfhautpflege","Auf Haare, Bart und Körperhaut auftragen, aufschäumen und abspülen.","AQUA (WATER), LAURYL GLUCOSIDE , SODIUM LAURETH SULFATE, SODIUM LAUROYL OAT AMINO ACIDS, PARFUM (FRAGRANCE), SODIUM CHLORIDE, PHENOXYETHANOL, BETAINE, COCO-GLUCOSIDE , GLYCERYL OLEATE, TETRAMETHYL ACETYLOCTAHYDRONAPHTHALENES, LACTIC ACID, CAFFEINE, HYDROXYPROPYL GUAR HYDROXYPROPYLTRIMONIUM CHLORIDE, SODIUM CITRATE, BENZOIC ACID, LINALOOL, LIMONENE, DEHYDROACETIC ACID, CITRIC ACID, PENTYLENE GLYCOL, GLYCERIN, MAGNESIUM ASPARTATE, ZINC GLUCONATE, LINALYL ACETATE, PINENE, TETRASODIUM EDTA, CITRUS AURANTIUM BERGAMIA (BERGAMOT) PEEL OIL, CITRUS AURANTIUM PEEL OIL, GERANIOL, LAVANDULA OIL/EXTRACT, SODIUM CARRAGEENAN, ETHYLHEXYLGLYCERIN, COPPER GLUCONATE, JANIA RUBENS EXTRACT, MARIS SAL (SEA SALT), TOCOPHEROL, HYDROGENATED VEGETABLE GLYCERIDES CITRATE, LECITHIN, ASCORBYL PALMITATE",yes,yes,ja
Homme Energising Hair & Body Wash,en,https://image.labiosthetique.com/i/square-1440/m2-product:homme_energising_hair_body_wash_412809_250ml_707bb4c.jpg/feed-media.jpg,https://www.labiosthetique.de/homme-energising-hair-body-wash,/homme-energising-hair-body-wash,003968,"The refreshing, energising gel cleanses the body, hair and beard particularly gently, cares for the skin while showering, makes the hair and beard soft and provides reliable protection against dehydration.","24,00 €","96,00 € / 1 l",250 ml,"Skin care,Hair & scalp care","Apply to the hair, beard and body skin, lather, then rinse off.","AQUA (WATER), LAURYL GLUCOSIDE , SODIUM LAURETH SULFATE, SODIUM LAUROYL OAT AMINO ACIDS, PARFUM (FRAGRANCE), SODIUM CHLORIDE, PHENOXYETHANOL, BETAINE, COCO-GLUCOSIDE , GLYCERYL OLEATE, TETRAMETHYL ACETYLOCTAHYDRONAPHTHALENES, LACTIC ACID, CAFFEINE, HYDROXYPROPYL GUAR HYDROXYPROPYLTRIMONIUM CHLORIDE, SODIUM CITRATE, BENZOIC ACID, LINALOOL, LIMONENE, DEHYDROACETIC ACID, CITRIC ACID, PENTYLENE GLYCOL, GLYCERIN, MAGNESIUM ASPARTATE, ZINC GLUCONATE, LINALYL ACETATE, PINENE, TETRASODIUM EDTA, CITRUS AURANTIUM BERGAMIA (BERGAMOT) PEEL OIL, CITRUS AURANTIUM PEEL OIL, GERANIOL, LAVANDULA OIL/EXTRACT, SODIUM CARRAGEENAN, ETHYLHEXYLGLYCERIN, COPPER GLUCONATE, JANIA RUBENS EXTRACT, MARIS SAL (SEA SALT), TOCOPHEROL, HYDROGENATED VEGETABLE GLYCERIDES CITRATE, LECITHIN, ASCORBYL PALMITATE",yes,yes,ja
N° 6 Augenbrauenpinsel,de,https://image.labiosthetique.com/i/square-1440/m2-product:n_6_augenbrauenpinsel_394485_1St_ck_1722717.jpg/feed-media.jpg,https://www.labiosthetique.de/n-6-augenbrauenpinsel,/n-6-augenbrauenpinsel,031183,"Der Augenbrauenpinsel ist ein praktisches Make up Tool, um die Augenbrauen mit Puder präzise und sauber nachzuziehen und zu betonen.","13,50 €",0,1 pcs,Make-Up,"Eine kleine Menge Augenbrauenpuder oder entsprechend farbigen Lidschatten mit dem Pinsel aufnehmen und die obere und untere Linie der Brauen symmetrisch nachzeichnen. Anschließend die Brauen in kurzen, nach oben führenden Bewegungen ausfüllen. Et voilà!",keine Angabe,no,no,ja
N° 6 Eyebrow brush,en,https://image.labiosthetique.com/i/square-1440/m2-product:n_6_augenbrauenpinsel_394485_1St_ck_1722717.jpg/feed-media.jpg,https://www.labiosthetique.de/n-6-augenbrauenpinsel,/n-6-augenbrauenpinsel,031183,The eyebrow brush is a practical make-up tool to define and emphasise the brows using powder.,"13,50 €",0,1 pcs,Make-up,"Use the brush to pick up a small amount of eyebrow powder or eyeshadow in the same colour as the brows and symmetrically define the top and bottom line of the brows. Then fill in the brows in short, upwards motions. Et voilà!",not specified,no,no,ja
Sunsation Terra,de,https://image.labiosthetique.com/i/square-1440/m2-product:sunsation_terra_247795_10g_da58a92.jpg/feed-media.jpg,https://www.labiosthetique.de/sunsation?childSku=4040218774078,/sunsation?childSku=4040218774078,018245,Das edle Terrakotta-Puder zaubert einen fantastischen Bronzing-Look – wie nach einem Tag am Strand.,"38,50 €",0,10 g,Make-Up,"Sunsation, je nach Intensitätswunsch, über das gesamte Gesicht verteilt oder partiell als Rouge bzw. zur Akzentuierung einzelner Gesichts- und Körperpartien auftragen.","MICA, CI 77891 (TITANIUM DIOXIDE), OCTYLDODECYL STEAROYL STEARATE, MAGNESIUM STEARATE, CI 77491 (IRON OXIDES), CI 77492 (IRON OXIDES), CI 77499 (IRON OXIDES), CAPRYLYL GLYCOL, PHENOXYETHANOL, POTASSIUM SORBATE, TOCOPHERYL ACETATE, HEXYLENE GLYCOL , TIN OXIDE",yes,yes,ja
Sunsation Terra,en,https://image.labiosthetique.com/i/square-1440/m2-product:sunsation_terra_247795_10g_da58a92.jpg/feed-media.jpg,https://www.labiosthetique.de/sunsation?childSku=4040218774078,/sunsation?childSku=4040218774078,018245,The elegant terracotta powder gives you a fantastically tanned look – as if you had spent a day at the beach.,"38,50 €",0,10 g,Make-up,"Depending on the desired intensity, apply Sunsation over the whole face, as a blusher or to accentuate individual parts of the face and body.","MICA, CI 77891 (TITANIUM DIOXIDE), OCTYLDODECYL STEAROYL STEARATE, MAGNESIUM STEARATE, CI 77491 (IRON OXIDES), CI 77492 (IRON OXIDES), CI 77499 (IRON OXIDES), CAPRYLYL GLYCOL, PHENOXYETHANOL, POTASSIUM SORBATE, TOCOPHERYL ACETATE, HEXYLENE GLYCOL , TIN OXIDE",yes,yes,ja
Glow Base 0/1 Light Rose,de,https://image.labiosthetique.com/i/square-1440/m2-product:glow_base_0_1_light_rose_391017_30ml_53b7d28.jpg/feed-media.jpg,https://www.labiosthetique.de/glow-base-2,/glow-base-2,021272,Die schimmernde Make-up-Unterlage zaubert einen strahlenden Teint.,"40,00 €",0,30 ml,Make-Up,Glow Base gleichmäßig direkt auf die Haut oder über eine hautspezifische Tagespflege auftragen. Die Make-up-Unterlage kann allein oder unter der herkömmlichen Foundation verwendet werden.,"AQUA (WATER), C9-12 ALKANE, DICAPRYLYL CARBONATE, GLYCERIN, POLYGLYCERYL-3 POLYRICINOLEATE, ISOAMYL LAURATE, MICA, CI 77891 (TITANIUM DIOXIDE), DIBUTYL ADIPATE, TITANIUM DIOXIDE, SORBITAN ISOSTEARATE, BIS-ETHYLHEXYLOXYPHENOL METHOXYPHENYL TRIAZINE, DISTEARDIMONIUM HECTORITE, MAGNESIUM SULFATE, POLYGLYCERYL-4 ISOSTEARATE, PHENOXYETHANOL, BENZYL ALCOHOL, HELIANTHUS ANNUUS (SUNFLOWER) SEED WAX, STEARYL HEPTANOATE, SHOREA ROBUSTA RESIN, SODIUM DEHYDROACETATE, COCO-CAPRYLATE/CAPRATE, OCTYLDODECANOL, STEARYL CAPRYLATE, SILICA, JOJOBA ESTERS, PARFUM (FRAGRANCE), TOCOPHERYL ACETATE, XANTHAN GUM, MAGNESIUM STEARATE, CI 77491 (IRON OXIDES), SODIUM PHYTATE, TIN OXIDE, TETRAMETHYL ACETYLOCTAHYDRONAPHTHALENES, LINALYL ACETATE, TOCOPHEROL, ALCOHOL",yes,yes,ja
Glow Base,en,https://image.labiosthetique.com/i/square-1440/m2-product:glow_base_0_1_light_rose_391017_30ml_53b7d28.jpg/feed-media.jpg,https://www.labiosthetique.de/glow-base-2,/glow-base-2,021272,The shimmering make-up base magically gives you a radiant complexion.,"40,00 €",0,30 ml,Make-up,Evenly apply Glow Base directly to the skin or over a customised day care. The make-up base can be used alone or under your usual foundation.,"AQUA (WATER), C9-12 ALKANE, DICAPRYLYL CARBONATE, GLYCERIN, POLYGLYCERYL-3 POLYRICINOLEATE, ISOAMYL LAURATE, MICA, CI 77891 (TITANIUM DIOXIDE), DIBUTYL ADIPATE, TITANIUM DIOXIDE, SORBITAN ISOSTEARATE, BIS-ETHYLHEXYLOXYPHENOL METHOXYPHENYL TRIAZINE, DISTEARDIMONIUM HECTORITE, MAGNESIUM SULFATE, POLYGLYCERYL-4 ISOSTEARATE, PHENOXYETHANOL, BENZYL ALCOHOL, HELIANTHUS ANNUUS (SUNFLOWER) SEED WAX, STEARYL HEPTANOATE, SHOREA ROBUSTA RESIN, SODIUM DEHYDROACETATE, COCO-CAPRYLATE/CAPRATE, OCTYLDODECANOL, STEARYL CAPRYLATE, SILICA, JOJOBA ESTERS, PARFUM (FRAGRANCE), TOCOPHERYL ACETATE, XANTHAN GUM, MAGNESIUM STEARATE, CI 77491 (IRON OXIDES), SODIUM PHYTATE, TIN OXIDE, TETRAMETHYL ACETYLOCTAHYDRONAPHTHALENES, LINALYL ACETATE, TOCOPHEROL, ALCOHOL",yes,yes,ja
Eyeshadow Pen Golden Nutmeg,de,https://image.labiosthetique.com/i/square-1440/m2-product:eyeshadow_pen_golden_nutmeg_405184_1_4g_9493711.jpg/feed-media.jpg,https://www.labiosthetique.de/eyeshadow-pen?childSku=4040218885378,/eyeshadow-pen?childSku=4040218885378,016328,"Als Lidschatten oder Eyeliner anwendbar: Eyeshadow Pen mit cremig weicher Textur, die sich einfach auftragen und verblenden lässt","23,50 €",0,"1,4 g",Make-Up,Den Eyeshadow Pen als Lidschatten auf das gesamte Oberlid oder als Eyeliner entlang des Wimpernkranzes auftragen. Mit den Fingern oder einem Pinsel lässt sich die Farbe auch einfach verblenden. Tipp: Für Smokey Eyes den Lidschatten am äußeren Lidrand intensiver auftragen und nach oben hin verblenden.,"DIMETHICONE, MICA, SILICA, ISOAMYL COCOATE, SUCROSE TETRASTEARATE TRIACETATE, CALCIUM SODIUM BOROSILICATE, POLYBUTENE, HYDROGENATED JOJOBA OIL, SYNTHETIC WAX, CI 77491 (IRON OXIDES), TRIMETHYLSILOXYSILICATE/DIMETHICONOL CROSSPOLYMER, CI 77499 (IRON OXIDES), CI 77891 (TITANIUM DIOXIDE), GLYCERYL CAPRYLATE, SILICA SILYLATE, PENTAERYTHRITYL TETRA-DI-T-BUTYL HYDROXYHYDROCINNAMATE, TIN OXIDE, ETHYLENE/METHACRYLATE COPOLYMER, ISOPROPYL TITANIUM TRIISOSTEARATE/METHICONE CROSSPOLYMER",no,yes,ja
Eyeshadow Pen Golden Nutmeg,en,https://image.labiosthetique.com/i/square-1440/m2-product:eyeshadow_pen_golden_nutmeg_405184_1_4g_9493711.jpg/feed-media.jpg,https://www.labiosthetique.de/eyeshadow-pen?childSku=4040218885378,/eyeshadow-pen?childSku=4040218885378,016328,Can be used as an eyeshadow or an liner: Eyeshadow Pen with a soft and creamy texture that is easy to apply and blend,"23,50 €",0,"1,4 g",Make-up,Apply the Eyeshadow Pen as an eyeshadow to the whole top lid or as an eyeliner along the lashes. The colour is easy to blend with the fingers or a brush.,"DIMETHICONE, MICA, SILICA, ISOAMYL COCOATE, SUCROSE TETRASTEARATE TRIACETATE, CALCIUM SODIUM BOROSILICATE, POLYBUTENE, HYDROGENATED JOJOBA OIL, SYNTHETIC WAX, CI 77491 (IRON OXIDES), TRIMETHYLSILOXYSILICATE/DIMETHICONOL CROSSPOLYMER, CI 77499 (IRON OXIDES), CI 77891 (TITANIUM DIOXIDE), GLYCERYL CAPRYLATE, SILICA SILYLATE, PENTAERYTHRITYL TETRA-DI-T-BUTYL HYDROXYHYDROCINNAMATE, TIN OXIDE, ETHYLENE/METHACRYLATE COPOLYMER, ISOPROPYL TITANIUM TRIISOSTEARATE/METHICONE CROSSPOLYMER",no,yes,ja
Self Tanning Drops,de,https://image.labiosthetique.com/i/square-1440/m2-product:self_tanning_drops_248073_30ml_388d592.jpg/feed-media.jpg,https://www.labiosthetique.de/self-tanning-drops,/self-tanning-drops,002179,"Die spielend leicht dosierbaren Selbstbräunertropfen verleihen Gesicht, Hals und Dekolleté eine natürliche, individuelle und vollkommen unschädliche Bräune nach Wunsch.","28,50 €","950,00 € / 1 l",30 ml,Hautpflege,"Je nach gewünschter Bräunungsintensität 2-5 Tropfen in der Handfläche mit der gewohnten Feuchtigkeitspflege von La Biosthétique mischen und auf die gereinigte Haut an Gesicht, Hals und Dekolleté auftragen. Für eine maximale Bräunung pur anwenden. Die Hände sofort nach der Anwendung gründlich mit Seife waschen.","AQUA (WATER), DIHYDROXYACETONE, PENTYLENE GLYCOL, TROXERUTIN, CAPRYLYL/CAPRYL GLUCOSIDE, XYLITYLGLUCOSIDE, ANHYDROXYLITOL, XYLITOL, HYDROXYPROPYL GUAR, CARAMEL, MALTODEXTRIN, GLUCOSE, PARFUM (FRAGRANCE)",yes,yes,ja
Self Tanning Drops,en,https://image.labiosthetique.com/i/square-1440/m2-product:self_tanning_drops_248073_30ml_388d592.jpg/feed-media.jpg,https://www.labiosthetique.de/self-tanning-drops,/self-tanning-drops,002179,"The extremely easily dosable Self Tanning Drops give the face, neck and décolleté a natural, individual and completely safe tan just the way you want it.","28,50 €","950,00 € / 1 l",30 ml,Skin care,"Depending on the desired tanning intensity, mix 2–5 drops in your palm with your usual moisture care by La Biosthétique and apply to the cleansed skin on your face, neck and décolleté. Use on its own for a maximum tan. Wash your hands thoroughly with soap after application.","AQUA (WATER), DIHYDROXYACETONE, PENTYLENE GLYCOL, TROXERUTIN, CAPRYLYL/CAPRYL GLUCOSIDE, XYLITYLGLUCOSIDE, ANHYDROXYLITOL, XYLITOL, HYDROXYPROPYL GUAR, CARAMEL, MALTODEXTRIN, GLUCOSE, PARFUM (FRAGRANCE)",yes,yes,ja
Light Defining Cream,de,https://image.labiosthetique.com/i/square-1440/m2-product:light_defining_cream_398193_100ml_5be1b60.jpg/feed-media.jpg,https://www.labiosthetique.de/light-defining-cream-1,/light-defining-cream-1,110633,"Eine neue Produktgeneration für schwereloses Styling und ein natürliches Finish: Light Defining Cream sorgt für perfekte Definition und Kontrolle, ohne das Haar zu fixieren.","28,00 €","280,00 € / 1 l",100 ml,Styling,"Eine kleine Menge Light Defining Cream in den Handflächen verteilen, unter Aussparen der Ansätze in das feuchte oder trockene Haar einarbeiten und wie gewünscht stylen.","AQUA (WATER), MYRISTYL ALCOHOL, CETEARYL ALCOHOL, CETEARYL GLUCOSIDE, PROPYLENE GLYCOL DIBENZOATE, QUATERNIUM-91, HYDROGENATED COCO-GLYCERIDES, KAOLIN, DISODIUM COCOAMPHODIACETATE , CETRIMONIUM METHOSULFATE, BENZOIC ACID, LANOLIN ALCOHOL, SQUALANE, PARFUM (FRAGRANCE), SODIUM CHLORIDE, TRIBEHENIN, TETRAMETHYL ACETYLOCTAHYDRONAPHTHALENES, GLYCERIN, CETRIMONIUM CHLORIDE, LIMONENE, LINALOOL, HYDROLYZED WHEAT PROTEIN, LINALYL ACETATE, GERANIOL, CITRONELLOL, PINENE, COUMARIN, ANISE ALCOHOL, DIMETHYL PHENETHYL ACETATE, CITRIC ACID, SODIUM BENZOATE",yes,no,ja
Light Defining Cream,en,https://image.labiosthetique.com/i/square-1440/m2-product:light_defining_cream_398193_100ml_5be1b60.jpg/feed-media.jpg,https://www.labiosthetique.de/light-defining-cream-1,/light-defining-cream-1,110633,A new generation of products for weightless styling and a natural finish: Light Defining Cream provides perfect definition and control without setting the hair.,"28,00 €","280,00 € / 1 l",100 ml,Styling,"Distribute a small amount of Light Defining Cream in the palms of your hands, work into damp or dry hair, avoiding the roots, and style as desired.","AQUA (WATER), MYRISTYL ALCOHOL, CETEARYL ALCOHOL, CETEARYL GLUCOSIDE, PROPYLENE GLYCOL DIBENZOATE, QUATERNIUM-91, HYDROGENATED COCO-GLYCERIDES, KAOLIN, DISODIUM COCOAMPHODIACETATE , CETRIMONIUM METHOSULFATE, BENZOIC ACID, LANOLIN ALCOHOL, SQUALANE, PARFUM (FRAGRANCE), SODIUM CHLORIDE, TRIBEHENIN, TETRAMETHYL ACETYLOCTAHYDRONAPHTHALENES, GLYCERIN, CETRIMONIUM CHLORIDE, LIMONENE, LINALOOL, HYDROLYZED WHEAT PROTEIN, LINALYL ACETATE, GERANIOL, CITRONELLOL, PINENE, COUMARIN, ANISE ALCOHOL, DIMETHYL PHENETHYL ACETATE, CITRIC ACID, SODIUM BENZOATE",yes,no,ja
Hydrating Tan Activating Body Lotion,de,https://image.labiosthetique.com/i/square-1440/m2-product:hydrating_tan_activating_body_lotion_413081_200ml_6942167.jpg/feed-media.jpg,https://www.labiosthetique.de/hydrating-tan-activating-body-lotion,/hydrating-tan-activating-body-lotion,002026,"Der pflegende Bräunungsaktivator macht die Haut fit für die Sonne. Er stabilisiert das Feuchtigkeitsniveau, intensiviert die Bräunung und beugt gleichzeitig lichtbedingter Hautalterung vor.","35,50 €","177,50 € / 1 l",200 ml,Hautpflege,"Die Hydrating Tan Activating Body Lotion einmal täglich auf die gereinigte Haut auftragen. Bereits 1–2 Wochen vor der geplanten Sonnenexposition mit der regelmäßigen Anwendung beginnen und während der ganzen Zeit, in der die Haut der UV-Bestrahlung ausgesetzt wird, fortführen.","AQUA (WATER), ISOPROPYL PALMITATE, CAPRYLIC/CAPRIC TRIGLYCERIDE, HYDROGENATED COCO-GLYCERIDES, SORBITOL, C14-22 ALCOHOLS, ACRYLATES/C10-30 ALKYL ACRYLATE CROSSPOLYMER, SODIUM STEAROYL GLUTAMATE, LECITHIN, PHENOXYETHANOL, C12-20 ALKYL GLUCOSIDE, TROMETHAMINE, SODIUM GLUCONATE, SODIUM LACTATE, PARFUM (FRAGRANCE), METHYLPROPANEDIOL, ETHYLHEXYLGLYCERIN, BENZOIC ACID, TETRAMETHYL ACETYLOCTAHYDRONAPHTHALENES, CAPRYLHYDROXAMIC ACID, DEHYDROACETIC ACID, BENZYL SALICYLATE, LIMONENE, BENZYL ALCOHOL, CITRUS AURANTIUM PEEL OIL, HEXYL CINNAMAL, LINALOOL, CITRONELLOL, LINALYL ACETATE, ALPHA-ISOMETHYL IONONE, PINENE, ACETYL HEXAPEPTIDE-1",yes,yes,ja
Hydrating Tan Activating Body Lotion,en,https://image.labiosthetique.com/i/square-1440/m2-product:hydrating_tan_activating_body_lotion_413081_200ml_6942167.jpg/feed-media.jpg,https://www.labiosthetique.de/hydrating-tan-activating-body-lotion,/hydrating-tan-activating-body-lotion,002026,"The conditioning tanning activator prepares the skin for the sun. It stabilises the moisture level, intensifies the tan and also prevents sun-induced skin aging.","35,50 €","177,50 € / 1 l",200 ml,Skin care,"Apply Hydrating Tan Activating Body Lotion to cleansed skin once a day. Begin with regular application as early as 1–2 weeks before the planned sun exposure, then continue it during the entire time the skin is exposed to UV rays.","AQUA (WATER), ISOPROPYL PALMITATE, CAPRYLIC/CAPRIC TRIGLYCERIDE, HYDROGENATED COCO-GLYCERIDES, SORBITOL, C14-22 ALCOHOLS, ACRYLATES/C10-30 ALKYL ACRYLATE CROSSPOLYMER, SODIUM STEAROYL GLUTAMATE, LECITHIN, PHENOXYETHANOL, C12-20 ALKYL GLUCOSIDE, TROMETHAMINE, SODIUM GLUCONATE, SODIUM LACTATE, PARFUM (FRAGRANCE), METHYLPROPANEDIOL, ETHYLHEXYLGLYCERIN, BENZOIC ACID, TETRAMETHYL ACETYLOCTAHYDRONAPHTHALENES, CAPRYLHYDROXAMIC ACID, DEHYDROACETIC ACID, BENZYL SALICYLATE, LIMONENE, BENZYL ALCOHOL, CITRUS AURANTIUM PEEL OIL, HEXYL CINNAMAL, LINALOOL, CITRONELLOL, LINALYL ACETATE, ALPHA-ISOMETHYL IONONE, PINENE, ACETYL HEXAPEPTIDE-1",yes,yes,ja
Compact Powder 0/0 Translucent,de,https://image.labiosthetique.com/i/square-1440/m2-product:compact_powder_0_0_translucent_407815_9g_a686213.jpg/feed-media.jpg,https://www.labiosthetique.de/compact-powder?childSku=4040218893977,/compact-powder?childSku=4040218893977,018455,Der Kompaktpuder verleiht einen makellosen Teint und passt sich mühelos jedem Hautton an.,"40,50 €",0,9 g,Make-Up,Das Compact Powder Translucent kann für den natürlichen Look alleine und für ein seidenmattes Finish über der Foundation angewendet werden. Einfach mit dem beiliegenden Schwämmchen oder mit einem Puderpinsel trocken auftragen. Wichtig: Das Schwämmchen regelmäßig mit Seife und warmem Wasser reinigen.,"SYNTHETIC FLUORPHLOGOPITE, ZEA MAYS (CORN) STARCH, CALCIUM CARBONATE, CAPRYLIC/CAPRIC TRIGLYCERIDE, ZINC STEARATE, ETHYLHEXYL PALMITATE, ETHYLHEXYL GLYCERIN, DEHYDROACETIC ACID, CI 77891 (TITANIUM DIOXIDE), LECITHIN, STEARIC ACID, TOCOPHEROL, ASCORBYL PALMITATE, CITRIC ACID",yes,yes,ja
Compact Powder 0/0 Translucent,en,https://image.labiosthetique.com/i/square-1440/m2-product:compact_powder_0_0_translucent_407815_9g_a686213.jpg/feed-media.jpg,https://www.labiosthetique.de/compact-powder?childSku=4040218893977,/compact-powder?childSku=4040218893977,018455,The compact powder gives a flawless complexion and adapts effortlessly to any skin tone.,"40,50 €",0,9 g,Make-up,Simply apply dry with the included sponge or with a powder brush. Important: Clean the sponge regularly with soap and warm water.,"SYNTHETIC FLUORPHLOGOPITE, ZEA MAYS (CORN) STARCH, CALCIUM CARBONATE, CAPRYLIC/CAPRIC TRIGLYCERIDE, ZINC STEARATE, ETHYLHEXYL PALMITATE, ETHYLHEXYL GLYCERIN, DEHYDROACETIC ACID, CI 77891 (TITANIUM DIOXIDE), LECITHIN, STEARIC ACID, TOCOPHEROL, ASCORBYL PALMITATE, CITRIC ACID",yes,yes,ja
Make-up Remover Towelettes,de,https://image.labiosthetique.com/i/square-1440/m2-product:make_up_remover_towelettes_247863_20St_ck_a13eade.jpg/feed-media.jpg,https://www.labiosthetique.de/make-up-remover-towelettes-1,/make-up-remover-towelettes-1,020885,"Die praktischen Abschminktücher entfernen sanft und schnell jegliches Make-up von Gesicht, Augen und Lippen und hinterlassen ein samtweiches Hautgefühl – egal wann, egal wo.","15,50 €",0,20 pcs,Make-Up,"Mit den Make-up Remover Towelettes sanft über das Gesicht, die Augen oder Lippen gleiten und dann das Make-up entfernen.","AQUA (WATER), OLUS OIL (VEGETABLE OIL), GLYCERIN, LAURYL GLUCOSIDE , POLYGLYCERYL-2 DIPOLYHYDROXYSTEARATE, DISODIUM COCO-GLUCOSIDE CITRATE, CITRIC ACID, GLYCERYL OLEATE, DICAPRYLYL CARBONATE, PHENOXYETHANOL, BENZYL ALCOHOL, POTASSIUM SORBATE, PARFUM (FRAGRANCE), CHAMOMILLA RECUTITA (MATRICARIA) FLOWER WATER, ETHYLHEXYLGLYCERIN, TETRASODIUM GLUTAMATE DIACETATE, TOCOPHEROL",yes,yes,ja
Make-up Remover Towelettes,en,https://image.labiosthetique.com/i/square-1440/m2-product:make_up_remover_towelettes_247863_20St_ck_a13eade.jpg/feed-media.jpg,https://www.labiosthetique.de/make-up-remover-towelettes-1,/make-up-remover-towelettes-1,020885,"The practical make-up remover wipes gently and rapidly remove all make-up from face, eyes and lips and leave skin feeling velvety soft – no matter when, no matter where.","15,50 €",0,20 pcs,Make-up,"Gently glide Make-up Remover Towelettes over face, eyes or lips to remove your make-up.","AQUA (WATER), OLUS OIL (VEGETABLE OIL), GLYCERIN, LAURYL GLUCOSIDE , POLYGLYCERYL-2 DIPOLYHYDROXYSTEARATE, DISODIUM COCO-GLUCOSIDE CITRATE, CITRIC ACID, GLYCERYL OLEATE, DICAPRYLYL CARBONATE, PHENOXYETHANOL, BENZYL ALCOHOL, POTASSIUM SORBATE, PARFUM (FRAGRANCE), CHAMOMILLA RECUTITA (MATRICARIA) FLOWER WATER, ETHYLHEXYLGLYCERIN, TETRASODIUM GLUTAMATE DIACETATE, TOCOPHEROL",yes,yes,ja
After Sun Hair & Body Shampoo,de,https://image.labiosthetique.com/i/square-1440/m2-product:after_sun_hair_body_shampoo_247389_100ml_9edb6d7.jpg/feed-media.jpg,https://www.labiosthetique.de/after-sun-hair-body-shampoo-2?childSku=4040218837476,/after-sun-hair-body-shampoo-2?childSku=4040218837476,120512,"Das sanfte Shampoo reinigt Haare und Körper nach der Sonne, entfernt Meer- und Chlorwasserrückstände und schützt das Haar, damit es länger seine Farbbrillanz bewahrt.","16,00 €","160,00 € / 1 l",100 ml,"Haar- & Kopfhautpflege,Hautpflege","Gleichmäßig im feuchten Haar sowie auf Kopf- und Körperhaut verteilen und aufschäumen. Die Kopfhaut leicht massieren, die Haare behutsam kneten, dann gründlich mit Wasser abspülen.","AQUA (WATER), SODIUM LAURETH SULFATE, COCAMIDOPROPYL BETAINE, MARIS SAL (SEA SALT), POLYQUATERNIUM-10, PANTHENOL, TROMETHAMINE, PARFUM (FRAGRANCE), PEG-7 GLYCERYL COCOATE, BENZOIC ACID, SODIUM BENZOATE, BUTYLENE GLYCOL, PEG-150 PENTAERYTHRITYL TETRASTEARATE, HELIANTHUS ANNUUS (SUNFLOWER) SEED EXTRACT, POLYSORBATE 20, LIMONENE, BENZYL SALICYLATE, HEXYL CINNAMAL, CITRONELLOL, ALPHA-ISOMETHYL IONONE, HYDROXYCITRONELLAL, CINNAMYL ALCOHOL, LINALOOL, COUMARIN, CITRAL, BENZYL ALCOHOL, GERANIOL, BENZYL BENZOATE, CINNAMAL, AMYL CINNAMAL",no,no,ja
After Sun Hair & Body Shampoo,en,https://image.labiosthetique.com/i/square-1440/m2-product:after_sun_hair_body_shampoo_247389_100ml_9edb6d7.jpg/feed-media.jpg,https://www.labiosthetique.de/after-sun-hair-body-shampoo-2?childSku=4040218837476,/after-sun-hair-body-shampoo-2?childSku=4040218837476,120512,"The gentle shampoo cleanses the hair and body after sun exposure, removes sea and chlorinated water residues and protects the hair so that it maintains its colour brilliance for longer.","16,00 €","160,00 € / 1 l",100 ml,"Hair & scalp care,Skin care","Evenly apply to damp hair, the scalp and the body skin and lather up. Lightly massage the scalp and carefully knead the hair, then rinse thoroughly with water.","AQUA (WATER), SODIUM LAURETH SULFATE, COCAMIDOPROPYL BETAINE, MARIS SAL (SEA SALT), POLYQUATERNIUM-10, PANTHENOL, TROMETHAMINE, PARFUM (FRAGRANCE), PEG-7 GLYCERYL COCOATE, BENZOIC ACID, SODIUM BENZOATE, BUTYLENE GLYCOL, PEG-150 PENTAERYTHRITYL TETRASTEARATE, HELIANTHUS ANNUUS (SUNFLOWER) SEED EXTRACT, POLYSORBATE 20, LIMONENE, BENZYL SALICYLATE, HEXYL CINNAMAL, CITRONELLOL, ALPHA-ISOMETHYL IONONE, HYDROXYCITRONELLAL, CINNAMYL ALCOHOL, LINALOOL, COUMARIN, CITRAL, BENZYL ALCOHOL, GERANIOL, BENZYL BENZOATE, CINNAMAL, AMYL CINNAMAL",no,no,ja
Automatic Pencil for Eyes K35 Cranberry,de,https://image.labiosthetique.com/i/square-1440/m2-product:automatic_pencil_for_eyes_k35_cranberry_411722_0_35g_723d5c8.jpg/feed-media.jpg,https://www.labiosthetique.de/automatic-pencil-for-eyes?childSku=4040218889376,/automatic-pencil-for-eyes?childSku=4040218889376,017310,"Der elegante Automatic Pencil vereint hochpigmentierte Farbkraft mit wasserfester Haltbarkeit. Die weiche, zurückdrehbare Mine erlaubt präzise Linien oder Schattierungen, die den ganzen Tag halten.","24,50 €",0,"0,35 g",Make-Up,Vom inneren Augenwinkel entlang des Wimpernkranzes eine Linie zum äußeren Augenwinkel ziehen. Bei Bedarf mit dem Blending Tool am Ende des Stiftes oder einem Pinsel aussoften. Korrekturen können sofort mit Make-up Entferner und einem Wattestäbchen vorgenommen werden.,"MICA, C9-12 ALKANE, BIS-BEHENYL/ISOSTEARYL/PHYTOSTERYL DIMER DILINOLEYL DIMER DILINOLEATE, SUCROSE TETRASTEARATE TRIACETATE, SYNTHETIC WAX, HYDROGENATED CASTOR OIL, CI 75470 (CARMINE), CI 77491 (IRON OXIDES), CI 77499 (IRON OXIDES), COPERNICIA CERIFERA CERA (CARNAUBA WAX), POLYGLYCERYL-4 DIISOSTEARATE/POLYHYDROXYSTEARATE/SEBACATE, MALTODEXTRIN, CI 42090 (BLUE 1 LAKE), CI 77891 (TITANIUM DIOXIDE), DISTEARDIMONIUM HECTORITE, TOCOPHEROL, CI 77492 (IRON OXIDES), PROPYLENE CARBONATE",yes,no,ja
Automatic Pencil for Eyes K35 Cranberry,en,https://image.labiosthetique.com/i/square-1440/m2-product:automatic_pencil_for_eyes_k35_cranberry_411722_0_35g_723d5c8.jpg/feed-media.jpg,https://www.labiosthetique.de/automatic-pencil-for-eyes?childSku=4040218889376,/automatic-pencil-for-eyes?childSku=4040218889376,017310,"The elegant Automatic Pencil combines highly pigmented colour vibrancy with waterproof staying power. The soft, retractable lead allows users to draw precise lines or shading lasting all day long.","24,50 €",0,"0,35 g",Make-up,"Draw a line from the inner corner of the eye along the lash line to the outer corner of the eye. If needed, use the blending tool at the end of the pencil or a brush to soften the line. The line can be corrected immediately with make-up remover and a cotton bud.","MICA, C9-12 ALKANE, BIS-BEHENYL/ISOSTEARYL/PHYTOSTERYL DIMER DILINOLEYL DIMER DILINOLEATE, SUCROSE TETRASTEARATE TRIACETATE, SYNTHETIC WAX, HYDROGENATED CASTOR OIL, CI 75470 (CARMINE), CI 77491 (IRON OXIDES), CI 77499 (IRON OXIDES), COPERNICIA CERIFERA CERA (CARNAUBA WAX), POLYGLYCERYL-4 DIISOSTEARATE/POLYHYDROXYSTEARATE/SEBACATE, MALTODEXTRIN, CI 42090 (BLUE 1 LAKE), CI 77891 (TITANIUM DIOXIDE), DISTEARDIMONIUM HECTORITE, TOCOPHEROL, CI 77492 (IRON OXIDES), PROPYLENE CARBONATE",yes,no,ja
glam + colour Steel Grey .11 .AA Colouring Shampoo,de,https://image.labiosthetique.com/i/square-1440/m2-product:glam_colour_steel_grey_.11_.aa_colouring_shampoo_382209_250ml_2f91bcb.jpg/feed-media.jpg,https://www.labiosthetique.de/glam-colour-steel-grey-11-aa-colouring-shampoo,/glam-colour-steel-grey-11-aa-colouring-shampoo,120699,"Das sulfat- und silikonfreie Farbshampoo erhält und belebt natürliche und colorierte Grautöne, neutralisiert einen unerwünschten Gelbstich und verleiht brillante, stahlgraue Reflexe.","29,50 €","118,00 € / 1 l",250 ml,Haar- & Kopfhautpflege,"Bei Stylingrückständen am Haar empfiehlt es sich, das Haar vorzuwaschen, um eine optimale Reinigungsleistung zu erzielen. Das Shampoo gleichmäßig im feuchten Haar verteilen und aufemulgieren. Auf Naturhaar 2-3 Minuten einwirken lassen, auf coloriertem Haar gleich nach dem Shampoonieren gründlich auswaschen. Bei Bedarf wiederholen. Dieses Produkt ist nicht für Personen unter 16 Jahren bestimmt.","AQUA (WATER), ALCOHOL DENAT., PROPYLENE GLYCOL, COCAMIDOPROPYL BETAINE, INULIN, POLYQUATERNIUM-10, PHENOXYETHANOL, SODIUM CHLORIDE, PARFUM (FRAGRANCE), HYDROXYPROPYL OXIDIZED STARCH PG-TRIMONIUM CHLORIDE, GLYCERIN, HYDROXYPROPYL GUAR, ETHYLHEXYLGLYCERIN, STARCH HYDROXYPROPYLTRIMONIUM CHLORIDE, TETRAMETHYL ACETYLOCTAHYDRONAPHTHALENES, SODIUM LACTATE, SODIUM BENZOATE, BASIC YELLOW 87, CITRUS AURANTIUM BERGAMIA (BERGAMOT) PEEL OIL, UREA, LIMONENE, LACTIC ACID, BASIC RED 51, BASIC BLUE 124, LINALOOL, LEVULINIC ACID, P-ANISIC ACID, TOCOPHEROL",yes,yes,ja
glam + colour Steel Grey .11 .AA Colouring Shampoo,en,https://image.labiosthetique.com/i/square-1440/m2-product:glam_colour_steel_grey_.11_.aa_colouring_shampoo_382209_250ml_2f91bcb.jpg/feed-media.jpg,https://www.labiosthetique.de/glam-colour-steel-grey-11-aa-colouring-shampoo,/glam-colour-steel-grey-11-aa-colouring-shampoo,120699,"The sulphate- and silicone-free colour shampoo maintains and revives natural and coloured grey tones, neutralises an unwanted yellow tinge and gives brilliant, steel-grey reflections.","29,50 €","118,00 € / 1 l",250 ml,Hair & scalp care,"Distribute the shampoo evenly through damp hair and emulsify. Leave on for 2-3 minutes on natural hair, rinse out thoroughly on coloured hair immediately after shampooing. Repeat if necessary.","AQUA (WATER), ALCOHOL DENAT., PROPYLENE GLYCOL, COCAMIDOPROPYL BETAINE, INULIN, POLYQUATERNIUM-10, PHENOXYETHANOL, SODIUM CHLORIDE, PARFUM (FRAGRANCE), HYDROXYPROPYL OXIDIZED STARCH PG-TRIMONIUM CHLORIDE, GLYCERIN, HYDROXYPROPYL GUAR, ETHYLHEXYLGLYCERIN, STARCH HYDROXYPROPYLTRIMONIUM CHLORIDE, TETRAMETHYL ACETYLOCTAHYDRONAPHTHALENES, SODIUM LACTATE, SODIUM BENZOATE, BASIC YELLOW 87, CITRUS AURANTIUM BERGAMIA (BERGAMOT) PEEL OIL, UREA, LIMONENE, LACTIC ACID, BASIC RED 51, BASIC BLUE 124, LINALOOL, LEVULINIC ACID, P-ANISIC ACID, TOCOPHEROL",yes,yes,ja
Bürste Denman D84 Small,de,https://image.labiosthetique.com/i/square-1440/m2-product:b_rste_denman_d84_small_247425_1St_ck_0a03083.jpg/feed-media.jpg,https://www.labiosthetique.de/buerste-denman-d84-small,/buerste-denman-d84-small,030316,Die Kulthaarbürste mit Kunststoffborsten und haarschonenden Noppen: ganz sanft zur Kopfhaut und schonend zum Haar.,"17,00 €",0,1 pcs,"Haar- & Kopfhautpflege,Styling","Die Bürste eignet sich, um trockenes wie nasses Haar zu kämmen sowie auch zum Trocknen der Haare: Dafür die Bürste am Haaransatz ansetzen, unter Spannung halten und den Föhn auf den Bürstenkörper richten. Das Haar erst auf hoher Stufe und für einen längeren Halt anschließend kalt föhnen.",keine Angabe,no,no,ja
Brush Denman D84 Small,en,https://image.labiosthetique.com/i/square-1440/m2-product:b_rste_denman_d84_small_247425_1St_ck_0a03083.jpg/feed-media.jpg,https://www.labiosthetique.de/buerste-denman-d84-small,/buerste-denman-d84-small,030316,The cult-status hairbrush with plastic bristles and protective ball ends: very gentle to the scalp and hair.,"17,00 €",0,1 pcs,"Hair & scalp care,Styling","The brush is suitable for combing dry and wet hair, as well as drying hair: Place the brush at the hair roots, hold tight in the hair and direct the hairdryer at the brush body. Blow-dry the hair on a high setting and for longer hold blast it with the cool shot setting.",not specified,no,no,ja
Twin-Sharpener,de,https://image.labiosthetique.com/i/square-1440/m2-product:twin_sharpener_247867_1St_ck_79fc6c9.jpg/feed-media.jpg,https://www.labiosthetique.de/twin-sharpener,/twin-sharpener,030858,Unentbehrlicher Helfer für präzise gespitzte Kajalstifte und mehr: Kompakter Spitzer mit transparentem Gehäuse für Späne und Farbminenreste,"3,00 €",0,1 pcs,Make-Up,Für ein optimales Ergebnis und das Vermeiden von Minenbruch die Schminkstifte am besten kühl lagern. So können sie problemlos mit dem Kosmetikspitzer angespitzt werden.,keine Angabe,no,no,ja
Twin sharpener,en,https://image.labiosthetique.com/i/square-1440/m2-product:twin_sharpener_247867_1St_ck_79fc6c9.jpg/feed-media.jpg,https://www.labiosthetique.de/twin-sharpener,/twin-sharpener,030858,An essential aid for precisely sharpened eye pencils and more: compact sharpener with transparent case for shavings and the remains of coloured pencil leads,"3,00 €",0,1 pcs,Make-up,For the perfect result and to prevent pencil leads breaking it is best to store the pencils in a cool place. This makes it easy to sharpen them.,not specified,no,no,ja
Sensual Lipstick Matt M407 Carmine,de,https://image.labiosthetique.com/i/square-1440/m2-product:sensual_lipstick_matt_m407_carmine_388841_3_3g_cf1afbe.jpg/feed-media.jpg,https://www.labiosthetique.de/sensual-lipstick-matt?childSku=4040218876574,/sensual-lipstick-matt?childSku=4040218876574,019234,Geschmeidig und gleichmäßig im Auftrag: Sensual Lipstick Matt hüllt die Lippen in eine angesagt matte Farbnuance.,"26,50 €","8,03 € / 1 g","3,3 g",Make-Up,"Für ein perfektes Make-up die Lippenkonturen zuerst mit einem Lipliner nachzeichnen, der farblich der Nuance des Lippenstifts entspricht. Anschließend Sensual Lipstick Matt mit einem Lippenpinsel auf die Lippen auftragen.","CAPRYLIC/CAPRIC TRIGLYCERIDE, KAOLIN, CANDELILLA CERA (EUPHORBIA CERIFERA WAX), SILICA, HELIANTHUS ANNUUS (SUNFLOWER) SEED WAX, CI 77492 (IRON OXIDES), POLYGLYCERYL-3 DIISOSTEARATE, RICINUS COMMUNIS (CASTOR) SEED OIL, DICAPRYLYL ETHER , DISTARCH PHOSPHATE, CI 15850 (RED 7 LAKE), CI 42090 (BLUE 1 LAKE), CI 77491 (IRON OXIDES), AROMA (FLAVOR), ETHYL VANILLIN, DICALCIUM PHOSPHATE, LECITHIN, TOCOPHEROL, ASCORBYL PALMITATE, HELIANTHUS ANNUUS (SUNFLOWER) SEED OIL, DISTEARDIMONIUM HECTORITE, POLYHYDROXYSTEARIC ACID, BENZYL ALCOHOL, CITRIC ACID, CI 15850 (RED 6), CI 15985 (YELLOW 6 LAKE), CI 19140 (YELLOW 5 LAKE), CI 45410 (RED 28 LAKE), CI 77499 (IRON OXIDES), CI 77891 (TITANIUM DIOXIDE)",yes,yes,ja
Sensual Lipstick Matt M407 Carmine,en,https://image.labiosthetique.com/i/square-1440/m2-product:sensual_lipstick_matt_m407_carmine_388841_3_3g_cf1afbe.jpg/feed-media.jpg,https://www.labiosthetique.de/sensual-lipstick-matt?childSku=4040218876574,/sensual-lipstick-matt?childSku=4040218876574,019234,Soft and even application: Sensual Lipstick Matt gives the lips a trendy matte coat of colour.,"26,50 €","8,03 € / 1 g","3,3 g",Make-up,For a perfect lip make-up first outline the lipline with a lipliner that matches the colour of the lipstick. Then apply Sensual Lipstick Matt to the lips with a brush.,"CAPRYLIC/CAPRIC TRIGLYCERIDE, KAOLIN, CANDELILLA CERA (EUPHORBIA CERIFERA WAX), SILICA, HELIANTHUS ANNUUS (SUNFLOWER) SEED WAX, CI 77492 (IRON OXIDES), POLYGLYCERYL-3 DIISOSTEARATE, RICINUS COMMUNIS (CASTOR) SEED OIL, DICAPRYLYL ETHER , DISTARCH PHOSPHATE, CI 15850 (RED 7 LAKE), CI 42090 (BLUE 1 LAKE), CI 77491 (IRON OXIDES), AROMA (FLAVOR), ETHYL VANILLIN, DICALCIUM PHOSPHATE, LECITHIN, TOCOPHEROL, ASCORBYL PALMITATE, HELIANTHUS ANNUUS (SUNFLOWER) SEED OIL, DISTEARDIMONIUM HECTORITE, POLYHYDROXYSTEARIC ACID, BENZYL ALCOHOL, CITRIC ACID, CI 15850 (RED 6), CI 15985 (YELLOW 6 LAKE), CI 19140 (YELLOW 5 LAKE), CI 45410 (RED 28 LAKE), CI 77499 (IRON OXIDES), CI 77891 (TITANIUM DIOXIDE)",yes,yes,ja
Harmonising Wellness Tea,de,https://image.labiosthetique.com/i/square-1440/m2-product:harmonising_wellness_tea_393253_100g_109a594.jpg/feed-media.jpg,https://www.labiosthetique.de/harmonising-wellness-tea?childSku=4040218879674,/harmonising-wellness-tea?childSku=4040218879674,002012,Der harmonisierende Wellness Tee bringt den Körper von innen in wohltuende Balance. Seine Zutaten aus kontrolliert biologischem Anbau sind von der beliebten Duftkomposition der Spa Körperpflege inspiriert. Wir sind biozertifiziert: DE-ÖKO-007,"17,00 €","170,00 € / 1 kg",100 g,Hautpflege,Pro Tasse (200 ml) 1-2 Teelöffel der Teemischung mit kochendem Wasser aufbrühen und 7-10 Minuten ziehen lassen.,keine Angabe,no,no,ja
Harmonising Wellness Tea,en,https://image.labiosthetique.com/i/square-1440/m2-product:harmonising_wellness_tea_393253_100g_109a594.jpg/feed-media.jpg,https://www.labiosthetique.de/harmonising-wellness-tea?childSku=4040218879674,/harmonising-wellness-tea?childSku=4040218879674,002012,The harmonising wellness tea imparts a soothing balance to the body from the inside. Its ingredients from certified organic cultivation are inspired by the popular fragrance composition of the Spa body care range.,"17,00 €","170,00 € / 1 kg",100 g,Skin care,Pour boiling water onto 1–2 teaspoons of the tea blend per cup (200 ml) and leave to steep for 7–10 minutes.,not specified,no,no,ja
Scalp Care Set Méthode Régénérante ,de,https://image.labiosthetique.com/i/square-1440/m2-product:scalp_care_set_m_thode_r_g_n_rante_411221_1Set_fd96508.jpg/feed-media.jpg,https://www.labiosthetique.de/scalp-care-set-methode-regenerante,/scalp-care-set-methode-regenerante,012913,"Die Pflegeroutine der Méthode Régénérante stärkt die Haarwurzeln, verlangsamt Alterungsprozesse, reduziert Haarausfall und fördert sichtbar dichteres, kräftigeres und vitaleres Haar.","66,50 €",0,1 set,Haar- & Kopfhautpflege,"Das Hairloss Control Shampoo gleichmäßig auf der Kopfhaut und im Haar verteilen, kurz einwirken lassen und gründlich ausspülen. Anschließend die Hairloss Control Scalp Lotion scheitelweise auf die Kopfhaut applizieren und sanft einmassieren. Nicht ausspülen.","Hairloss Control Shampoo INGREDIENTS: AQUA (WATER), SODIUM LAURETH SULFATE, COCAMIDOPROPYL BETAINE, SODIUM CHLORIDE, PHENOXYETHANOL, TROMETHAMINE, PANTHENOL, POLYQUATERNIUM-7, SODIUM BENZOATE, BENZOIC ACID, POLYQUATERNIUM-10, LACTIC ACID, ETHYLHEXYLGLYCERIN, SODIUM POLYPHOSPHATE, PARFUM (FRAGRANCE), CITRIC ACID, ALCOHOL, CHLORELLA VULGARIS/LUPINUS ALBUS PROTEIN FERMENT, KERATIN, MALUS DOMESTICA FRUIT CELL CULTURE EXTRACT, MANNITOL, PHOSPHATIDYLCHOLINE, GLYCERIN, HYDROLYZED KERATIN, LECITHIN, POTASSIUM SORBATE, POLYGLYCERYL-10 LAURATE, XANTHAN GUM, SODIUM ACETATE, CETYL ALCOHOL, LEONTOPODIUM ALPINUM FLOWER/LEAF EXTRACT, NIACINAMIDE, SORBITAN OLEATE, ISOPROPYL ALCOHOL, CAPRYLYL GLYCOL, CETRIMONIUM CHLORIDE, SODIUM LACTATE, SALVIA MILTIORRHIZA LEAF EXTRACT, PORPHYRA UMBILICALIS EXTRACT , TOCOPHEROL, PHYTOSPHINGOSINE Hairloss Control Scalp Lotion INGREDIENTS: AQUA (WATER), ALCOHOL DENAT., PANAX GINSENG ROOT EXTRACT, VP/VA COPOLYMER, HYDROXYPROPYL GUAR, ARGININE, ACETYL TYROSINE, ARCTIUM MAJUS ROOT EXTRACT, HYDROLYZED SOY PROTEIN, PHENOXYETHANOL, CALCIUM PANTOTHENATE , ZINC GLUCONATE, MALUS DOMESTICA FRUIT CELL CULTURE EXTRACT, GLYCERIN, NIACINAMIDE, ORNITHINE HCL, CHLORELLA VULGARIS/LUPINUS ALBUS PROTEIN FERMENT, CITRULLINE, MANNITOL, PHOSPHATIDYLCHOLINE, GLUCOSAMINE HCL, XANTHAN GUM, DISODIUM SUCCINATE, SODIUM BENZOATE, POTASSIUM SORBATE, POLYGLYCERYL-10 LAURATE, CETYL ALCOHOL, BIOTIN, CITRIC ACID, LECITHIN, LEONTOPODIUM ALPINUM FLOWER/LEAF EXTRACT, CAPRYLYL GLYCOL, SORBITAN OLEATE, HYDROGEN PEROXIDE, SALVIA MILTIORRHIZA LEAF EXTRACT, SODIUM METABISULFITE, CETRIMONIUM CHLORIDE, LARIX EUROPAEA WOOD EXTRACT, PHYTOSPHINGOSINE, GLYCINE, CAMELLIA SINENSIS LEAF EXTRACT, ZINC CHLORIDE",yes,no,ja
Scalp Care Set Méthode Régénérante ,en,https://image.labiosthetique.com/i/square-1440/m2-product:scalp_care_set_m_thode_r_g_n_rante_411221_1Set_fd96508.jpg/feed-media.jpg,https://www.labiosthetique.de/scalp-care-set-methode-regenerante,/scalp-care-set-methode-regenerante,012913,"The Méthode Régénérante care routine strengthens the hair roots, slows down aging processes, reduces hair loss and promotes visibly thicker, stronger and healthier hair.","66,50 €",0,1 set,Hair & scalp care,"Distribute Hairloss Control Shampoo evenly on the scalp and in the hair, briefly leave it to take effect, then rinse it out thoroughly. Next, apply Hairloss Control Scalp Lotion along the parting of the scalp and gently massage it in. Do not rinse it out.","Hairloss Control Shampoo INGREDIENTS: AQUA (WATER), SODIUM LAURETH SULFATE, COCAMIDOPROPYL BETAINE, SODIUM CHLORIDE, PHENOXYETHANOL, TROMETHAMINE, PANTHENOL, POLYQUATERNIUM-7, SODIUM BENZOATE, BENZOIC ACID, POLYQUATERNIUM-10, LACTIC ACID, ETHYLHEXYLGLYCERIN, SODIUM POLYPHOSPHATE, PARFUM (FRAGRANCE), CITRIC ACID, ALCOHOL, CHLORELLA VULGARIS/LUPINUS ALBUS PROTEIN FERMENT, KERATIN, MALUS DOMESTICA FRUIT CELL CULTURE EXTRACT, MANNITOL, PHOSPHATIDYLCHOLINE, GLYCERIN, HYDROLYZED KERATIN, LECITHIN, POTASSIUM SORBATE, POLYGLYCERYL-10 LAURATE, XANTHAN GUM, SODIUM ACETATE, CETYL ALCOHOL, LEONTOPODIUM ALPINUM FLOWER/LEAF EXTRACT, NIACINAMIDE, SORBITAN OLEATE, ISOPROPYL ALCOHOL, CAPRYLYL GLYCOL, CETRIMONIUM CHLORIDE, SODIUM LACTATE, SALVIA MILTIORRHIZA LEAF EXTRACT, PORPHYRA UMBILICALIS EXTRACT , TOCOPHEROL, PHYTOSPHINGOSINE Hairloss Control Scalp Lotion INGREDIENTS: AQUA (WATER), ALCOHOL DENAT., PANAX GINSENG ROOT EXTRACT, VP/VA COPOLYMER, HYDROXYPROPYL GUAR, ARGININE, ACETYL TYROSINE, ARCTIUM MAJUS ROOT EXTRACT, HYDROLYZED SOY PROTEIN, PHENOXYETHANOL, CALCIUM PANTOTHENATE , ZINC GLUCONATE, MALUS DOMESTICA FRUIT CELL CULTURE EXTRACT, GLYCERIN, NIACINAMIDE, ORNITHINE HCL, CHLORELLA VULGARIS/LUPINUS ALBUS PROTEIN FERMENT, CITRULLINE, MANNITOL, PHOSPHATIDYLCHOLINE, GLUCOSAMINE HCL, XANTHAN GUM, DISODIUM SUCCINATE, SODIUM BENZOATE, POTASSIUM SORBATE, POLYGLYCERYL-10 LAURATE, CETYL ALCOHOL, BIOTIN, CITRIC ACID, LECITHIN, LEONTOPODIUM ALPINUM FLOWER/LEAF EXTRACT, CAPRYLYL GLYCOL, SORBITAN OLEATE, HYDROGEN PEROXIDE, SALVIA MILTIORRHIZA LEAF EXTRACT, SODIUM METABISULFITE, CETRIMONIUM CHLORIDE, LARIX EUROPAEA WOOD EXTRACT, PHYTOSPHINGOSINE, GLYCINE, CAMELLIA SINENSIS LEAF EXTRACT, ZINC CHLORIDE",yes,no,ja
Fresh Skin 4/3 Deep Gold,de,https://image.labiosthetique.com/i/square-1440/m2-product:fresh_skin_4_3_deep_gold_260671_30ml_2368784.jpg/feed-media.jpg,https://www.labiosthetique.de/fresh-skin?childSku=4040218856873,/fresh-skin?childSku=4040218856873,021036,"Feuchtigkeitsspender pflegen die Haut, ausgleichende Pigmente mindern Farbunebenheiten; für einen natürlich ebenmäßigen Teint in einer einzigen, einfachen Geste!","34,00 €",0,30 ml,Make-Up,Einfach mit den Fingern auf die gereinigte und mit Gesichtslotion angefeuchtete Haut auftragen und einarbeiten,"AQUA (WATER), GLYCERIN, CAPRYLIC/CAPRIC TRIGLYCERIDE, ETHYLHEXYL STEARATE, SQUALANE, HYDROGENATED COCO-GLYCERIDES, CETEARYL ALCOHOL, CI 77891 (TITANIUM DIOXIDE), MICA, CETYL PALMITATE, STEARIC ACID, PALMITIC ACID, CI 77492 (IRON OXIDES), GLYCERYL STEARATE, POTASSIUM PALMITOYL HYDROLYZED WHEAT PROTEIN, PHENOXYETHANOL, CI 77491 (IRON OXIDES), POTASSIUM CETYL PHOSPHATE, MICROCRYSTALLINE CELLULOSE, PARFUM (FRAGRANCE), XANTHAN GUM, CI 77499 (IRON OXIDES), TIN OXIDE, HYDROXYACETOPHENONE, CELLULOSE GUM, BENZOIC ACID, CAPRYLYL GLYCOL, TOCOPHEROL, DEHYDROACETIC ACID, LINALYL ACETATE, TETRAMETHYL ACETYLOCTAHYDRONAPHTHALENES, LIMONENE, HELIANTHUS ANNUUS (SUNFLOWER) SEED OIL, LINALOOL, CITRAL, PINENE",yes,yes,ja
Fresh Skin 4/3 Deep Gold,en,https://image.labiosthetique.com/i/square-1440/m2-product:fresh_skin_4_3_deep_gold_260671_30ml_2368784.jpg/feed-media.jpg,https://www.labiosthetique.de/fresh-skin?childSku=4040218856873,/fresh-skin?childSku=4040218856873,021036,"Moisturisers condition the skin, and balancing pigments reduce colour unevenness – for a naturally balanced complexion in one simple application!","34,00 €",0,30 ml,Make-up,Simply apply to skin that has been cleansed and moistened with face lotion with the fingers and work in.,"AQUA (WATER), GLYCERIN, CAPRYLIC/CAPRIC TRIGLYCERIDE, ETHYLHEXYL STEARATE, SQUALANE, HYDROGENATED COCO-GLYCERIDES, CETEARYL ALCOHOL, CI 77891 (TITANIUM DIOXIDE), MICA, CETYL PALMITATE, STEARIC ACID, PALMITIC ACID, CI 77492 (IRON OXIDES), GLYCERYL STEARATE, POTASSIUM PALMITOYL HYDROLYZED WHEAT PROTEIN, PHENOXYETHANOL, CI 77491 (IRON OXIDES), POTASSIUM CETYL PHOSPHATE, MICROCRYSTALLINE CELLULOSE, PARFUM (FRAGRANCE), XANTHAN GUM, CI 77499 (IRON OXIDES), TIN OXIDE, HYDROXYACETOPHENONE, CELLULOSE GUM, BENZOIC ACID, CAPRYLYL GLYCOL, TOCOPHEROL, DEHYDROACETIC ACID, LINALYL ACETATE, TETRAMETHYL ACETYLOCTAHYDRONAPHTHALENES, LIMONENE, HELIANTHUS ANNUUS (SUNFLOWER) SEED OIL, LINALOOL, CITRAL, PINENE",yes,yes,ja
Hairloss Control Scalp Lotion,de,https://image.labiosthetique.com/i/square-1440/m2-product:hairloss_control_scalp_lotion_382589_100ml_4119c28.jpg/feed-media.jpg,https://www.labiosthetique.de/hairloss-control-scalp-lotion,/hairloss-control-scalp-lotion,120306,"Die Kopfhautlotion verlangsamt die Alterungsprozesse, stärkt das Haarwachstum, verbessert die Haardichte und wirkt Haarausfall entgegen. Für alle Liebhaber von Elixir Anti-Chute Premium wird dies Ihr neues Lieblingsprodukt.","67,00 €","670,00 € / 1 l",100 ml,Haar- & Kopfhautpflege,Nach der Haarwäsche scheitelweise auf die Kopfhaut applizieren und leicht einmassieren.,"AQUA (WATER), ALCOHOL DENAT., PANAX GINSENG ROOT EXTRACT, VP/VA COPOLYMER, HYDROXYPROPYL GUAR, ARGININE, ACETYL TYROSINE, ARCTIUM MAJUS ROOT EXTRACT, HYDROLYZED SOY PROTEIN, PHENOXYETHANOL, CALCIUM PANTOTHENATE , ZINC GLUCONATE, MALUS DOMESTICA FRUIT CELL CULTURE EXTRACT, GLYCERIN, NIACINAMIDE, ORNITHINE HCL, CHLORELLA VULGARIS/LUPINUS ALBUS PROTEIN FERMENT, CITRULLINE, MANNITOL, PHOSPHATIDYLCHOLINE, GLUCOSAMINE HCL, XANTHAN GUM, DISODIUM SUCCINATE, SODIUM BENZOATE, POTASSIUM SORBATE, POLYGLYCERYL-10 LAURATE, CETYL ALCOHOL, BIOTIN, CITRIC ACID, LECITHIN, LEONTOPODIUM ALPINUM FLOWER/LEAF EXTRACT, CAPRYLYL GLYCOL, SORBITAN OLEATE, HYDROGEN PEROXIDE, SALVIA MILTIORRHIZA LEAF EXTRACT, SODIUM METABISULFITE, CETRIMONIUM CHLORIDE, LARIX EUROPAEA WOOD EXTRACT, PHYTOSPHINGOSINE, GLYCINE, CAMELLIA SINENSIS LEAF EXTRACT, ZINC CHLORIDE",yes,yes,ja
Hairloss Control Scalp Lotion,en,https://image.labiosthetique.com/i/square-1440/m2-product:hairloss_control_scalp_lotion_382589_100ml_4119c28.jpg/feed-media.jpg,https://www.labiosthetique.de/hairloss-control-scalp-lotion,/hairloss-control-scalp-lotion,120306,"The scalp lotion slows down the aging process, strengthens hair growth, improves hair density and counteracts hair loss.","67,00 €","670,00 € / 1 l",100 ml,Hair & scalp care,"After shampooing, apply to the scalp along the parting and massage in gently.","AQUA (WATER), ALCOHOL DENAT., PANAX GINSENG ROOT EXTRACT, VP/VA COPOLYMER, HYDROXYPROPYL GUAR, ARGININE, ACETYL TYROSINE, ARCTIUM MAJUS ROOT EXTRACT, HYDROLYZED SOY PROTEIN, PHENOXYETHANOL, CALCIUM PANTOTHENATE , ZINC GLUCONATE, MALUS DOMESTICA FRUIT CELL CULTURE EXTRACT, GLYCERIN, NIACINAMIDE, ORNITHINE HCL, CHLORELLA VULGARIS/LUPINUS ALBUS PROTEIN FERMENT, CITRULLINE, MANNITOL, PHOSPHATIDYLCHOLINE, GLUCOSAMINE HCL, XANTHAN GUM, DISODIUM SUCCINATE, SODIUM BENZOATE, POTASSIUM SORBATE, POLYGLYCERYL-10 LAURATE, CETYL ALCOHOL, BIOTIN, CITRIC ACID, LECITHIN, LEONTOPODIUM ALPINUM FLOWER/LEAF EXTRACT, CAPRYLYL GLYCOL, SORBITAN OLEATE, HYDROGEN PEROXIDE, SALVIA MILTIORRHIZA LEAF EXTRACT, SODIUM METABISULFITE, CETRIMONIUM CHLORIDE, LARIX EUROPAEA WOOD EXTRACT, PHYTOSPHINGOSINE, GLYCINE, CAMELLIA SINENSIS LEAF EXTRACT, ZINC CHLORIDE",yes,yes,ja
Clarifying Balance Cream,de,https://image.labiosthetique.com/i/square-1440/m2-product:clarifying_balance_cream_396276_50ml_759ee9a.jpg/feed-media.jpg,https://www.labiosthetique.de/clarifying-balance-cream,/clarifying-balance-cream,002356,"Clarifying Balance Cream geht auf die Bedürfnisse von Mischhaut ein, indem sie sowohl talgregulierend als auch befeuchtend wirkt, die Regeneration bei Zellschäden fördert und das Mikrobiom der Haut ausgleicht. Für alle Liebhaber von Purete Clarifiante wird dies Ihr neues Lieblingsprodukt.","44,50 €","890,00 € / 1 l",50 ml,Hautpflege,"Morgens und abends im Anschluss an die Hautreinigung mit dem Micellar Cleansing Gel und dem klärenden Clarifying Fruit Exfoliant auf Gesicht, Hals und Dekolleté auftragen und einziehen lassen.","AQUA (WATER), SQUALANE, CETEARYL ALCOHOL, GLYCERYL STEARATE CITRATE, GLYCERIN, CAPRYLIC/CAPRIC TRIGLYCERIDE, DI-C12-13 ALKYL MALATE, MAGNOLIA OFFICINALIS BARK EXTRACT, PIPER NIGRUM (PEPPER) SEED EXTRACT, ROSMARINUS OFFICINALIS (ROSEMARY) LEAF EXTRACT , LEPTOSPERMUM SCOPARIUM BRANCH/LEAF OIL, BETA-CARYOPHYLLENE, TOCOPHEROL, OCTYLDODECANOL, HYDROLYZED SOY PROTEIN, CAESALPINIA SPINOSA GUM, HYDROXYACETOPHENONE, HELIANTHUS ANNUUS (SUNFLOWER) SEED OIL, PHENOXYETHANOL, GLYCERYL CAPRYLATE, PARFUM (FRAGRANCE), TETRAMETHYL ACETYLOCTAHYDRONAPHTHALENES, BENZOIC ACID, DEHYDROACETIC ACID, ETHYL FERULATE, LIMONENE, CITRUS LIMON (LEMON) PEEL OIL, PINENE, LINALOOL, CITRAL",yes,yes,ja
Clarifying Balance Cream,en,https://image.labiosthetique.com/i/square-1440/m2-product:clarifying_balance_cream_396276_50ml_759ee9a.jpg/feed-media.jpg,https://www.labiosthetique.de/clarifying-balance-cream,/clarifying-balance-cream,002356,"Clarifying Balance Cream meets the needs of combination skin by regulating sebum, hydrating the skin, promoting regeneration in the case of cell damage and balancing out the skin’s microbiome. For all lovers of Purete Clarifiante this will be your new favorite product.","44,50 €","890,00 € / 1 l",50 ml,Skin care,"In the morning and evening after cleansing the skin with Micellar Cleansing Gel and Clarifying Fruit Exfoliant, apply the cream to the face, neck and décolleté and leave it to absorb.","AQUA (WATER), SQUALANE, CETEARYL ALCOHOL, GLYCERYL STEARATE CITRATE, GLYCERIN, CAPRYLIC/CAPRIC TRIGLYCERIDE, DI-C12-13 ALKYL MALATE, MAGNOLIA OFFICINALIS BARK EXTRACT, PIPER NIGRUM (PEPPER) SEED EXTRACT, ROSMARINUS OFFICINALIS (ROSEMARY) LEAF EXTRACT , LEPTOSPERMUM SCOPARIUM BRANCH/LEAF OIL, BETA-CARYOPHYLLENE, TOCOPHEROL, OCTYLDODECANOL, HYDROLYZED SOY PROTEIN, CAESALPINIA SPINOSA GUM, HYDROXYACETOPHENONE, HELIANTHUS ANNUUS (SUNFLOWER) SEED OIL, PHENOXYETHANOL, GLYCERYL CAPRYLATE, PARFUM (FRAGRANCE), TETRAMETHYL ACETYLOCTAHYDRONAPHTHALENES, BENZOIC ACID, DEHYDROACETIC ACID, ETHYL FERULATE, LIMONENE, CITRUS LIMON (LEMON) PEEL OIL, PINENE, LINALOOL, CITRAL",yes,yes,ja
glam + colour Cassis Blonde .09.LP Mask,de,https://image.labiosthetique.com/i/square-1440/m2-product:glam_colour_cassis_blonde_.09.lp_mask_413479_200ml_1268462.jpg/feed-media.jpg,https://www.labiosthetique.de/glam-colour-cassis-blonde-09-lp-mask,/glam-colour-cassis-blonde-09-lp-mask,038209,Die Haarmaske mit Farbpigmenten und Farbschutz wirkt intensiv pflegend und verleiht blondem Haar einen zarten Cassis-Blond-Ton mit strahlenden Reflexen.,"37,50 €","187,50 € / 1 l",200 ml,Haar- & Kopfhautpflege,"Die Colouring Mask unter Verwendung der beigefügten Handschuhe gleichmäßig im gewaschenen, handtuchtrockenen Haar verteilen. Je nach gewünschter Intensität 3–10 Minuten einwirken lassen, anschließend gründlich ausspülen.","AQUA (WATER), BEHENAMIDOPROPYL DIMETHYLAMINE, DICAPRYLYL ETHER , NEOPENTYL GLYCOL DIHEPTANOATE, PROPYLENE GLYCOL, INULIN, DICOCOYL PENTAERYTHRITYL DISTEARYL CITRATE , CETEARYL ALCOHOL, LAURYL ALCOHOL, PHENOXYETHANOL, PARFUM (FRAGRANCE), BEHENTRIMONIUM METHOSULFATE, CETRIMONIUM CHLORIDE, GUAR HYDROXYPROPYLTRIMONIUM CHLORIDE, GLYCERIN, TETRAMETHYL ACETYLOCTAHYDRONAPHTHALENES, BUTYLENE GLYCOL, ETHYLHEXYLGLYCERIN, CITRUS AURANTIUM BERGAMIA (BERGAMOT) PEEL OIL, LIMONENE, N,N´-BIS(2-HYDROXYETHYL)-2-NITRO-P-PHENYLENEDIAMINE, LINALOOL, HELIANTHUS ANNUUS (SUNFLOWER) SEED EXTRACT, LINALYL ACETATE, HC BLUE NO. 2, GERANIOL, TERPINEOL, CITRONELLOL, ORYZA SATIVA (RICE) SEED PROTEIN, PINENE, CITRIC ACID, ORYZA SATIVA (RICE) EXTRACT, GLUCONOLACTONE , SODIUM BENZOATE, TOCOPHEROL, CALCIUM GLUCONATE",yes,yes,ja
glam + colour Cassis Blonde .09.LP Mask,en,https://image.labiosthetique.com/i/square-1440/m2-product:glam_colour_cassis_blonde_.09.lp_mask_413479_200ml_1268462.jpg/feed-media.jpg,https://www.labiosthetique.de/glam-colour-cassis-blonde-09-lp-mask,/glam-colour-cassis-blonde-09-lp-mask,038209,The hair mask with colour pigments and colour protection has an intensive conditioning effect and gives blonde hair a soft cassis blonde shade with radiant reflexes.,"37,50 €","187,50 € / 1 l",200 ml,Hair & scalp care,"Using the enclosed gloves, apply Colouring Mask evenly to washed, towel-dried hair. Leave to take effect for 3–10 minutes depending on the desired intensity, then rinse out thoroughly.","AQUA (WATER), BEHENAMIDOPROPYL DIMETHYLAMINE, DICAPRYLYL ETHER , NEOPENTYL GLYCOL DIHEPTANOATE, PROPYLENE GLYCOL, INULIN, DICOCOYL PENTAERYTHRITYL DISTEARYL CITRATE , CETEARYL ALCOHOL, LAURYL ALCOHOL, PHENOXYETHANOL, PARFUM (FRAGRANCE), BEHENTRIMONIUM METHOSULFATE, CETRIMONIUM CHLORIDE, GUAR HYDROXYPROPYLTRIMONIUM CHLORIDE, GLYCERIN, TETRAMETHYL ACETYLOCTAHYDRONAPHTHALENES, BUTYLENE GLYCOL, ETHYLHEXYLGLYCERIN, CITRUS AURANTIUM BERGAMIA (BERGAMOT) PEEL OIL, LIMONENE, N,N´-BIS(2-HYDROXYETHYL)-2-NITRO-P-PHENYLENEDIAMINE, LINALOOL, HELIANTHUS ANNUUS (SUNFLOWER) SEED EXTRACT, LINALYL ACETATE, HC BLUE NO. 2, GERANIOL, TERPINEOL, CITRONELLOL, ORYZA SATIVA (RICE) SEED PROTEIN, PINENE, CITRIC ACID, ORYZA SATIVA (RICE) EXTRACT, GLUCONOLACTONE , SODIUM BENZOATE, TOCOPHEROL, CALCIUM GLUCONATE",yes,yes,ja
Comforting Hydro Cream,de,https://image.labiosthetique.com/i/square-1440/m2-product:comforting_hydro_cream_391988_50ml_497ee27.jpg/feed-media.jpg,https://www.labiosthetique.de/comforting-hydro-cream?childSku=4040218868272,/comforting-hydro-cream?childSku=4040218868272,003601,Die präbiotische Hydro-Creme bringt das Mikrobiom der Haut in Balance und erhöht die Hautfeuchtigkeit. Darüber hinaus beruhigt sie empfindliche Haut und stärkt ihre natürlichen Schutzfunktionen. Für alle Liebhaber von Douceur Sensitive Hydratante wird dies Ihr neues Lieblingsprodukt.,"45,00 €","900,00 € / 1 l",50 ml,Hautpflege,"Morgens und abends auf die gereinigte und tonisierte Haut von Gesicht, Hals und Dekolleté auftragen.","AQUA (WATER), GLYCERIN, CAPRYLIC/CAPRIC TRIGLYCERIDE, SQUALANE, PROPYLHEPTYL CAPRYLATE, HYDROGENATED COCO-GLYCERIDES, CETEARYL ALCOHOL, CETEARYL GLUCOSIDE , CETYL PALMITATE, AVENA SATIVA (OAT) KERNEL EXTRACT, LACTOBACILLUS FERMENT, MYROTHAMNUS FLABELLIFOLIA LEAF/STEM EXTRACT, BRASSICA CAMPESTRIS (RAPESEED) STEROLS, CETYLHYDROXYPROLINE PALMITAMIDE, TOCOPHEROL, LECITHIN, HYDROXYACETOPHENONE, POTASSIUM CETYL PHOSPHATE, GLYCERYL STEARATE, PALMITIC ACID, STEARIC ACID, BEHENYL ALCOHOL, CETYL ALCOHOL, LAURYL ALCOHOL, MYRISTYL ALCOHOL, GLYCINE SOJA (SOYBEAN) OIL, 1,2-HEXANEDIOL, CAPRYLYL GLYCOL, SODIUM BENZOATE, POTASSIUM SORBATE",yes,yes,ja
Comforting Hydro Cream,en,https://image.labiosthetique.com/i/square-1440/m2-product:comforting_hydro_cream_391988_50ml_497ee27.jpg/feed-media.jpg,https://www.labiosthetique.de/comforting-hydro-cream?childSku=4040218868272,/comforting-hydro-cream?childSku=4040218868272,003601,The prebiotic hydro cream restores the balance of the skin microbiome and increases the skin’s moisture content. It also calms sensitive skin and strengthens its natural protective functions. For all lovers of Douceur Sensitive Hydratante this will be your new favorite product.,"45,00 €","900,00 € / 1 l",50 ml,Skin care,"In the morning and evening, apply to the cleansed and toned skin of the face, neck and décolleté.","AQUA (WATER), GLYCERIN, CAPRYLIC/CAPRIC TRIGLYCERIDE, SQUALANE, PROPYLHEPTYL CAPRYLATE, HYDROGENATED COCO-GLYCERIDES, CETEARYL ALCOHOL, CETEARYL GLUCOSIDE , CETYL PALMITATE, AVENA SATIVA (OAT) KERNEL EXTRACT, LACTOBACILLUS FERMENT, MYROTHAMNUS FLABELLIFOLIA LEAF/STEM EXTRACT, BRASSICA CAMPESTRIS (RAPESEED) STEROLS, CETYLHYDROXYPROLINE PALMITAMIDE, TOCOPHEROL, LECITHIN, HYDROXYACETOPHENONE, POTASSIUM CETYL PHOSPHATE, GLYCERYL STEARATE, PALMITIC ACID, STEARIC ACID, BEHENYL ALCOHOL, CETYL ALCOHOL, LAURYL ALCOHOL, MYRISTYL ALCOHOL, GLYCINE SOJA (SOYBEAN) OIL, 1,2-HEXANEDIOL, CAPRYLYL GLYCOL, SODIUM BENZOATE, POTASSIUM SORBATE",yes,yes,ja
Beauty Stick Contouring,de,https://image.labiosthetique.com/i/square-1440/m2-product:beauty_stick_contouring_405205_7g_57f201f.jpg/feed-media.jpg,https://www.labiosthetique.de/beauty-stick-contouring,/beauty-stick-contouring,021742,"Perfekte Gesichtskonturen in Sekunden! Die leichte, pflegende Cremeformel des Beauty Stick Contouring formt und definiert die Gesichtszüge mit aufbaubarer Intensität, einem makellosen Finish und Long-Lasting-Effekt.","39,00 €",0,7 g,Make-Up,"Direkt auf die gewünschten Gesichtspartien wie Wangen- und Kieferlinie, Stirnkontur und Nasenseiten auftragen. Mit den Fingern, einem Schwamm oder einem Foundation-Pinsel verblenden, bis weiche Übergänge entstehen. Wiederholtes Auftragen erhöht die Intensität vom sanften Schatten bis zur markanten Kontur.","OCTYLDODECANOL, ORYZA SATIVA (RICE) BRAN WAX, CI 77492 (IRON OXIDES), C15-19 ALKANE, TRIBEHENIN, CI 77491 (IRON OXIDES), HYDROGENATED COCONUT OIL, SQUALANE, CI 77499 (IRON OXIDES), DICAPRYLYL CARBONATE, CI 77891 (TITANIUM DIOXIDE), GLYCERYL ROSINATE, OCTYLDODECYL OLEATE, COCO-CAPRYLATE/CAPRATE, TRIHEPTANOIN, OCTYLDODECYL STEAROYL STEARATE, C9-12 ALKANE, STEARALKONIUM HECTORITE, DILINOLEIC ACID/BUTANEDIOL COPOLYMER, COFFEA ARABICA (COFFEE) SEED OIL, TOCOPHEROL, PROPYLENE CARBONATE, POLYHYDROXYSTEARIC ACID, HELIANTHUS ANNUUS (SUNFLOWER) SEED OIL, CASTOR OIL/IPDI COPOLYMER",yes,yes,ja
Beauty Stick Contouring,en,https://image.labiosthetique.com/i/square-1440/m2-product:beauty_stick_contouring_405205_7g_57f201f.jpg/feed-media.jpg,https://www.labiosthetique.de/beauty-stick-contouring,/beauty-stick-contouring,021742,"Perfect facial contours in seconds! The light, caring cream formulation of Beauty Stick Contouring shapes and defines the facial features with intensity that can be built up, a flawless finish and a long-lasting effect.","39,00 €",0,7 g,Make-up,"Apply directly to the desired areas of the face, for example the cheekbones, jawline, forehead contour and sides of the nose. Use your fingers, a sponge or a foundation brush to blend in the contouring texture until you have created soft transitions. Repeated application increases the intensity from subtle shading to a striking contour.","OCTYLDODECANOL, ORYZA SATIVA (RICE) BRAN WAX, CI 77492 (IRON OXIDES), C15-19 ALKANE, TRIBEHENIN, CI 77491 (IRON OXIDES), HYDROGENATED COCONUT OIL, SQUALANE, CI 77499 (IRON OXIDES), DICAPRYLYL CARBONATE, CI 77891 (TITANIUM DIOXIDE), GLYCERYL ROSINATE, OCTYLDODECYL OLEATE, COCO-CAPRYLATE/CAPRATE, TRIHEPTANOIN, OCTYLDODECYL STEAROYL STEARATE, C9-12 ALKANE, STEARALKONIUM HECTORITE, DILINOLEIC ACID/BUTANEDIOL COPOLYMER, COFFEA ARABICA (COFFEE) SEED OIL, TOCOPHEROL, PROPYLENE CARBONATE, POLYHYDROXYSTEARIC ACID, HELIANTHUS ANNUUS (SUNFLOWER) SEED OIL, CASTOR OIL/IPDI COPOLYMER",yes,yes,ja
Velvet Skin 4/5 Deep Brown,de,https://image.labiosthetique.com/i/square-1440/m2-product:velvet_skin_4_5_deep_brown_407864_10g_bafd520.jpg/feed-media.jpg,https://www.labiosthetique.de/velvet-skin?childSku=4040218893472,/velvet-skin?childSku=4040218893472,021572,"Jederzeit frischer Teint: Die Kompakt Foundation sorgt mit ihrer leichten, samtigen Textur für einen semi-mattem Finish und liefert im Nu ein natürliches, ebenmäßiges Hautbild. Sie verfeinert, statt maskenhaft abzudecken. Das mitgelieferte Schwämmchen ist ideal für unkomplizierte, rasche Touch-ups.","39,50 €",0,10 g,Make-Up,"Die Velvet Skin Foundation mit ihrer zarten, samtigen Textur lässt sich mühelos mit Pinsel, Schwämmchen oder Fingern auftragen und verteilen. In der Gesichtsmitte beginnen und nach außen ausarbeiten. Für ein besonders ebenmäßiges Finish leicht einklopfen und sorgfältig verblenden.","ISONONYL ISONONANOATE, CAPRYLIC/CAPRIC TRIGLYCERIDE, CI 77891 (TITANIUM DIOXIDE), RICINUS COMMUNIS (CASTOR) SEED OIL, TITANIUM DIOXIDE, SYNTHETIC WAX, CI 77492 (IRON OXIDES), MICA, TRIBEHENIN, ALUMINUM STARCH OCTENYLSUCCINATE, SILICA, SYNTHETIC BEESWAX, HYDROGENATED CASTOR OIL, TOCOPHERYL ACETATE, CI 77491 (IRON OXIDES), JOJOBA ESTERS, POLYHYDROXYSTEARIC ACID, HELIANTHUS ANNUUS (SUNFLOWER) SEED OIL, CI 77499 (IRON OXIDES), PENTAERYTHRITYL TETRA-DI-T-BUTYL HYDROXYHYDROCINNAMATE, COPERNICIA CERIFERA CERA (CARNAUBA WAX), ZINGIBER OFFICINALE (GINGER) LEAF CELL EXTRACT, DISTEARDIMONIUM HECTORITE",yes,yes,ja
Velvet Skin 4/5 Deep Brown,en,https://image.labiosthetique.com/i/square-1440/m2-product:velvet_skin_4_5_deep_brown_407864_10g_bafd520.jpg/feed-media.jpg,https://www.labiosthetique.de/velvet-skin?childSku=4040218893472,/velvet-skin?childSku=4040218893472,021572,"A fresh complexion whenever you need it: With its light, velvety texture, the compact foundation provides a semi-matte finish and achieves a natural and even complexion in no time at all. It refines the complexion instead of just covering it. The sponge that comes with the foundation is ideal for quick and simple touch-ups.","39,50 €",0,10 g,Make-up,"The soft, velvety texture of Velvet Skin foundation can be effortlessly applied and distributed with a brush, sponge or your fingers. Start in the middle of the face and work outwards. For a particularly even finish, lightly tap the foundation into the skin and carefully blend.","ISONONYL ISONONANOATE, CAPRYLIC/CAPRIC TRIGLYCERIDE, CI 77891 (TITANIUM DIOXIDE), RICINUS COMMUNIS (CASTOR) SEED OIL, TITANIUM DIOXIDE, SYNTHETIC WAX, CI 77492 (IRON OXIDES), MICA, TRIBEHENIN, ALUMINUM STARCH OCTENYLSUCCINATE, SILICA, SYNTHETIC BEESWAX, HYDROGENATED CASTOR OIL, TOCOPHERYL ACETATE, CI 77491 (IRON OXIDES), JOJOBA ESTERS, POLYHYDROXYSTEARIC ACID, HELIANTHUS ANNUUS (SUNFLOWER) SEED OIL, CI 77499 (IRON OXIDES), PENTAERYTHRITYL TETRA-DI-T-BUTYL HYDROXYHYDROCINNAMATE, COPERNICIA CERIFERA CERA (CARNAUBA WAX), ZINGIBER OFFICINALE (GINGER) LEAF CELL EXTRACT, DISTEARDIMONIUM HECTORITE",yes,yes,ja
Colour Protection Shine Restoring Conditioner,de,https://image.labiosthetique.com/i/square-1440/m2-product:colour_protection_shine_restoring_conditioner_247171_50ml_a9a813b.jpg/feed-media.jpg,https://www.labiosthetique.de/colour-protection-shine-restoring-conditioner?childSku=4040218849271,/colour-protection-shine-restoring-conditioner?childSku=4040218849271,120711,"Ohne zu beschweren, entwirrt und pflegt der Conditioner chemisch behandeltes Haar, schließt Farbpigmente im Haarinneren ein, schützt vor negativen Umwelteinflüssen und sorgt für Geschmeidigkeit, Farbbrillanz und Glanz.","15,00 €","300,00 € / 1 l",50 ml,Haar- & Kopfhautpflege,Nach der Wäsche im feuchten Haar verteilen und 2-5 Minuten einwirken lassen. Anschließend gut ausspülen.,"AQUA (WATER), CETEARYL ALCOHOL, CAPRYLIC/CAPRIC TRIGLYCERIDE, SIMMONDSIA CHINENSIS (JOJOBA) SEED OIL, SQUALANE, BEHENTRIMONIUM METHOSULFATE, CETRIMONIUM CHLORIDE, 1,2-HEXANEDIOL, CAPRYLYL GLYCOL, PARFUM (FRAGRANCE), BUTYLENE GLYCOL, CETEARYL ISONONANOATE, HYDROXYPROPYL OXIDIZED STARCH PG-TRIMONIUM CHLORIDE, TRITICUM VULGARE GERM OIL, TETRAMETHYL ACETYLOCTAHYDRONAPHTHALENES, STARCH HYDROXYPROPYLTRIMONIUM CHLORIDE, LINOLEIC ACID, PANTHENOL, LACTIC ACID, SODIUM LACTATE, LIMONENE, CITRUS AURANTIUM BERGAMIA (BERGAMOT) PEEL OIL, LINALOOL, SODIUM CHLORIDE, UREA, TRITICUM VULGARE (WHEAT) BRAN EXTRACT, TRITICUM VULGARE GERM EXTRACT, CITRIC ACID, CRAMBE MARITIMA LEAF EXTRACT, LINALYL ACETATE, GLYCERIN, CAMELLIA OLEIFERA SEED OIL, LEVULINIC ACID, TOCOPHERYL ACETATE, P-ANISIC ACID, TOCOPHEROL",yes,yes,ja
Colour Protection Shine Restoring Conditioner,en,https://image.labiosthetique.com/i/square-1440/m2-product:colour_protection_shine_restoring_conditioner_247171_50ml_a9a813b.jpg/feed-media.jpg,https://www.labiosthetique.de/colour-protection-shine-restoring-conditioner?childSku=4040218849271,/colour-protection-shine-restoring-conditioner?childSku=4040218849271,120711,"Without weighing it down, the conditioner detangles and conditions chemically treated hair, seals colour pigments inside the hair, protects the hair against negative environmental influences and gives it softness, colour brilliance and shine.","15,00 €","300,00 € / 1 l",50 ml,Hair & scalp care,"After washing, distribute into damp hair and leave in for 2–5 minutes before rinsing out thoroughly.","AQUA (WATER), CETEARYL ALCOHOL, CAPRYLIC/CAPRIC TRIGLYCERIDE, SIMMONDSIA CHINENSIS (JOJOBA) SEED OIL, SQUALANE, BEHENTRIMONIUM METHOSULFATE, CETRIMONIUM CHLORIDE, 1,2-HEXANEDIOL, CAPRYLYL GLYCOL, PARFUM (FRAGRANCE), BUTYLENE GLYCOL, CETEARYL ISONONANOATE, HYDROXYPROPYL OXIDIZED STARCH PG-TRIMONIUM CHLORIDE, TRITICUM VULGARE GERM OIL, TETRAMETHYL ACETYLOCTAHYDRONAPHTHALENES, STARCH HYDROXYPROPYLTRIMONIUM CHLORIDE, LINOLEIC ACID, PANTHENOL, LACTIC ACID, SODIUM LACTATE, LIMONENE, CITRUS AURANTIUM BERGAMIA (BERGAMOT) PEEL OIL, LINALOOL, SODIUM CHLORIDE, UREA, TRITICUM VULGARE (WHEAT) BRAN EXTRACT, TRITICUM VULGARE GERM EXTRACT, CITRIC ACID, CRAMBE MARITIMA LEAF EXTRACT, LINALYL ACETATE, GLYCERIN, CAMELLIA OLEIFERA SEED OIL, LEVULINIC ACID, TOCOPHERYL ACETATE, P-ANISIC ACID, TOCOPHEROL",yes,yes,ja
Spa Wellness Hair Conditioner,de,https://image.labiosthetique.com/i/square-1440/m2-product:spa_wellness_hair_conditioner_329903_250ml_d183626.jpg/feed-media.jpg,https://www.labiosthetique.de/spa-wellness-hair-conditioner?childSku=4040218856071,/spa-wellness-hair-conditioner?childSku=4040218856071,120396,Wellness-Haarpflegespülung für die tägliche Pflege nach dem Waschen.,"28,50 €","114,00 € / 1 l",250 ml,Haar- & Kopfhautpflege,Eine haselnussgroße Menge im handtuchtrockenen Haar verteilen. Nach 2 Minuten Einwirkzeit mit warmem Wasser ausspülen.,"AQUA (WATER), CETEARYL ALCOHOL, PARFUM (FRAGRANCE), INULIN, CETRIMONIUM CHLORIDE, TETRAMETHYL ACETYLOCTAHYDRONAPHTHALENES, METHYLPROPANEDIOL, LIMONENE, ALPHA-GLUCAN OLIGOSACCHARIDE, LACTIC ACID, ETHYLHEXYLGLYCERIN, CITRUS LIMON PEEL OIL, CITRUS AURANTIUM PEEL OIL, SODIUM GLUCONATE, SODIUM LACTATE, CAPRYLHYDROXAMIC ACID, PINENE, CITRAL, CITRIC ACID, BENZOIC ACID",yes,no,ja
Spa Wellness Hair Conditioner,en,https://image.labiosthetique.com/i/square-1440/m2-product:spa_wellness_hair_conditioner_329903_250ml_d183626.jpg/feed-media.jpg,https://www.labiosthetique.de/spa-wellness-hair-conditioner?childSku=4040218856071,/spa-wellness-hair-conditioner?childSku=4040218856071,120396,A wellness hair conditioner for daily use after washing your hair.,"28,50 €","114,00 € / 1 l",250 ml,Hair & scalp care,"Distribute a hazelnut-sized amount into towel-dried hair. Leave on for two minutes, then rinse out with warm water.","AQUA (WATER), CETEARYL ALCOHOL, PARFUM (FRAGRANCE), INULIN, CETRIMONIUM CHLORIDE, TETRAMETHYL ACETYLOCTAHYDRONAPHTHALENES, METHYLPROPANEDIOL, LIMONENE, ALPHA-GLUCAN OLIGOSACCHARIDE, LACTIC ACID, ETHYLHEXYLGLYCERIN, CITRUS LIMON PEEL OIL, CITRUS AURANTIUM PEEL OIL, SODIUM GLUCONATE, SODIUM LACTATE, CAPRYLHYDROXAMIC ACID, PINENE, CITRAL, CITRIC ACID, BENZOIC ACID",yes,no,ja
Dermosthétique Lifting Eye Cream,de,https://image.labiosthetique.com/i/square-1440/m2-product:dermosth_tique_lifting_eye_cream_355961_15ml_98d4d57.jpg/feed-media.jpg,https://www.labiosthetique.de/dermosthetique-age-lifting-eye-cream,/dermosthetique-age-lifting-eye-cream,002961,Mit viel Feuchtigkeit und starken Antioxidanzien auf pflanzlicher Basis wirkt die straffende Augenpflegecreme Müdigkeits- und Alterungserscheinungen der Haut in der Augenpartie entgegen.,"65,00 €","4.333,33 € / 1 l",15 ml,Hautpflege,Morgens und abends auf die gereinigte Haut der Augenkontur auftragen und einmassieren oder mit den Fingerspitzen sanft einklopfen.,"AQUA (WATER), GLYCERIN, CAPRYLIC/CAPRIC TRIGLYCERIDE, SQUALANE, CETEARYL ETHYLHEXANOATE, CETEARYL OLIVATE, HYDROGENATED COCO-GLYCERIDES, PENTAERYTHRITYL DISTEARATE, SORBITAN OLIVATE, CENTELLA ASIATICA LEAF EXTRACT*, NIACINAMIDE, SALVIA MILTIORRHIZA LEAF EXTRACT, LACTOBACILLUS FERMENT, CAMELLIA SINENSIS LEAF EXTRACT, LACTOBACILLUS FERMENT LYSATE, PUNICA GRANATUM EXTRACT, CAFFEINE, TOCOPHEROL, ETHYL FERULATE, ROSMARINUS OFFICINALIS (ROSEMARY) LEAF EXTRACT , HELIANTHUS ANNUUS (SUNFLOWER) SEED OIL, POTASSIUM CETYL PHOSPHATE, MICROCRYSTALLINE CELLULOSE, XANTHAN GUM, ISOPROPYL MYRISTATE, BEHENYL ALCOHOL, GLYCERYL STEARATE, AVENA SATIVA (OAT) KERNEL EXTRACT, PALMITIC ACID, CELLULOSE GUM, STEARIC ACID, CETYL ALCOHOL, LAURYL ALCOHOL, LECITHIN, MYRISTYL ALCOHOL, CITRIC ACID, CAPRYLYL GLYCOL, GLYCINE SOJA (SOYBEAN) OIL, PHENOXYETHANOL, BENZOIC ACID, DEHYDROACETIC ACID, SODIUM BENZOATE, POTASSIUM SORBATE, PARFUM (FRAGRANCE)",yes,yes,ja
Dermosthétique Lifting Eye Cream,en,https://image.labiosthetique.com/i/square-1440/m2-product:dermosth_tique_lifting_eye_cream_355961_15ml_98d4d57.jpg/feed-media.jpg,https://www.labiosthetique.de/dermosthetique-age-lifting-eye-cream,/dermosthetique-age-lifting-eye-cream,002961,"With plenty of moisture and strong plant-based antioxidants, the firming eye care cream combats signs of tiredness and aging in the skin in the eye area.","65,00 €","4.333,33 € / 1 l",15 ml,Skin care,"In the morning and evening, apply the cream to the cleansed skin of the eye contour, then massage in or gently tap in with your fingertips.","AQUA (WATER), GLYCERIN, CAPRYLIC/CAPRIC TRIGLYCERIDE, SQUALANE, CETEARYL ETHYLHEXANOATE, CETEARYL OLIVATE, HYDROGENATED COCO-GLYCERIDES, PENTAERYTHRITYL DISTEARATE, SORBITAN OLIVATE, CENTELLA ASIATICA LEAF EXTRACT*, NIACINAMIDE, SALVIA MILTIORRHIZA LEAF EXTRACT, LACTOBACILLUS FERMENT, CAMELLIA SINENSIS LEAF EXTRACT, LACTOBACILLUS FERMENT LYSATE, PUNICA GRANATUM EXTRACT, CAFFEINE, TOCOPHEROL, ETHYL FERULATE, ROSMARINUS OFFICINALIS (ROSEMARY) LEAF EXTRACT , HELIANTHUS ANNUUS (SUNFLOWER) SEED OIL, POTASSIUM CETYL PHOSPHATE, MICROCRYSTALLINE CELLULOSE, XANTHAN GUM, ISOPROPYL MYRISTATE, BEHENYL ALCOHOL, GLYCERYL STEARATE, AVENA SATIVA (OAT) KERNEL EXTRACT, PALMITIC ACID, CELLULOSE GUM, STEARIC ACID, CETYL ALCOHOL, LAURYL ALCOHOL, LECITHIN, MYRISTYL ALCOHOL, CITRIC ACID, CAPRYLYL GLYCOL, GLYCINE SOJA (SOYBEAN) OIL, PHENOXYETHANOL, BENZOIC ACID, DEHYDROACETIC ACID, SODIUM BENZOATE, POTASSIUM SORBATE, PARFUM (FRAGRANCE)",yes,yes,ja
Comforting Lipid Cream,de,https://image.labiosthetique.com/i/square-1440/m2-product:comforting_lipid_cream_391993_10ml_fe70e06.jpg/feed-media.jpg,https://www.labiosthetique.de/comforting-lipid-cream?childSku=4040218879971,/comforting-lipid-cream?childSku=4040218879971,003607,"Die nährende, intensiv pflegende Lipidcreme beruhigt trockene, irritierte Haut, stabilisiert ihre natürlichen Schutzfunktionen und optimiert den Feuchtigkeitsgehalt. Für alle Liebhaber von Douceur Sensitive Riche wird dies Ihr neues Lieblingsprodukt.","12,00 €","1.200,00 € / 1 l",10 ml,Hautpflege,"Morgens und abends auf die gereinigte und tonisierte Haut von Gesicht, Hals und Dekolleté auftragen.","AQUA (WATER), HYDROGENATED VEGETABLE OIL, SQUALANE, CANOLA OIL, GLYCERIN, CAPRYLIC/CAPRIC TRIGLYCERIDE, HYDROGENATED CASTOR OIL, POLYGLYCERYL-3 POLYRICINOLEATE, SORBITAN ISOSTEARATE, AVENA SATIVA (OAT) KERNEL OIL, AVENA SATIVA (OAT) KERNEL EXTRACT, LACTOBACILLUS FERMENT, MYROTHAMNUS FLABELLIFOLIA LEAF/STEM EXTRACT, HYDROXYACETOPHENONE, TOCOPHEROL, GLYCINE SOJA (SOYBEAN) OIL, MAGNESIUM SULFATE, 1,2-HEXANEDIOL, CAPRYLYL GLYCOL, STEARALKONIUM BENTONITE, PROPYLENE CARBONATE, SODIUM BENZOATE, POTASSIUM SORBATE, CITRIC ACID",yes,yes,ja
Comforting Lipid Cream,en,https://image.labiosthetique.com/i/square-1440/m2-product:comforting_lipid_cream_391993_10ml_fe70e06.jpg/feed-media.jpg,https://www.labiosthetique.de/comforting-lipid-cream?childSku=4040218879971,/comforting-lipid-cream?childSku=4040218879971,003607,"The nourishing, intensively caring lipid cream calms dry, irritated skin, stabilises its natural protective functions and optimises its moisture content. For all lovers of Douceur Sensitive Riche this will be your new favorite product.","12,00 €","1.200,00 € / 1 l",10 ml,Skin care,"In the morning and evening, apply to the cleansed and toned skin of the face, neck and décolleté.","AQUA (WATER), HYDROGENATED VEGETABLE OIL, SQUALANE, CANOLA OIL, GLYCERIN, CAPRYLIC/CAPRIC TRIGLYCERIDE, HYDROGENATED CASTOR OIL, POLYGLYCERYL-3 POLYRICINOLEATE, SORBITAN ISOSTEARATE, AVENA SATIVA (OAT) KERNEL OIL, AVENA SATIVA (OAT) KERNEL EXTRACT, LACTOBACILLUS FERMENT, MYROTHAMNUS FLABELLIFOLIA LEAF/STEM EXTRACT, HYDROXYACETOPHENONE, TOCOPHEROL, GLYCINE SOJA (SOYBEAN) OIL, MAGNESIUM SULFATE, 1,2-HEXANEDIOL, CAPRYLYL GLYCOL, STEARALKONIUM BENTONITE, PROPYLENE CARBONATE, SODIUM BENZOATE, POTASSIUM SORBATE, CITRIC ACID",yes,yes,ja
Tinted Eyebrow Gel Grey Brown,de,https://image.labiosthetique.com/i/square-1440/m2-product:tinted_eyebrow_gel_grey_brown_247585_4ml_adf67d9.jpg/feed-media.jpg,https://www.labiosthetique.de/tinted-eyebrow-gel?childSku=4040218836370,/tinted-eyebrow-gel?childSku=4040218836370,017032,"Das getönte Gel sorgt für perfekt modellierte, voller wirkende Augenbrauen, füllt Lücken auf und fixiert mit natürlichem Matt-Finish.","25,00 €",0,4 ml,Make-Up,Die Augenbrauen in Wuchsrichtung mit dem Applikatorbürstchen und der passenden Farbe des Tinted Eyebrow Gel einfärben und in die gewünschte Form bürsten. Eventuelle Lücken mit der gleichen Textur und einem feinen Pinsel (#6 oder #7) auffüllen.,"ISODODECANE, MICA, TRIMETHYLSILOXYSILICATE, ETHYLENE/PROPYLENE/STYRENE COPOLYMER, DISTEARDIMONIUM HECTORITE, CI 77499 (IRON OXIDES), CI 77891 (TITANIUM DIOXIDE), CI 77491 (IRON OXIDES), PROPYLENE CARBONATE, CI 77492 (IRON OXIDES), TRIETHOXYCAPRYLYLSILANE, BUTYLENE/ETHYLENE/STYRENE COPOLYMER, ALUMINUM HYDROXIDE, PENTAERYTHRITYL TETRA-DI-T-BUTYL HYDROXYHYDROCINNAMATE",no,yes,nein
Tinted Eyebrow Gel Grey Brown,en,https://image.labiosthetique.com/i/square-1440/m2-product:tinted_eyebrow_gel_grey_brown_247585_4ml_adf67d9.jpg/feed-media.jpg,https://www.labiosthetique.de/tinted-eyebrow-gel?childSku=4040218836370,/tinted-eyebrow-gel?childSku=4040218836370,017032,"The tinted gel provides perfectly modelled, full looking brows, fills in gaps and fixes the brows with a natural matte finish.","25,00 €",0,4 ml,Make-up,"With the matching shade of Tinted Eyebrow Gel, brush the eyebrows in the direction of hair growth into the desired shape with the applicator brush. Fill in any gaps with the same texture and a fine brush (#6 or #7).","ISODODECANE, MICA, TRIMETHYLSILOXYSILICATE, ETHYLENE/PROPYLENE/STYRENE COPOLYMER, DISTEARDIMONIUM HECTORITE, CI 77499 (IRON OXIDES), CI 77891 (TITANIUM DIOXIDE), CI 77491 (IRON OXIDES), PROPYLENE CARBONATE, CI 77492 (IRON OXIDES), TRIETHOXYCAPRYLYLSILANE, BUTYLENE/ETHYLENE/STYRENE COPOLYMER, ALUMINUM HYDROXIDE, PENTAERYTHRITYL TETRA-DI-T-BUTYL HYDROXYHYDROCINNAMATE",no,yes,nein
Automatic Pencil for Lips LL37 Magnolia,de,https://image.labiosthetique.com/i/square-1440/m2-product:automatic_pencil_for_lips_ll37_magnolia_407256_0_28g_fac08ab.jpg/feed-media.jpg,https://www.labiosthetique.de/automatic-pencil-for-lips?childSku=4040218879070,/automatic-pencil-for-lips?childSku=4040218879070,019004,"Der wasserfeste Lippenkonturen-Stift zaubert wunderschöne, definierte Lippen.","25,00 €",0,"0,28 g",Make-Up,Den Stift aus der Automatikhülle herausdrehen und die Lippenkontur sanft nachziehen oder nuancieren. Achtung: der Stift kann nicht zurückgedreht werden!,"SYNTHETIC WAX, ISODODECANE, HYDROGENATED POLYCYCLOPENTADIENE, MICA, CI 77891 (TITANIUM DIOXIDE), CI 77491 (IRON OXIDES), POLYGLYCERYL-10 PENTAISOSTEARATE, HYDROGENATED POLY(C6-14 OLEFIN), HYDROGENATED POLYDECENE, HYDROGENATED POLYISOBUTENE, POLYBUTENE, DISTEARDIMONIUM HECTORITE, CI 75470 (CARMINE), PROPYLENE CARBONATE, POLYETHYLENE, PENTAERYTHRITYL TETRA-DI-T-BUTYL HYDROXYHYDROCINNAMATE, CI 77499 (IRON OXIDES)",no,no,ja
Automatic Pencil for Lips LL37 Magnolia,en,https://image.labiosthetique.com/i/square-1440/m2-product:automatic_pencil_for_lips_ll37_magnolia_407256_0_28g_fac08ab.jpg/feed-media.jpg,https://www.labiosthetique.de/automatic-pencil-for-lips?childSku=4040218879070,/automatic-pencil-for-lips?childSku=4040218879070,019004,The waterproof lip liner creates wonderfully defined lips.,"25,00 €",0,"0,28 g",Make-up,Twist the liner out of the automatic case and gently outline or shade the lip line. Caution: you cannot twist the liner back into the case!,"SYNTHETIC WAX, ISODODECANE, HYDROGENATED POLYCYCLOPENTADIENE, MICA, CI 77891 (TITANIUM DIOXIDE), CI 77491 (IRON OXIDES), POLYGLYCERYL-10 PENTAISOSTEARATE, HYDROGENATED POLY(C6-14 OLEFIN), HYDROGENATED POLYDECENE, HYDROGENATED POLYISOBUTENE, POLYBUTENE, DISTEARDIMONIUM HECTORITE, CI 75470 (CARMINE), PROPYLENE CARBONATE, POLYETHYLENE, PENTAERYTHRITYL TETRA-DI-T-BUTYL HYDROXYHYDROCINNAMATE, CI 77499 (IRON OXIDES)",no,no,ja
After Sun Hair & Body Shampoo,de,https://image.labiosthetique.com/i/square-1440/m2-product:after_sun_hair_body_shampoo_413072_250ml_0cb9e34.jpg/feed-media.jpg,https://www.labiosthetique.de/after-sun-hair-body-shampoo-2?childSku=4040218837469,/after-sun-hair-body-shampoo-2?childSku=4040218837469,120809,"Das sanfte Shampoo reinigt Haare und Körper nach der Sonne, entfernt Meer- und Chlorwasserrückstände und schützt das Haar, damit es länger seine Farbbrillanz bewahrt.","24,50 €","98,00 € / 1 l",250 ml,"Hautpflege,Haar- & Kopfhautpflege","Gleichmäßig im feuchten Haar sowie auf Kopf- und Körperhaut verteilen und aufschäumen. Die Kopfhaut leicht massieren, die Haare behutsam kneten, dann gründlich mit Wasser abspülen.","AQUA (WATER), SODIUM LAURETH SULFATE, COCAMIDOPROPYL BETAINE, MARIS SAL (SEA SALT), SODIUM BENZOATE, POLYQUATERNIUM-10, PANTHENOL, SODIUM CHLORIDE, PARFUM (FRAGRANCE), TROMETHAMINE, BENZOIC ACID, LACTIC ACID, PHENOXYETHANOL, BUTYLENE GLYCOL, TETRAMETHYL ACETYLOCTAHYDRONAPHTHALENES, CITRIC ACID, HELIANTHUS ANNUUS (SUNFLOWER) SEED EXTRACT, ETHYLHEXYLGLYCERIN, BENZYL SALICYLATE, LIMONENE, BENZYL ALCOHOL, SODIUM ACETATE, ISOPROPYL ALCOHOL, TOCOPHEROL",yes,yes,ja
After Sun Hair & Body Shampoo,en,https://image.labiosthetique.com/i/square-1440/m2-product:after_sun_hair_body_shampoo_413072_250ml_0cb9e34.jpg/feed-media.jpg,https://www.labiosthetique.de/after-sun-hair-body-shampoo-2?childSku=4040218837469,/after-sun-hair-body-shampoo-2?childSku=4040218837469,120809,"The gentle shampoo cleanses the hair and body after sun exposure, removes sea and chlorinated water residues and protects the hair so that it maintains its colour brilliance for longer.","24,50 €","98,00 € / 1 l",250 ml,"Skin care,Hair & scalp care","Evenly apply to damp hair, the scalp and the body skin and lather up. Lightly massage the scalp and carefully knead the hair, then rinse thoroughly with water.","AQUA (WATER), SODIUM LAURETH SULFATE, COCAMIDOPROPYL BETAINE, MARIS SAL (SEA SALT), SODIUM BENZOATE, POLYQUATERNIUM-10, PANTHENOL, SODIUM CHLORIDE, PARFUM (FRAGRANCE), TROMETHAMINE, BENZOIC ACID, LACTIC ACID, PHENOXYETHANOL, BUTYLENE GLYCOL, TETRAMETHYL ACETYLOCTAHYDRONAPHTHALENES, CITRIC ACID, HELIANTHUS ANNUUS (SUNFLOWER) SEED EXTRACT, ETHYLHEXYLGLYCERIN, BENZYL SALICYLATE, LIMONENE, BENZYL ALCOHOL, SODIUM ACETATE, ISOPROPYL ALCOHOL, TOCOPHEROL",yes,yes,ja
Spa Refreshing Hand Wash,de,https://image.labiosthetique.com/i/square-1440/m2-product:spa_refreshing_hand_wash_329827_250ml_94b25f4.jpg/feed-media.jpg,https://www.labiosthetique.de/spa-refreshing-hand-wash,/spa-refreshing-hand-wash,003953,Erfrischendes Reinigungsgel für die Hände,"15,50 €","62,00 € / 1 l",250 ml,Hautpflege,"Zur gründlichen Handwäsche 1-2 Pumpstöße auf die nassen Hände geben, rund 20 Sekunden lang aufschäumen und mit warmem Wasser abspülen.","AQUA (WATER), SODIUM LAURETH SULFATE, COCO-BETAINE, DISODIUM COCOAMPHODIACETATE , BETAINE, MARIS SAL (SEA SALT), LAMINARIA DIGITATA EXTRACT, CHLORELLA VULGARIS EXTRACT, SACCHARIDE ISOMERATE, MARIS AQUA (SEA WATER), GLYCERIN, ETHYLHEXYLGLYCERIN, SODIUM BENZOATE, BENZOIC ACID, PHENOXYETHANOL, SODIUM CHLORIDE, PARFUM (FRAGRANCE), TETRAMETHYL ACETYLOCTAHYDRONAPHTHALENES, CITRUS LIMON (LEMON) PEEL OIL, LIMONENE, BENZYL SALICYLATE, HEXADECANOLACTONE, ALPHA-ISOMETHYL IONONE",yes,yes,ja
Spa Refreshing Hand Wash,en,https://image.labiosthetique.com/i/square-1440/m2-product:spa_refreshing_hand_wash_329827_250ml_94b25f4.jpg/feed-media.jpg,https://www.labiosthetique.de/spa-refreshing-hand-wash,/spa-refreshing-hand-wash,003953,Refreshing cleansing gel for the hands,"15,50 €","62,00 € / 1 l",250 ml,Skin care,"For thorough hand-washing, apply 1–2 pumps to wet hands, lather for about 20 seconds, then rinse off with warm water.","AQUA (WATER), SODIUM LAURETH SULFATE, COCO-BETAINE, DISODIUM COCOAMPHODIACETATE , BETAINE, MARIS SAL (SEA SALT), LAMINARIA DIGITATA EXTRACT, CHLORELLA VULGARIS EXTRACT, SACCHARIDE ISOMERATE, MARIS AQUA (SEA WATER), GLYCERIN, ETHYLHEXYLGLYCERIN, SODIUM BENZOATE, BENZOIC ACID, PHENOXYETHANOL, SODIUM CHLORIDE, PARFUM (FRAGRANCE), TETRAMETHYL ACETYLOCTAHYDRONAPHTHALENES, CITRUS LIMON (LEMON) PEEL OIL, LIMONENE, BENZYL SALICYLATE, HEXADECANOLACTONE, ALPHA-ISOMETHYL IONONE",yes,yes,ja
Molding Cream,de,https://image.labiosthetique.com/i/square-1440/m2-product:molding_cream_368335_75ml_0d9b0d4.jpg/feed-media.jpg,https://www.labiosthetique.de/molding-cream-1,/molding-cream-1,110237,"Die Modelliercreme bringt glattes wie lockiges Haar geschmeidig in Form und gibt leichten, geschmeidigen Halt.","27,00 €","360,00 € / 1 l",75 ml,Styling,"Etwas Molding Cream zwischen den Handflächen verreiben, gleichmäßig im feuchten oder trockenen Haar verteilen und das Haar in Form bringen. Zum Umformen oder Auffrischen des Looks das Haar mit dem Föhn erwärmen, umstylen und auskühlen lassen.","AQUA (WATER), GLYCERYL STEARATE, PROPYLENE GLYCOL, OLETH-20, OZOKERITE, PARAFFINUM LIQUIDUM (MINERAL OIL), OLETH-3, OLETH-5, OLETH-10 PHOSPHATE, OLETH-3 PHOSPHATE, PEG-6 CAPRYLIC/CAPRIC GLYCERIDES, VP/VA COPOLYMER, TROMETHAMINE, KAOLIN, BENZOIC ACID, PARFUM (FRAGRANCE), SODIUM ACRYLATE/SODIUM ACRYLOYLDIMETHYL TAURATE COPOLYMER, POLYISOBUTENE, TETRAMETHYL ACETYLOCTAHYDRONAPHTHALENES, PEG-45M, SORBITAN OLEATE, HEXAMETHYLINDANOPYRAN, CAPRYLYL/CAPRYL GLUCOSIDE, CARAMEL, LIMONENE, LINALYL ACETATE, MALTODEXTRIN, PINENE, LINALOOL, CITRONELLOL, CITRUS LIMON PEEL OIL, GERANIOL, HYDROGEN PEROXIDE, CITRAL",yes,yes,ja
Molding Cream,en,https://image.labiosthetique.com/i/square-1440/m2-product:molding_cream_368335_75ml_0d9b0d4.jpg/feed-media.jpg,https://www.labiosthetique.de/molding-cream-1,/molding-cream-1,110237,"The modelling cream smoothly shapes straight and curly hair and provides a light, supple hold.","27,00 €","360,00 € / 1 l",75 ml,Styling,"Detailed description of the application. However, without complementary products. Rub a little Molding Cream between the palms of your hands, distribute evenly through damp or dry hair and shape the hair. To reshape or refresh the look, heat the hair with a hairdryer, restyle and leave to cool.","AQUA (WATER), GLYCERYL STEARATE, PROPYLENE GLYCOL, OLETH-20, OZOKERITE, PARAFFINUM LIQUIDUM (MINERAL OIL), OLETH-3, OLETH-5, OLETH-10 PHOSPHATE, OLETH-3 PHOSPHATE, PEG-6 CAPRYLIC/CAPRIC GLYCERIDES, VP/VA COPOLYMER, TROMETHAMINE, KAOLIN, BENZOIC ACID, PARFUM (FRAGRANCE), SODIUM ACRYLATE/SODIUM ACRYLOYLDIMETHYL TAURATE COPOLYMER, POLYISOBUTENE, TETRAMETHYL ACETYLOCTAHYDRONAPHTHALENES, PEG-45M, SORBITAN OLEATE, HEXAMETHYLINDANOPYRAN, CAPRYLYL/CAPRYL GLUCOSIDE, CARAMEL, LIMONENE, LINALYL ACETATE, MALTODEXTRIN, PINENE, LINALOOL, CITRONELLOL, CITRUS LIMON PEEL OIL, GERANIOL, HYDROGEN PEROXIDE, CITRAL",yes,yes,ja
Long Hair Protective Repair Mask,de,https://image.labiosthetique.com/i/square-1440/m2-product:long_hair_protective_repair_mask_418102_200ml_01c1eda.jpg/feed-media.jpg,https://www.labiosthetique.de/long-hair-protective-repair-mask-2,/long-hair-protective-repair-mask-2,120752,"Die reichhaltige Protective Repair Mask vitalisiert trockene, angegriffene Längen, stärkt die Haarstruktur und schützt zuverlässig vor Haarbruch und Spliss – für geschmeidiges, widerstandsfähiges und glänzendes langes Haar.","39,50 €","197,50 € / 1 l",200 ml,Haar- & Kopfhautpflege,"Nach der Haarwäsche gleichmäßig in den Längen und Spitzen verteilen. Als Schnellpflege 2–5 Minuten, als Intensivpflege 10–15 Minuten einwirken lassen. Anschließend gründlich ausspülen.","AQUA (WATER), BEHENAMIDOPROPYL DIMETHYLAMINE, DICAPRYLYL CARBONATE, NEOPENTYL GLYCOL DIHEPTANOATE, CETEARYL ALCOHOL, PROPYLENE GLYCOL, INULIN, DICOCOYL PENTAERYTHRITYL DISTEARYL CITRATE , LACTIC ACID, BEHENTRIMONIUM METHOSULFATE, CETRIMONIUM CHLORIDE, PARFUM (FRAGRANCE), SODIUM BENZOATE, GLYCERIN, CAPRYLIC/CAPRIC TRIGLYCERIDE, PENTYLENE GLYCOL, HYDROXYPROPYL GUAR HYDROXYPROPYLTRIMONIUM CHLORIDE, OLEA EUROPAEA (OLIVE) LEAF EXTRACT, TETRAMETHYL ACETYLOCTAHYDRONAPHTHALENES, HYDROGENATED RAPESEED GLYCERIDES , TRITICUM VULGARE (WHEAT) BRAN EXTRACT, LIMONENE, ALPHA-ISOMETHYL IONONE, CITRUS AURANTIUM BERGAMIA (BERGAMOT) PEEL OIL, LINALOOL, CITRIC ACID, LINALYL ACETATE, JOJOBA ESTERS, 1,2-HEXANEDIOL, CAPRYLYL GLYCOL, CYCLODEXTRIN, HELIANTHUS ANNUUS (SUNFLOWER) SEED WAX, TOCOPHEROL, CYAMOPSIS TETRAGONOLOBA (GUAR) GUM, XANTHAN GUM, POLYGLYCERIN-3, PHYTIC ACID",no,yes,nein
Long Hair Protective Repair Mask,en,https://image.labiosthetique.com/i/square-1440/m2-product:long_hair_protective_repair_mask_418102_200ml_01c1eda.jpg/feed-media.jpg,https://www.labiosthetique.de/long-hair-protective-repair-mask-2,/long-hair-protective-repair-mask-2,120752,"The rich Protective Repair Mask revitalises dry, damaged lengths, strengthens the hair structure and provides reliable protection against hair breakage and split ends – for sleeker, more resistant and shiny long hair.","39,50 €","197,50 € / 1 l",200 ml,Hair & scalp care,"After washing the hair, distribute evenly in the lengths and tips. Leave to take effect for 2–5 minutes as express care and for 10–15 minutes as intensive care, then rinse out thoroughly.","AQUA (WATER), BEHENAMIDOPROPYL DIMETHYLAMINE, DICAPRYLYL CARBONATE, NEOPENTYL GLYCOL DIHEPTANOATE, CETEARYL ALCOHOL, PROPYLENE GLYCOL, INULIN, DICOCOYL PENTAERYTHRITYL DISTEARYL CITRATE , LACTIC ACID, BEHENTRIMONIUM METHOSULFATE, CETRIMONIUM CHLORIDE, PARFUM (FRAGRANCE), SODIUM BENZOATE, GLYCERIN, CAPRYLIC/CAPRIC TRIGLYCERIDE, PENTYLENE GLYCOL, HYDROXYPROPYL GUAR HYDROXYPROPYLTRIMONIUM CHLORIDE, OLEA EUROPAEA (OLIVE) LEAF EXTRACT, TETRAMETHYL ACETYLOCTAHYDRONAPHTHALENES, HYDROGENATED RAPESEED GLYCERIDES , TRITICUM VULGARE (WHEAT) BRAN EXTRACT, LIMONENE, ALPHA-ISOMETHYL IONONE, CITRUS AURANTIUM BERGAMIA (BERGAMOT) PEEL OIL, LINALOOL, CITRIC ACID, LINALYL ACETATE, JOJOBA ESTERS, 1,2-HEXANEDIOL, CAPRYLYL GLYCOL, CYCLODEXTRIN, HELIANTHUS ANNUUS (SUNFLOWER) SEED WAX, TOCOPHEROL, CYAMOPSIS TETRAGONOLOBA (GUAR) GUM, XANTHAN GUM, POLYGLYCERIN-3, PHYTIC ACID",no,yes,nein
Silky Mineral Powder 2/1 Medium Rose ,de,https://image.labiosthetique.com/i/square-1440/m2-product:silky_mineral_powder_2_1_medium_rose_247799_12g_f2e7164.jpg/feed-media.jpg,https://www.labiosthetique.de/silky-mineral-powder?childSku=4040218840568,/silky-mineral-powder?childSku=4040218840568,018271,"Das lose Mineral-Puder fixiert das Make-up und zaubert als Puder mit puren Mineral-Pigmenten eine Haut, so rein, frisch und luxuriös wie reinste Seide.","31,00 €",0,12 g,Make-Up,Zum Fixieren und zur Verbesserung der Haltbarkeit des Make-ups: Silky Mineral Powder mit der flauschigen Quaste hauchzart auf das Gesicht stäuben. Für ein deckenderes Ergebnis: Silky Mineral Powder mit dem La Biosthétique Kabuki-Pinsel durch leichtes Eindrehen in Kreisbewegungen in die Haut einarbeiten.,"MICA, ZINC STEARATE, KAOLIN, BORON NITRIDE, SYNTHETIC FLUORPHLOGOPITE, MAGNESIUM MYRISTATE, CI 77492 (IRON OXIDES), CI 77491 (IRON OXIDES), DEHYDROACETIC ACID, CI 77499 (IRON OXIDES), STEARIC ACID",yes,yes,ja
Silky Mineral Powder 2/1 Medium Rose ,en,https://image.labiosthetique.com/i/square-1440/m2-product:silky_mineral_powder_2_1_medium_rose_247799_12g_f2e7164.jpg/feed-media.jpg,https://www.labiosthetique.de/silky-mineral-powder?childSku=4040218840568,/silky-mineral-powder?childSku=4040218840568,018271,The loose mineral powder fixes your make-up and its pure mineral pigments magically give you a skin as fresh and luxurious as the purest skin.,"31,00 €",0,12 g,Make-up,"For fixing and improving your make-up’s durability: Delicately use the fluffy powder puff to finely dust Silky Mineral Powder on to your face. For more coverage: Use the La Biosthétique kabuki brush to work Silky Mineral Powder into the skin with lightly twisting, circular motions.","MICA, ZINC STEARATE, KAOLIN, BORON NITRIDE, SYNTHETIC FLUORPHLOGOPITE, MAGNESIUM MYRISTATE, CI 77492 (IRON OXIDES), CI 77491 (IRON OXIDES), DEHYDROACETIC ACID, CI 77499 (IRON OXIDES), STEARIC ACID",yes,yes,ja
Structure Repair Hydrating Drops,de,https://image.labiosthetique.com/i/square-1440/m2-product:structure_repair_hydrating_drops_352827_30ml_8bd10cf.jpg/feed-media.jpg,https://www.labiosthetique.de/structure-repair-hydrating-drops,/structure-repair-hydrating-drops,120607,"Pur oder als Intensivierung der gewohnten Haarpflege pflegen die innovativen Drops trockenes, strapaziertes Haar mit einer Extraportion Feuchtigkeit.","38,50 €","1.283,33 € / 1 l",30 ml,Haar- & Kopfhautpflege,Als Leave-in Pflege pur in das handtuchtrockene Haar geben und nicht ausspülen. Als Pflegebooster im Mischverhältnis 3:10 zur Haarmaske oder zum Conditioner geben und gut vermischen. Nach der Einwirkzeit von Maske oder Conditioner wie gewohnt auswaschen.,"AQUA (WATER), PENTYLENE GLYCOL, XYLITYLGLUCOSIDE, SODIUM HYALURONATE, ANHYDROXYLITOL, COPPER GLUCONATE, PHENOXYETHANOL, CHONDRUS CRISPUS (CARRAGEENAN) EXTRACT, XYLITOL, HYDROXYACETOPHENONE, CAPRYLYL GLYCOL, LITHOTHAMNIUM CALCAREUM EXTRACT, SODIUM HYALURONATE CROSSPOLYMER",yes,yes,ja
Structure Repair Hydrating Drops,en,https://image.labiosthetique.com/i/square-1440/m2-product:structure_repair_hydrating_drops_352827_30ml_8bd10cf.jpg/feed-media.jpg,https://www.labiosthetique.de/structure-repair-hydrating-drops,/structure-repair-hydrating-drops,120607,"When used on their own or to intensify your existing hair care products, the innovative drops condition dry, stressed hair with an extra boost of moisture.","38,50 €","1.283,33 € / 1 l",30 ml,Hair & scalp care,"As leave-in care, apply the drops to towel-dried hair on their own and do not rinse out. As a care booster, add the drops to the hair mask or conditioner at a mixing ratio of 3:10 and mix well. After the processing time of the mask or conditioner, rinse out as usual.","AQUA (WATER), PENTYLENE GLYCOL, XYLITYLGLUCOSIDE, SODIUM HYALURONATE, ANHYDROXYLITOL, COPPER GLUCONATE, PHENOXYETHANOL, CHONDRUS CRISPUS (CARRAGEENAN) EXTRACT, XYLITOL, HYDROXYACETOPHENONE, CAPRYLYL GLYCOL, LITHOTHAMNIUM CALCAREUM EXTRACT, SODIUM HYALURONATE CROSSPOLYMER",yes,yes,ja
Taming Fluid,de,https://image.labiosthetique.com/i/square-1440/m2-product:taming_fluid_398090_150ml_d218c14.jpg/feed-media.jpg,https://www.labiosthetique.de/taming-fluid,/taming-fluid,110782,"Das thermoaktivierte Fluid schützt beim Hitzestyling, bändigt das Haar und glättet es langanhaltend.","25,50 €","170,00 € / 1 l",150 ml,Styling,Taming Fluid gleichmäßig im feuchten Haar verteilen. Das Haar glatt föhnen und bei Bedarf mit dem Glätteisen nachbehandeln.,"AQUA (WATER), ALCOHOL DENAT., GLYCERIN, POLYQUATERNIUM-28, PROPYLENE GLYCOL, VP/VA COPOLYMER, HYDROXYPROPYL GUAR HYDROXYPROPYLTRIMONIUM CHLORIDE, PEG-40 HYDROGENATED CASTOR OIL, PANTHENOL, PEG-75 LANOLIN, HYDROLYZED WHEAT PROTEIN, PARFUM (FRAGRANCE), TETRAMETHYL ACETYLOCTAHYDRONAPHTHALENES, SILK AMINO ACIDS, PHENOXYETHANOL, CAPRYLYL GLYCOL, HEXAMETHYLINDANOPYRAN, LIMONENE, CITRIC ACID, LINALYL ACETATE, HYDROLYZED WHEAT PROTEIN PG-PROPYL SILANETRIOL , PINENE, LINALOOL, CITRONELLOL, IMIDAZOLIDINYL UREA, HYDROGEN PEROXIDE, CITRUS LIMON PEEL OIL, SODIUM BENZOATE, BHT",no,no,ja
Taming Fluid,en,https://image.labiosthetique.com/i/square-1440/m2-product:taming_fluid_398090_150ml_d218c14.jpg/feed-media.jpg,https://www.labiosthetique.de/taming-fluid,/taming-fluid,110782,"The thermo-activated fluid protects during heat styling, tames the hair and smoothes it for a long time.","25,50 €","170,00 € / 1 l",150 ml,Styling,Distribute Taming Fluid evenly through damp hair. Blow-dry the hair straight and treat with a straightening iron if necessary.,"AQUA (WATER), ALCOHOL DENAT., GLYCERIN, POLYQUATERNIUM-28, PROPYLENE GLYCOL, VP/VA COPOLYMER, HYDROXYPROPYL GUAR HYDROXYPROPYLTRIMONIUM CHLORIDE, PEG-40 HYDROGENATED CASTOR OIL, PANTHENOL, PEG-75 LANOLIN, HYDROLYZED WHEAT PROTEIN, PARFUM (FRAGRANCE), TETRAMETHYL ACETYLOCTAHYDRONAPHTHALENES, SILK AMINO ACIDS, PHENOXYETHANOL, CAPRYLYL GLYCOL, HEXAMETHYLINDANOPYRAN, LIMONENE, CITRIC ACID, LINALYL ACETATE, HYDROLYZED WHEAT PROTEIN PG-PROPYL SILANETRIOL , PINENE, LINALOOL, CITRONELLOL, IMIDAZOLIDINYL UREA, HYDROGEN PEROXIDE, CITRUS LIMON PEEL OIL, SODIUM BENZOATE, BHT",no,no,ja
Glossing Spray,de,https://image.labiosthetique.com/i/square-1440/m2-product:glossing_spray_398126_150ml_3fc88bf.jpg/feed-media.jpg,https://www.labiosthetique.de/glossing-spray-1,/glossing-spray-1,110355,"Das brillante Red-Carpet-Finish für jede Länge und jeden Look: Glossing Spray sorgt für lang anhaltenden, schimmernden Glanz und intensive Lichtreflexe ganz ohne Silikone.","32,00 €","213,33 € / 1 l",150 ml,Styling,Glossing Spray aus 20-30 cm Entfernung sparsam aufs trockene Haar sprühen. Bei Bedarf wiederholen.,"BUTANE, HEPTYL UNDECYLENATE, NEOPENTYL GLYCOL DIHEPTANOATE, DIHEPTYL SUCCINATE, ALCOHOL DENAT., ORBIGNYA SPECIOSA KERNEL OIL, PARFUM (FRAGRANCE), TETRAMETHYL ACETYLOCTAHYDRONAPHTHALENES, PROPYLENE GLYCOL, ASTROCARYUM MURUMURU SEED BUTTER, CAPRYLOYL GLYCERIN/SEBACIC ACID COPOLYMER, CITRUS AURANTIUM BERGAMIA (BERGAMOT) PEEL OIL, LIMONENE, LINALOOL, LINALYL ACETATE, TERPINEOL, PINENE, TOCOPHEROL",yes,yes,ja
Glossing Spray,en,https://image.labiosthetique.com/i/square-1440/m2-product:glossing_spray_398126_150ml_3fc88bf.jpg/feed-media.jpg,https://www.labiosthetique.de/glossing-spray-1,/glossing-spray-1,110355,"The brilliant red carpet finish for every length and every look: Glossing Spray provides a long-lasting, shimmering shine and intense light reflections without silicones.","32,00 €","213,33 € / 1 l",150 ml,Styling,Spray Glossing Spray sparingly onto dry hair from a distance of 20-30 cm. Repeat if necessary.,"BUTANE, HEPTYL UNDECYLENATE, NEOPENTYL GLYCOL DIHEPTANOATE, DIHEPTYL SUCCINATE, ALCOHOL DENAT., ORBIGNYA SPECIOSA KERNEL OIL, PARFUM (FRAGRANCE), TETRAMETHYL ACETYLOCTAHYDRONAPHTHALENES, PROPYLENE GLYCOL, ASTROCARYUM MURUMURU SEED BUTTER, CAPRYLOYL GLYCERIN/SEBACIC ACID COPOLYMER, CITRUS AURANTIUM BERGAMIA (BERGAMOT) PEEL OIL, LIMONENE, LINALOOL, LINALYL ACETATE, TERPINEOL, PINENE, TOCOPHEROL",yes,yes,ja
Dermosthétique Peel³ Complex Deep Purifying Mask,de,https://image.labiosthetique.com/i/square-1440/m2-product:dermosth_tique_peel_complex_deep_purifying_mask_266957_75ml_f8a9a1d.jpg/feed-media.jpg,https://www.labiosthetique.de/dermosthetique-peel-complex-deep-purifying-mask,/dermosthetique-peel-complex-deep-purifying-mask,002876,"Mit dreifacher Peelingwirkung und doch besonders sanft, verfeinert die cremige Maske das Hautbild sofort und nachhaltig, reinigt tiefenwirksam und unterstützt die natürliche Erneuerung der Haut.","39,00 €","520,00 € / 1 l",75 ml,Hautpflege,Ein- bis zweimal wöchentlich unter Aussparung der Augen- und Mundpartie auf die gereinigte Gesichtshaut auftragen. Maximal 20 Minuten einwirken lassen und mit warmem Wasser abnehmen. Eine sanfte Massage unterstützt die peelende Wirkung.,"AQUA (WATER), SORBITOL, CETEARYL ALCOHOL, CAPRYLIC/CAPRIC TRIGLYCERIDE, ISOPROPYL PALMITATE, VACCINIUM MACROCARPON (CRANBERRY) FRUIT POWDER, LACTOBACILLUS/PUNICA GRANATUM FRUIT FERMENT EXTRACT, CETEARYL GLUCOSIDE, CETYL PALMITATE, BAMBUSA ARUNDINACEA STEM EXTRACT, COCO-CAPRYLATE/CAPRATE, HYDROGENATED COCO-GLYCERIDES, SODIUM STEAROYL GLUTAMATE, PHENOXYETHANOL, PARFUM (FRAGRANCE), GLYCOLIC ACID, LACTIC ACID, SODIUM MAGNESIUM SILICATE, CITRIC ACID, BENZOIC ACID, LEUCONOSTOC/RADISH ROOT FERMENT FILTRATE, DEHYDROACETIC ACID, XANTHAN GUM, TOCOPHEROL",no,yes,ja
Dermosthétique Peel³ Complex Deep Purifying Mask,en,https://image.labiosthetique.com/i/square-1440/m2-product:dermosth_tique_peel_complex_deep_purifying_mask_266957_75ml_f8a9a1d.jpg/feed-media.jpg,https://www.labiosthetique.de/dermosthetique-peel-complex-deep-purifying-mask,/dermosthetique-peel-complex-deep-purifying-mask,002876,"With its triple exfoliating effect, this particularly gentle, creamy mask refines the complexion instantly and lastingly, cleanses the skin deep down and supports the skin’s natural renewal.","39,00 €","520,00 € / 1 l",75 ml,Skin care,"Apply to the cleansed facial skin, leaving out the eye and mouth areas, once or twice a week. Allow to take effect for no longer than 20 minutes, then remove with warm water. Gently massaging the skin supports the exfoliating effect.","AQUA (WATER), SORBITOL, CETEARYL ALCOHOL, CAPRYLIC/CAPRIC TRIGLYCERIDE, ISOPROPYL PALMITATE, VACCINIUM MACROCARPON (CRANBERRY) FRUIT POWDER, LACTOBACILLUS/PUNICA GRANATUM FRUIT FERMENT EXTRACT, CETEARYL GLUCOSIDE, CETYL PALMITATE, BAMBUSA ARUNDINACEA STEM EXTRACT, COCO-CAPRYLATE/CAPRATE, HYDROGENATED COCO-GLYCERIDES, SODIUM STEAROYL GLUTAMATE, PHENOXYETHANOL, PARFUM (FRAGRANCE), GLYCOLIC ACID, LACTIC ACID, SODIUM MAGNESIUM SILICATE, CITRIC ACID, BENZOIC ACID, LEUCONOSTOC/RADISH ROOT FERMENT FILTRATE, DEHYDROACETIC ACID, XANTHAN GUM, TOCOPHEROL",no,yes,ja
Bürste Denman D83 Large,de,https://image.labiosthetique.com/i/square-1440/m2-product:b_rste_denman_d83_large_247423_1St_ck_5a70155.jpg/feed-media.jpg,https://www.labiosthetique.de/buerste-denman-d83-large,/buerste-denman-d83-large,030312,Die Kulthaarbürste mit Kunststoffborsten und haarschonenden Noppen: ganz sanft zur Kopfhaut und schonend zum Haar.,"19,00 €",0,1 pcs,"Haar- & Kopfhautpflege,Styling","Die Bürste eignet sich, um trockenes wie nasses Haar zu kämmen sowie auch zum Trocknen der Haare: Dafür die Bürste am Haaransatz ansetzen, unter Spannung halten und den Föhn auf den Bürstenkörper richten. Das Haar erst auf hoher Stufe und für einen längeren Halt anschließend kalt föhnen.",keine Angabe,no,no,ja
Brush Denman D83 Large,en,https://image.labiosthetique.com/i/square-1440/m2-product:b_rste_denman_d83_large_247423_1St_ck_5a70155.jpg/feed-media.jpg,https://www.labiosthetique.de/buerste-denman-d83-large,/buerste-denman-d83-large,030312,The cult-status hairbrush with plastic bristles and protective ball ends: very gentle to the scalp and hair.,"19,00 €",0,1 pcs,"Hair & scalp care,Styling","The brush is suitable for combing dry and wet hair, as well as drying hair: Place the brush at the hair roots, hold tight in the hair and direct the hairdryer at the brush body. Blow-dry the hair on a high setting and for longer hold blast it with the cool shot setting.",not specified,no,no,ja
Long Hair Refreshing Dry Shampoo,de,https://image.labiosthetique.com/i/square-1440/m2-product:long_hair_refreshing_dry_shampoo_247295_200ml_6c349ed.jpg/feed-media.jpg,https://www.labiosthetique.de/long-hair-refreshing-dry-shampoo,/long-hair-refreshing-dry-shampoo,120989,"Mit feinstem Reisstärkepuder absorbiert Refresh Dry Shampoo überschüssige Öle. Ansätze und Längen werden auf natürliche Weise aufgefrischt. Das Haar duftet, wirkt locker voluminös und wie frisch gewaschen.","31,00 €","155,00 € / 1 l",200 ml,Haar- & Kopfhautpflege,"Vor dem Gebrauch gut schütteln (bei intensiver Anwendung während des Vorgangs erneut schütteln). Gleichmäßig aus ca. 20 – 30 cm auf den Haaransatz oder strähnige Längen sprühen. Falls erforderlich, einzelne Partien anheben und darunter sprühen. Kurz trocknen lassen, dann den Puder bei Bedarf mit einer Bürste ins Haar einarbeiten. Bei stark öligem Haar den Vorgang wiederholen.","BUTANE, PROPANE, ALCOHOL DENAT., ISOBUTANE, ORYZA SATIVA (RICE) STARCH, PARFUM (FRAGRANCE), TETRAMETHYL ACETYLOCTAHYDRONAPHTHALENES, HEXAMETHYLINDANOPYRAN",yes,no,ja
Long Hair Refreshing Dry Shampoo,en,https://image.labiosthetique.com/i/square-1440/m2-product:long_hair_refreshing_dry_shampoo_247295_200ml_6c349ed.jpg/feed-media.jpg,https://www.labiosthetique.de/long-hair-refreshing-dry-shampoo,/long-hair-refreshing-dry-shampoo,120989,"With the finest rice starch powder, Refresh Dry Shampoo absorbs surplus oils. Roots and lengths are naturally refreshed. The hair smells good, has loose volume and feels freshly washed.","31,00 €","155,00 € / 1 l",200 ml,Hair & scalp care,"Shake well before use (for an intensive application shake again during the process). Evenly spray on to roots or straggly lengths from a distance of approx. 20 – 30 cm. If necessary, lift up individual sections and spray under them. Briefly allow to dry and, if necessary, work the powder into the hair with a brush. Repeat for very oily hair.","BUTANE, PROPANE, ALCOHOL DENAT., ISOBUTANE, ORYZA SATIVA (RICE) STARCH, PARFUM (FRAGRANCE), TETRAMETHYL ACETYLOCTAHYDRONAPHTHALENES, HEXAMETHYLINDANOPYRAN",yes,no,ja
Natural Skin 5/5 Deep Brown,de,https://image.labiosthetique.com/i/square-1440/m2-product:natural_skin_5_5_deep_brown_391035_30ml_a17ad15.jpg/feed-media.jpg,https://www.labiosthetique.de/natural-skin?childSku=4040218842067,/natural-skin?childSku=4040218842067,021731,"Mit mittlerer Deckkraft, feuchtigkeitsspendenden und pflegenden Komponenten schafft die zarte Foundation einen seidig glatten, natürlich ebenmäßigen Teint.","42,50 €",0,30 ml,Make-Up,Nach der Gesichtspflege mit den Fingern oder mit einem Make-up-Schwämmchen oder -Pinsel auftragen und verblenden.,"AQUA (WATER), CI 77891 (TITANIUM DIOXIDE), CAPRYLIC/CAPRIC TRIGLYCERIDE, ETHYLHEXYL SALICYLATE, PENTYLENE GLYCOL, SILICA, ALCOHOL DENAT., SQUALANE, STEARIC ACID, PALMITIC ACID, CI 77492 (IRON OXIDES), GLYCOL STEARATE, MYRISTYL MYRISTATE, CI 77491 (IRON OXIDES), CETEARYL ALCOHOL, SODIUM CETEARYL SULFATE, ETHYLHEXYL PALMITATE, TOCOPHERYL ACETATE, XANTHAN GUM, CI 77499 (IRON OXIDES), PARFUM (FRAGRANCE), HYDROLYZED JOJOBA ESTERS, HELIANTHUS ANNUUS (SUNFLOWER) SEED OIL, MYRISTIC ACID, SODIUM HYDROXIDE, ARACHIDIC ACID, TOCOPHEROL, JOJOBA ESTERS, CITRONELLOL, TRIHYDROXYSTEARIN, DIMETHYL PHENETHYL ACETATE, ALUMINA, MAGNESIUM OXIDE, TERPINEOL, VANILLIN, HEXYL CINNAMAL, ALPHA-ISOMETHYL IONONE, SODIUM HYALURONATE, GLUCOMANNAN",yes,yes,ja
Natural Skin 5/5 Deep Brown,en,https://image.labiosthetique.com/i/square-1440/m2-product:natural_skin_5_5_deep_brown_391035_30ml_a17ad15.jpg/feed-media.jpg,https://www.labiosthetique.de/natural-skin?childSku=4040218842067,/natural-skin?childSku=4040218842067,021731,"With medium coverage, moisturising and conditioning components, the delicate foundation creates a silky smooth, naturally even complexion.","42,50 €",0,30 ml,Make-up,"After face care, apply and blend with the fingers or with a make-up sponge or brush.","AQUA (WATER), CI 77891 (TITANIUM DIOXIDE), CAPRYLIC/CAPRIC TRIGLYCERIDE, ETHYLHEXYL SALICYLATE, PENTYLENE GLYCOL, SILICA, ALCOHOL DENAT., SQUALANE, STEARIC ACID, PALMITIC ACID, CI 77492 (IRON OXIDES), GLYCOL STEARATE, MYRISTYL MYRISTATE, CI 77491 (IRON OXIDES), CETEARYL ALCOHOL, SODIUM CETEARYL SULFATE, ETHYLHEXYL PALMITATE, TOCOPHERYL ACETATE, XANTHAN GUM, CI 77499 (IRON OXIDES), PARFUM (FRAGRANCE), HYDROLYZED JOJOBA ESTERS, HELIANTHUS ANNUUS (SUNFLOWER) SEED OIL, MYRISTIC ACID, SODIUM HYDROXIDE, ARACHIDIC ACID, TOCOPHEROL, JOJOBA ESTERS, CITRONELLOL, TRIHYDROXYSTEARIN, DIMETHYL PHENETHYL ACETATE, ALUMINA, MAGNESIUM OXIDE, TERPINEOL, VANILLIN, HEXYL CINNAMAL, ALPHA-ISOMETHYL IONONE, SODIUM HYALURONATE, GLUCOMANNAN",yes,yes,ja
Revitalising Hydro Toner,de,https://image.labiosthetique.com/i/square-1440/m2-product:revitalising_hydro_toner_382732_250ml_e65b433.jpg/feed-media.jpg,https://www.labiosthetique.de/revitalising-hydro-toner,/revitalising-hydro-toner,004307,"Die vitalisierende Formel mit hautidentischen Feuchtigkeitsbausteinen entspannt die Haut nach der Reinigung, polstert sie auf und bildet die ideale Grundlage für die nachfolgenden Pflegeschritte. Für alle Liebhaber von Visalix Jeunesse wird dies Ihr neues Lieblingsprodukt.","36,50 €","146,00 € / 1 l",250 ml,Hautpflege,"Nach der Reinigung mit Rich Micellar Cleansing Cream auf Gesicht, Hals und Dekolleté auftragen und gleich anschließend mit der gewohnten Pflege fortfahren. Überschüssigen Toner nicht entfernen, sondern mit der nachfolgenden Pflege in die Haut einwirken lassen.","AQUA (WATER), ALCOHOL DENAT., GLYCERIN, SORBITOL, PANTHENOL, SODIUM GLUCONATE, SODIUM LACTATE, SACCHARIDE ISOMERATE, GLUCOMANNAN, CHLORELLA VULGARIS/LUPINUS ALBUS PROTEIN FERMENT, CITRIC ACID, SODIUM CITRATE, SODIUM BENZOATE, POTASSIUM SORBATE, BENZOIC ACID",yes,yes,ja
Revitalising Hydro Toner,en,https://image.labiosthetique.com/i/square-1440/m2-product:revitalising_hydro_toner_382732_250ml_e65b433.jpg/feed-media.jpg,https://www.labiosthetique.de/revitalising-hydro-toner,/revitalising-hydro-toner,004307,"The revitalising formula with skin-identical moisturising components relaxes the skin after cleansing, plumps it up and forms the ideal basis for the subsequent care steps. For all lovers of Visalix Jeunesse this will be your new favorite product.","36,50 €","146,00 € / 1 l",250 ml,Skin care,"After cleansing with Rich Micellar Cleansing Cream, apply to the face, neck and décolleté and continue with your usual skin care routine immediately afterwards. Do not remove excess toner, but allow it to work into the skin with the subsequent skin care product.","AQUA (WATER), ALCOHOL DENAT., GLYCERIN, SORBITOL, PANTHENOL, SODIUM GLUCONATE, SODIUM LACTATE, SACCHARIDE ISOMERATE, GLUCOMANNAN, CHLORELLA VULGARIS/LUPINUS ALBUS PROTEIN FERMENT, CITRIC ACID, SODIUM CITRATE, SODIUM BENZOATE, POTASSIUM SORBATE, BENZOIC ACID",yes,yes,ja
Homme Energising Scalp Tonic,de,https://image.labiosthetique.com/i/square-1440/m2-product:homme_energising_scalp_tonic_412815_150ml_edb4919.jpg/feed-media.jpg,https://www.labiosthetique.de/homme-energising-scalp-tonic,/homme-energising-scalp-tonic,003315,"Die kühlende Lotion belebt die Kopfhaut, aktiviert ihre natürlichen Funktionen und unterstützt so Haarwachstum und Haardichte – für ein frisches, vitales Kopfhautgefühl.","21,00 €","140,00 € / 1 l",150 ml,Haar- & Kopfhautpflege,Nach der Haarwäsche scheitelweise auf die Kopfhaut applizieren. Nicht ausspülen.,"ALCOHOL DENAT., AQUA (WATER), CAFFEINE, PARFUM (FRAGRANCE), MENTHOL, TETRAMETHYL ACETYLOCTAHYDRONAPHTHALENES, MENTHYL LACTATE, PENTYLENE GLYCOL, MAGNESIUM ASPARTATE, ZINC GLUCONATE, LINALOOL, LIMONENE, GLYCERIN, LINALYL ACETATE, PINENE, CITRUS AURANTIUM BERGAMIA (BERGAMOT) PEEL OIL, CITRUS AURANTIUM PEEL OIL, GERANIOL, COPPER GLUCONATE, LAVANDULA OIL/EXTRACT, CITRUS LIMON PEEL OIL, TERPINEOL, COUMARIN, CITRAL, BETA-CARYOPHYLLENE, PHENOXYETHANOL, SODIUM CARRAGEENAN, JANIA RUBENS EXTRACT, ETHYLHEXYLGLYCERIN",yes,yes,ja
Homme Energising Scalp Tonic,en,https://image.labiosthetique.com/i/square-1440/m2-product:homme_energising_scalp_tonic_412815_150ml_edb4919.jpg/feed-media.jpg,https://www.labiosthetique.de/homme-energising-scalp-tonic,/homme-energising-scalp-tonic,003315,"The cooling lotion invigorates the scalp, activates its natural functions and therefore supports hair growth and hair density – for a scalp that feels fresh and healthy.","21,00 €","140,00 € / 1 l",150 ml,Hair & scalp care,"After washing the hair, apply to the scalp along the parting. Do not rinse out.","ALCOHOL DENAT., AQUA (WATER), CAFFEINE, PARFUM (FRAGRANCE), MENTHOL, TETRAMETHYL ACETYLOCTAHYDRONAPHTHALENES, MENTHYL LACTATE, PENTYLENE GLYCOL, MAGNESIUM ASPARTATE, ZINC GLUCONATE, LINALOOL, LIMONENE, GLYCERIN, LINALYL ACETATE, PINENE, CITRUS AURANTIUM BERGAMIA (BERGAMOT) PEEL OIL, CITRUS AURANTIUM PEEL OIL, GERANIOL, COPPER GLUCONATE, LAVANDULA OIL/EXTRACT, CITRUS LIMON PEEL OIL, TERPINEOL, COUMARIN, CITRAL, BETA-CARYOPHYLLENE, PHENOXYETHANOL, SODIUM CARRAGEENAN, JANIA RUBENS EXTRACT, ETHYLHEXYLGLYCERIN",yes,yes,ja
Spa Relaxing Body Wash ,de,https://image.labiosthetique.com/i/square-1440/m2-product:spa_relaxing_body_wash_329695_250ml_ad112a5.jpg/feed-media.jpg,https://www.labiosthetique.de/spa-relaxing-body-wash?childSku=4040218855166,/spa-relaxing-body-wash?childSku=4040218855166,002246,Entspannende Reinigung für den Körper,"25,00 €","100,00 € / 1 l",250 ml,Hautpflege,"Mit den Händen oder einem Waschhandschuh auf der angefeuchteten Haut verteilen, aufschäumen und mit warmem Wasser abspülen.","AQUA (WATER), LAURYL GLUCOSIDE , SODIUM LAURETH SULFATE, SODIUM LAUROYL OAT AMINO ACIDS, PARFUM (FRAGRANCE), BETAINE, HYDROXYPROPYL GUAR HYDROXYPROPYLTRIMONIUM CHLORIDE, FRUCTOOLIGOSACCHARIDES, ALPHA-GLUCAN OLIGOSACCHARIDE, BETA VULGARIS (BEET) ROOT EXTRACT, INULIN, MARIS SAL (SEA SALT), PHENOXYETHANOL, SODIUM BENZOATE, SODIUM GLUCONATE, SODIUM LACTATE, COCO-GLUCOSIDE , GLYCERYL OLEATE, LACTIC ACID, TETRAMETHYL ACETYLOCTAHYDRONAPHTHALENES, TROMETHAMINE, LIMONENE, SODIUM CITRATE, BENZOIC ACID, CITRUS LIMON PEEL OIL, SODIUM POLYPHOSPHATE, CITRUS AURANTIUM PEEL OIL, DEHYDROACETIC ACID, CITRIC ACID, POTASSIUM LACTATE, TETRASODIUM EDTA, PINENE, CITRAL, ETHYLHEXYLGLYCERIN, TOCOPHEROL, HYDROGENATED VEGETABLE GLYCERIDES CITRATE, LECITHIN, ASCORBYL PALMITATE",yes,no,ja
Spa Relaxing Body Wash ,en,https://image.labiosthetique.com/i/square-1440/m2-product:spa_relaxing_body_wash_329695_250ml_ad112a5.jpg/feed-media.jpg,https://www.labiosthetique.de/spa-relaxing-body-wash?childSku=4040218855166,/spa-relaxing-body-wash?childSku=4040218855166,002246,Relaxing cleansing for the body,"25,00 €","100,00 € / 1 l",250 ml,Skin care,"Distribute on moistened skin with the hands or a washing mitt, lather and then rinse off with warm water.","AQUA (WATER), LAURYL GLUCOSIDE , SODIUM LAURETH SULFATE, SODIUM LAUROYL OAT AMINO ACIDS, PARFUM (FRAGRANCE), BETAINE, HYDROXYPROPYL GUAR HYDROXYPROPYLTRIMONIUM CHLORIDE, FRUCTOOLIGOSACCHARIDES, ALPHA-GLUCAN OLIGOSACCHARIDE, BETA VULGARIS (BEET) ROOT EXTRACT, INULIN, MARIS SAL (SEA SALT), PHENOXYETHANOL, SODIUM BENZOATE, SODIUM GLUCONATE, SODIUM LACTATE, COCO-GLUCOSIDE , GLYCERYL OLEATE, LACTIC ACID, TETRAMETHYL ACETYLOCTAHYDRONAPHTHALENES, TROMETHAMINE, LIMONENE, SODIUM CITRATE, BENZOIC ACID, CITRUS LIMON PEEL OIL, SODIUM POLYPHOSPHATE, CITRUS AURANTIUM PEEL OIL, DEHYDROACETIC ACID, CITRIC ACID, POTASSIUM LACTATE, TETRASODIUM EDTA, PINENE, CITRAL, ETHYLHEXYLGLYCERIN, TOCOPHEROL, HYDROGENATED VEGETABLE GLYCERIDES CITRATE, LECITHIN, ASCORBYL PALMITATE",yes,no,ja
Sensual Lipstick Brilliant B242 Choco Sorbet,de,https://image.labiosthetique.com/i/square-1440/m2-product:sensual_lipstick_brilliant_b242_choco_sorbet_378673_3_3g_c77b7fc.jpg/feed-media.jpg,https://www.labiosthetique.de/sensual-lipstick-brilliant?childSku=4040218869866,/sensual-lipstick-brilliant?childSku=4040218869866,019955,Der Lippenstift pflegt mit wertvollen Ölen und sorgt für einen filmreifen Kussmund.,"26,50 €",0,"3,3 g",Make-Up,Sensual Lipstick Brilliant einfach auf die Lippen auftragen und schimmern. Ein Lippenpinsel sorgt für ein noch präziseres Ergebnis. Durch sanftes Nachziehen der Lippenkontur in einem farblich auf den Lippenstift abgestimmten Konturenstift lässt sich die brillante Farbwirkung intensivieren.,"POLYGLYCERYL-2 TRIISOSTEARATE, CAPRYLIC/CAPRIC TRIGLYCERIDE, MICA, HELIANTHUS ANNUUS (SUNFLOWER) SEED WAX, CANDELILLA CERA (EUPHORBIA CERIFERA WAX), CI 77491 (IRON OXIDES), CI 77891 (TITANIUM DIOXIDE), CI 77499 (IRON OXIDES), ETHYL VANILLIN, PENTAERYTHRITYL TETRA-DI-T-BUTYL HYDROXYHYDROCINNAMATE, AROMA (FLAVOR), SILICA, ASCORBYL PALMITATE, HELIANTHUS ANNUUS (SUNFLOWER) SEED OIL, TOCOPHEROL, CI 77492 (IRON OXIDES), DISTEARDIMONIUM HECTORITE, POLYHYDROXYSTEARIC ACID",yes,yes,ja
Sensual Lipstick Brilliant B242 Choco Sorbet,en,https://image.labiosthetique.com/i/square-1440/m2-product:sensual_lipstick_brilliant_b242_choco_sorbet_378673_3_3g_c77b7fc.jpg/feed-media.jpg,https://www.labiosthetique.de/sensual-lipstick-brilliant?childSku=4040218869866,/sensual-lipstick-brilliant?childSku=4040218869866,019955,The lipstick contains high-quality conditioning oils for a film star pout.,"26,50 €",0,"3,3 g",Make-up,Simply apply Sensual Lipstick Brilliant to the lips for shimmering shine. A lip brush provides a more precise application. Gently outline the lip line with a lip liner to match the colour of the lipstick for more intense colour brilliance.,"POLYGLYCERYL-2 TRIISOSTEARATE, CAPRYLIC/CAPRIC TRIGLYCERIDE, MICA, HELIANTHUS ANNUUS (SUNFLOWER) SEED WAX, CANDELILLA CERA (EUPHORBIA CERIFERA WAX), CI 77491 (IRON OXIDES), CI 77891 (TITANIUM DIOXIDE), CI 77499 (IRON OXIDES), ETHYL VANILLIN, PENTAERYTHRITYL TETRA-DI-T-BUTYL HYDROXYHYDROCINNAMATE, AROMA (FLAVOR), SILICA, ASCORBYL PALMITATE, HELIANTHUS ANNUUS (SUNFLOWER) SEED OIL, TOCOPHEROL, CI 77492 (IRON OXIDES), DISTEARDIMONIUM HECTORITE, POLYHYDROXYSTEARIC ACID",yes,yes,ja
Sensual Lipstick Glossy G334 Lavender Pink,de,https://image.labiosthetique.com/i/square-1440/m2-product:sensual_lipstick_glossy_g334_lavender_pink_388835_3_3g_2815ba7.jpg/feed-media.jpg,https://www.labiosthetique.de/sensual-lipstick-glossy?childSku=4040218875966,/sensual-lipstick-glossy?childSku=4040218875966,019202,Der Gloss-Lippenstift pflegt mit wertvollen Ölen und sorgt für einen hauchzarten Lip-Catcher.,"26,50 €","8,03 € / 1 g","3,3 g",Make-Up,Sensual Lipstick Glossy einfach auf die Lippen auftragen und glänzen. Durch sanftes Nachziehen der Lippenkontur in einem farblich auf den Gloss-Lippenstift abgestimmten Konturenstift lässt sich die zarte Farbwirkung intensivieren.,"CAPRYLIC/CAPRIC TRIGLYCERIDE, POLYGLYCERYL-2 TRIISOSTEARATE, CANDELILLA CERA (EUPHORBIA CERIFERA WAX), BIS-DIGLYCERYL POLYACYLADIPATE-2, SYNTHETIC WAX, CI 77891 (TITANIUM DIOXIDE), ETHYLENE/PROPYLENE COPOLYMER, CI 77492 (IRON OXIDES), CI 15850 (RED 7 LAKE), AROMA (FLAVOR), SILICA, CI 42090 (BLUE 1 LAKE), LECITHIN, TOCOPHEROL, ASCORBYL PALMITATE, BENZYL ALCOHOL, CITRIC ACID, DISTEARDIMONIUM HECTORITE, POLYHYDROXYSTEARIC ACID, CALCIUM SODIUM BOROSILICATE, TIN OXIDE",yes,yes,ja
Sensual Lipstick Glossy G334 Lavender Pink,en,https://image.labiosthetique.com/i/square-1440/m2-product:sensual_lipstick_glossy_g334_lavender_pink_388835_3_3g_2815ba7.jpg/feed-media.jpg,https://www.labiosthetique.de/sensual-lipstick-glossy?childSku=4040218875966,/sensual-lipstick-glossy?childSku=4040218875966,019202,The gloss lipstick contains high-quality conditioning oils for delicately eyecatching lips.,"26,50 €","8,03 € / 1 g","3,3 g",Make-up,Simply apply Sensual Lipstick Glossy to the lips for stunning shine. Gently outline the lip line with a lip liner to match the colour of the glossy lipstick for a more intense colour effect.,"CAPRYLIC/CAPRIC TRIGLYCERIDE, POLYGLYCERYL-2 TRIISOSTEARATE, CANDELILLA CERA (EUPHORBIA CERIFERA WAX), BIS-DIGLYCERYL POLYACYLADIPATE-2, SYNTHETIC WAX, CI 77891 (TITANIUM DIOXIDE), ETHYLENE/PROPYLENE COPOLYMER, CI 77492 (IRON OXIDES), CI 15850 (RED 7 LAKE), AROMA (FLAVOR), SILICA, CI 42090 (BLUE 1 LAKE), LECITHIN, TOCOPHEROL, ASCORBYL PALMITATE, BENZYL ALCOHOL, CITRIC ACID, DISTEARDIMONIUM HECTORITE, POLYHYDROXYSTEARIC ACID, CALCIUM SODIUM BOROSILICATE, TIN OXIDE",yes,yes,ja
Homme Eau de Toilette,de,https://image.labiosthetique.com/i/square-1440/m2-product:homme_eau_de_toilette_409748_50ml_eefda43.jpg/feed-media.jpg,https://www.labiosthetique.de/eau-de-toilette-homme-1,/eau-de-toilette-homme-1,003775,"Das maskuline Eau de Toilette ist ein faszinierendes Zusammenspiel aus kraftvollen, weichen und erdigen Duftkomponenten.","68,50 €","1.370,00 € / 1 l",50 ml,Hautpflege,"Aus etwa 20 cm Entfernung auf die Pulspunkte an Handgelenken, Hals oder Nacken sprühen.","ALCOHOL DENAT. , PARFUM (FRAGRANCE), AQUA (WATER), TETRAMETHYL ACETYLOCTAHYDRONAPHTHALENES, LIMONENE, CITRUS AURANTIUM BERGAMIA (BERGAMOT) PEEL OIL, LINALYL ACETATE, CITRUS LIMON (LEMON) PEEL OIL, PINENE, BENZYL SALICYLATE, LINALOOL, CITRAL, COUMARIN, BETA-CARYOPHYLLENE, TERPINEOL, HEXADECANOLACTONE, BENZYL BENZOATE, GERANYL ACETATE, TERPINOLENE, CITRUS AURANTIUM PEEL OIL, ROSE KETONES, ALPHA-TERPINENE, GERANIOL, CITRONELLOL, SCLAREOL, ETHYLHEXYL METHOXYCINNAMATE, BUTYL METHOXYDIBENZOYLMETHANE, ETHYLHEXYL SALICYLATE",no,no,ja
Homme Eau de Toilette,en,https://image.labiosthetique.com/i/square-1440/m2-product:homme_eau_de_toilette_409748_50ml_eefda43.jpg/feed-media.jpg,https://www.labiosthetique.de/eau-de-toilette-homme-1,/eau-de-toilette-homme-1,003775,"The masculine eau de toilette is a fascinating composition of powerful, soft and elegant scent components.","68,50 €","1.370,00 € / 1 l",50 ml,Skin care,"Spray onto the pulse points on the wrists, neck or nape from a distance of approximately 20 cm.","ALCOHOL DENAT. , PARFUM (FRAGRANCE), AQUA (WATER), TETRAMETHYL ACETYLOCTAHYDRONAPHTHALENES, LIMONENE, CITRUS AURANTIUM BERGAMIA (BERGAMOT) PEEL OIL, LINALYL ACETATE, CITRUS LIMON (LEMON) PEEL OIL, PINENE, BENZYL SALICYLATE, LINALOOL, CITRAL, COUMARIN, BETA-CARYOPHYLLENE, TERPINEOL, HEXADECANOLACTONE, BENZYL BENZOATE, GERANYL ACETATE, TERPINOLENE, CITRUS AURANTIUM PEEL OIL, ROSE KETONES, ALPHA-TERPINENE, GERANIOL, CITRONELLOL, SCLAREOL, ETHYLHEXYL METHOXYCINNAMATE, BUTYL METHOXYDIBENZOYLMETHANE, ETHYLHEXYL SALICYLATE",no,no,ja
Belesthétique The Supreme Lifting Cream,de,https://image.labiosthetique.com/i/square-1440/m2-product:belesth_tique_the_supreme_lifting_cream_413177_50ml_8990098.jpg/feed-media.jpg,https://www.labiosthetique.de/belesthetique-the-supreme-lifting-cream,/belesthetique-the-supreme-lifting-cream,002085,The Supreme Lifting Cream – für eine jugendlich definierte Gesichtskontur und natürlichen Glow. Modernste Anti-Aging-Technologie verbindet sich mit der Kraft ausgewählter Wirkstoffe. Die luxuriöse Textur erhöht die Hautfestigkeit und ist für alle Hauttypen geeignet.,"195,00 €","3.900,00 € / 1 l",50 ml,Hautpflege,"Die hochwirksame Gesichtspflege wird auf Gesicht, Hals und Dekolleté aufgetragen und leicht einmassiert. The Supreme Lifting Cream ist als Tages- und Nachtpflege geeignet.","AQUA (WATER), GLYCERIN, SQUALANE, CETEARYL ETHYLHEXANOATE, HYDROGENATED COCO-GLYCERIDES, SACCHARIDE ISOMERATE, CETEARYL ALCOHOL, CETEARYL GLUCOSIDE, BUTYROSPERMUM PARKII (SHEA) BUTTER, HELIANTHUS ANNUUS (SUNFLOWER) SEED OIL, BUTYLENE GLYCOL, CARYODENDRON ORINOCENSE SEED OIL, RICINUS COMMUNIS (CASTOR) SEED OIL, PENTAERYTHRITYL DISTEARATE, POTASSIUM CETYL PHOSPHATE, PHENOXYETHANOL, PARFUM (FRAGRANCE), CERAMIDE NG, ISOPROPYL MYRISTATE, XANTHAN GUM, SILK, TETRAMETHYL ACETYLOCTAHYDRONAPHTHALENES, HYDROLYZED VEGETABLE PROTEIN, LUPINUS ALBUS SEED EXTRACT, BENZOIC ACID, IRIS FLORENTINA ROOT EXTRACT, TOCOPHEROL, LEUCONOSTOC/RADISH ROOT FERMENT FILTRATE, DEHYDROACETIC ACID, SORBITOL, 1,2-HEXANEDIOL, CAPRYLYL GLYCOL, CITRIC ACID, SODIUM CITRATE, LIMONENE, CITRUS AURANTIUM BERGAMIA (BERGAMOT) PEEL OIL, LINALOOL, PROPANEDIOL, CITRUS LIMON PEEL OIL, LINALYL ACETATE, CITRONELLOL, PINENE, TERPINEOL, GERANIOL, ASCORBIC ACID, GOLD, GLUTATHIONE",yes,yes,nein
Belesthétique The Supreme Lifting Cream,en,https://image.labiosthetique.com/i/square-1440/m2-product:belesth_tique_the_supreme_lifting_cream_413177_50ml_8990098.jpg/feed-media.jpg,https://www.labiosthetique.de/belesthetique-the-supreme-lifting-cream,/belesthetique-the-supreme-lifting-cream,002085,"The Supreme Lifting Cream – for youthful, defined facial contours and a natural glow. A state-of-the-art anti-aging technology combined with the power of selected active ingredients. The luxurious texture increases skin firmness and is suitable for all skin types.","195,00 €","3.900,00 € / 1 l",50 ml,Skin care,"Apply the highly effective facial care product to the face, neck and décolleté and lightly massage it in. The Supreme Lifting Cream is suitable for use as a day and night care product.","AQUA (WATER), GLYCERIN, SQUALANE, CETEARYL ETHYLHEXANOATE, HYDROGENATED COCO-GLYCERIDES, SACCHARIDE ISOMERATE, CETEARYL ALCOHOL, CETEARYL GLUCOSIDE, BUTYROSPERMUM PARKII (SHEA) BUTTER, HELIANTHUS ANNUUS (SUNFLOWER) SEED OIL, BUTYLENE GLYCOL, CARYODENDRON ORINOCENSE SEED OIL, RICINUS COMMUNIS (CASTOR) SEED OIL, PENTAERYTHRITYL DISTEARATE, POTASSIUM CETYL PHOSPHATE, PHENOXYETHANOL, PARFUM (FRAGRANCE), CERAMIDE NG, ISOPROPYL MYRISTATE, XANTHAN GUM, SILK, TETRAMETHYL ACETYLOCTAHYDRONAPHTHALENES, HYDROLYZED VEGETABLE PROTEIN, LUPINUS ALBUS SEED EXTRACT, BENZOIC ACID, IRIS FLORENTINA ROOT EXTRACT, TOCOPHEROL, LEUCONOSTOC/RADISH ROOT FERMENT FILTRATE, DEHYDROACETIC ACID, SORBITOL, 1,2-HEXANEDIOL, CAPRYLYL GLYCOL, CITRIC ACID, SODIUM CITRATE, LIMONENE, CITRUS AURANTIUM BERGAMIA (BERGAMOT) PEEL OIL, LINALOOL, PROPANEDIOL, CITRUS LIMON PEEL OIL, LINALYL ACETATE, CITRONELLOL, PINENE, TERPINEOL, GERANIOL, ASCORBIC ACID, GOLD, GLUTATHIONE",yes,yes,nein
Brilliant Nail Finish,de,https://image.labiosthetique.com/i/square-1440/m2-product:brilliant_nail_finish_325345_9ml_1bbfb3c.jpg/feed-media.jpg,https://www.labiosthetique.de/brilliant-nail-finish,/brilliant-nail-finish,020999,Brilliant Nail Finish lässt Nägel schneller trocknen und verpasst Händen wie Füßen ein perfektes Finish.,"18,50 €",0,9 ml,Make-Up,Nach dem Auftragen und Antrocknen von Nagellack bzw. Top Coat den Pinsel mit Brilliant Nail Finish ganz leicht und flach auf den Nagel auflegen. Verteilt sich sofort über den ganzen Nagel. Fertig ist der Lack.,"C11-14 ISOPARAFFIN, PARAFFINUM LIQUIDUM (MINERAL OIL), DISILOXANE",no,yes,ja
Brilliant Nail Finish,en,https://image.labiosthetique.com/i/square-1440/m2-product:brilliant_nail_finish_325345_9ml_1bbfb3c.jpg/feed-media.jpg,https://www.labiosthetique.de/brilliant-nail-finish,/brilliant-nail-finish,020999,Brilliant Nail Finish makes nails dry faster and gives hands and feet a perfect finish.,"18,50 €",0,9 ml,Make-up,"After application and drying of your nail polish and/or top coat, lightly and flatly place the brush of Brilliant Nail Finish on the nail. Instantly distributes itself over the whole nail. And your polish is complete.","C11-14 ISOPARAFFIN, PARAFFINUM LIQUIDUM (MINERAL OIL), DISILOXANE",no,yes,ja
Frizz Control Smoothing Shampoo,de,https://image.labiosthetique.com/i/square-1440/m2-product:frizz_control_smoothing_shampoo_247253_250ml_9237cf5.jpg/feed-media.jpg,https://www.labiosthetique.de/frizz-control-smoothing-shampoo,/frizz-control-smoothing-shampoo,120601,"Smoothing Shampoo beruhigt unruhiges Haar bereits während der Wäsche, bändigt seine Textur und schützt vor äußeren Einflüssen.","26,50 €","106,00 € / 1 l",250 ml,Haar- & Kopfhautpflege,Smoothing Shampoo gleichmäßig im Haar und auf der Kopfhaut verteilen und sanft einmassieren. Anschließend gründlich ausspülen.,"AQUA (WATER), SODIUM LAURETH SULFATE, DISODIUM COCOAMPHODIACETATE , SODIUM CHLORIDE, GLYCERIN, PEG-40 HYDROGENATED CASTOR OIL, PROPYLENE GLYCOL, PARFUM (FRAGRANCE), POLYQUATERNIUM-10, LAURETH-3, SODIUM BENZOATE, PEG-7 GLYCERYL COCOATE, PANTHENOL, PEG-150 PENTAERYTHRITYL TETRASTEARATE, PRUNUS AMYGDALUS DULCIS (SWEET ALMOND) OIL, TETRAMETHYL ACETYLOCTAHYDRONAPHTHALENES, BENZOIC ACID, HEXAMETHYLINDANOPYRAN, POLYSORBATE 20, BENZYL SALICYLATE, LIMONENE, ALPHA-ISOMETHYL IONONE, CITRONELLOL, SODIUM ACETATE, CITRIC ACID, ISOPROPYL ALCOHOL",yes,yes,ja
Frizz Control Smoothing Shampoo,en,https://image.labiosthetique.com/i/square-1440/m2-product:frizz_control_smoothing_shampoo_247253_250ml_9237cf5.jpg/feed-media.jpg,https://www.labiosthetique.de/frizz-control-smoothing-shampoo,/frizz-control-smoothing-shampoo,120601,"Smoothing Shampoo calms your hair as you wash, tames its texture, and protects it from external influences.","26,50 €","106,00 € / 1 l",250 ml,Hair & scalp care,"Evenly distribute Smoothing Shampoo on to hair and scalp, and gently massage in. Then rinse thoroughly.","AQUA (WATER), SODIUM LAURETH SULFATE, DISODIUM COCOAMPHODIACETATE , SODIUM CHLORIDE, GLYCERIN, PEG-40 HYDROGENATED CASTOR OIL, PROPYLENE GLYCOL, PARFUM (FRAGRANCE), POLYQUATERNIUM-10, LAURETH-3, SODIUM BENZOATE, PEG-7 GLYCERYL COCOATE, PANTHENOL, PEG-150 PENTAERYTHRITYL TETRASTEARATE, PRUNUS AMYGDALUS DULCIS (SWEET ALMOND) OIL, TETRAMETHYL ACETYLOCTAHYDRONAPHTHALENES, BENZOIC ACID, HEXAMETHYLINDANOPYRAN, POLYSORBATE 20, BENZYL SALICYLATE, LIMONENE, ALPHA-ISOMETHYL IONONE, CITRONELLOL, SODIUM ACETATE, CITRIC ACID, ISOPROPYL ALCOHOL",yes,yes,ja
Colour Protection Shine Restoring Conditioner,de,https://image.labiosthetique.com/i/square-1440/m2-product:colour_protection_shine_restoring_conditioner_247173_150ml_5fa29be.jpg/feed-media.jpg,https://www.labiosthetique.de/colour-protection-shine-restoring-conditioner?childSku=4040218849264,/colour-protection-shine-restoring-conditioner?childSku=4040218849264,120822,"Ohne zu beschweren, entwirrt und pflegt der Conditioner chemisch behandeltes Haar, schließt Farbpigmente im Haarinneren ein, schützt vor negativen Umwelteinflüssen und sorgt für Geschmeidigkeit, Farbbrillanz und Glanz.","30,50 €","203,33 € / 1 l",150 ml,Haar- & Kopfhautpflege,Nach der Wäsche im feuchten Haar verteilen und 2-5 Minuten einwirken lassen. Anschließend gut ausspülen.,"AQUA (WATER), CETEARYL ALCOHOL, CAPRYLIC/CAPRIC TRIGLYCERIDE, SIMMONDSIA CHINENSIS (JOJOBA) SEED OIL, SQUALANE, BEHENTRIMONIUM METHOSULFATE, CETRIMONIUM CHLORIDE, 1,2-HEXANEDIOL, CAPRYLYL GLYCOL, PARFUM (FRAGRANCE), BUTYLENE GLYCOL, CETEARYL ISONONANOATE, HYDROXYPROPYL OXIDIZED STARCH PG-TRIMONIUM CHLORIDE, TRITICUM VULGARE GERM OIL, TETRAMETHYL ACETYLOCTAHYDRONAPHTHALENES, STARCH HYDROXYPROPYLTRIMONIUM CHLORIDE, LINOLEIC ACID, PANTHENOL, LACTIC ACID, SODIUM LACTATE, LIMONENE, CITRUS AURANTIUM BERGAMIA (BERGAMOT) PEEL OIL, LINALOOL, SODIUM CHLORIDE, UREA, TRITICUM VULGARE (WHEAT) BRAN EXTRACT, TRITICUM VULGARE GERM EXTRACT, CITRIC ACID, CRAMBE MARITIMA LEAF EXTRACT, LINALYL ACETATE, GLYCERIN, CAMELLIA OLEIFERA SEED OIL, LEVULINIC ACID, TOCOPHERYL ACETATE, P-ANISIC ACID, TOCOPHEROL",yes,yes,ja
Colour Protection Shine Restoring Conditioner,en,https://image.labiosthetique.com/i/square-1440/m2-product:colour_protection_shine_restoring_conditioner_247173_150ml_5fa29be.jpg/feed-media.jpg,https://www.labiosthetique.de/colour-protection-shine-restoring-conditioner?childSku=4040218849264,/colour-protection-shine-restoring-conditioner?childSku=4040218849264,120822,"Without weighing it down, the conditioner detangles and conditions chemically treated hair, seals colour pigments inside the hair, protects the hair against negative environmental influences and gives it softness, colour brilliance and shine.","30,50 €","203,33 € / 1 l",150 ml,Hair & scalp care,"After washing, distribute into damp hair and leave in for 2–5 minutes before rinsing out thoroughly.","AQUA (WATER), CETEARYL ALCOHOL, CAPRYLIC/CAPRIC TRIGLYCERIDE, SIMMONDSIA CHINENSIS (JOJOBA) SEED OIL, SQUALANE, BEHENTRIMONIUM METHOSULFATE, CETRIMONIUM CHLORIDE, 1,2-HEXANEDIOL, CAPRYLYL GLYCOL, PARFUM (FRAGRANCE), BUTYLENE GLYCOL, CETEARYL ISONONANOATE, HYDROXYPROPYL OXIDIZED STARCH PG-TRIMONIUM CHLORIDE, TRITICUM VULGARE GERM OIL, TETRAMETHYL ACETYLOCTAHYDRONAPHTHALENES, STARCH HYDROXYPROPYLTRIMONIUM CHLORIDE, LINOLEIC ACID, PANTHENOL, LACTIC ACID, SODIUM LACTATE, LIMONENE, CITRUS AURANTIUM BERGAMIA (BERGAMOT) PEEL OIL, LINALOOL, SODIUM CHLORIDE, UREA, TRITICUM VULGARE (WHEAT) BRAN EXTRACT, TRITICUM VULGARE GERM EXTRACT, CITRIC ACID, CRAMBE MARITIMA LEAF EXTRACT, LINALYL ACETATE, GLYCERIN, CAMELLIA OLEIFERA SEED OIL, LEVULINIC ACID, TOCOPHERYL ACETATE, P-ANISIC ACID, TOCOPHEROL",yes,yes,ja
Automatic Pencil for Lips LL38 Pecan,de,https://image.labiosthetique.com/i/square-1440/m2-product:automatic_pencil_for_lips_ll38_pecan_407259_0_35g_2e3422c.jpg/feed-media.jpg,https://www.labiosthetique.de/automatic-pencil-for-lips?childSku=4040218864564,/automatic-pencil-for-lips?childSku=4040218864564,019036,"Der wasserfeste Lippenkonturen-Stift zaubert wunderschöne, definierte Lippen.","25,00 €",0,"0,35 g",Make-Up,Den Stift aus der Automatikhülle herausdrehen und die Lippenkontur sanft nachziehen oder nuancieren. Achtung: der Stift kann nicht zurückgedreht werden!,"SYNTHETIC WAX, ISODODECANE, HYDROGENATED POLYCYCLOPENTADIENE, MICA, CI 77891 (TITANIUM DIOXIDE), CI 77491 (IRON OXIDES), POLYGLYCERYL-10 PENTAISOSTEARATE, HYDROGENATED POLY(C6-14 OLEFIN), HYDROGENATED POLYDECENE, HYDROGENATED POLYISOBUTENE, POLYBUTENE, DISTEARDIMONIUM HECTORITE, CI 75470 (CARMINE), PROPYLENE CARBONATE, POLYETHYLENE, PENTAERYTHRITYL TETRA-DI-T-BUTYL HYDROXYHYDROCINNAMATE, CI 77499 (IRON OXIDES)",no,no,ja
Automatic Pencil for Lips LL38 Pecan,en,https://image.labiosthetique.com/i/square-1440/m2-product:automatic_pencil_for_lips_ll38_pecan_407259_0_35g_2e3422c.jpg/feed-media.jpg,https://www.labiosthetique.de/automatic-pencil-for-lips?childSku=4040218864564,/automatic-pencil-for-lips?childSku=4040218864564,019036,The waterproof lip liner creates wonderfully defined lips.,"25,00 €",0,"0,35 g",Make-up,Twist the liner out of the automatic case and gently outline or shade the lip line. Caution: you cannot twist the liner back into the case!,"SYNTHETIC WAX, ISODODECANE, HYDROGENATED POLYCYCLOPENTADIENE, MICA, CI 77891 (TITANIUM DIOXIDE), CI 77491 (IRON OXIDES), POLYGLYCERYL-10 PENTAISOSTEARATE, HYDROGENATED POLY(C6-14 OLEFIN), HYDROGENATED POLYDECENE, HYDROGENATED POLYISOBUTENE, POLYBUTENE, DISTEARDIMONIUM HECTORITE, CI 75470 (CARMINE), PROPYLENE CARBONATE, POLYETHYLENE, PENTAERYTHRITYL TETRA-DI-T-BUTYL HYDROXYHYDROCINNAMATE, CI 77499 (IRON OXIDES)",no,no,ja
Eyeshadow Pen Moonlight,de,https://image.labiosthetique.com/i/square-1440/m2-product:eyeshadow_pen_moonlight_418573_1_4g_5dff219.jpg/feed-media.jpg,https://www.labiosthetique.de/eyeshadow-pen?childSku=4040218895964,/eyeshadow-pen?childSku=4040218895964,016378,"Als Lidschatten oder Eyeliner anwendbar: Eyeshadow Pen mit cremig weicher Textur, die sich einfach auftragen und verblenden lässt","23,50 €",0,"1,4 g",Make-Up,Den Eyeshadow Pen als Lidschatten auf das gesamte Oberlid oder als Eyeliner entlang des Wimpernkranzes auftragen. Mit den Fingern oder einem Pinsel lässt sich die Farbe auch einfach verblenden. Tipp: Für Smokey Eyes den Lidschatten am äußeren Lidrand intensiver auftragen und nach oben hin verblenden.,"DIMETHICONE, SILICA, ISOAMYL COCOATE, SYNTHETIC FLUORPHLOGOPITE, SUCROSE TETRASTEARATE TRIACETATE, MICA, POLYBUTENE, CI 77007 (ULTRAMARINES), CI 77891 (TITANIUM DIOXIDE), HYDROGENATED JOJOBA OIL, SYNTHETIC WAX, TRIMETHYLSILOXYSILICATE/DIMETHICONOL CROSSPOLYMER, GLYCERYL CAPRYLATE, SILICA SILYLATE, CI 77492 (IRON OXIDES), CI 77499 (IRON OXIDES), PENTAERYTHRITYL TETRA-DI-T-BUTYL HYDROXYHYDROCINNAMATE, TIN OXIDE, CI 77491 (IRON OXIDES), ETHYLENE/METHACRYLATE COPOLYMER, ISOPROPYL TITANIUM TRIISOSTEARATE/METHICONE CROSSPOLYMER",no,yes,ja
Eyeshadow Pen Moonlight,en,https://image.labiosthetique.com/i/square-1440/m2-product:eyeshadow_pen_moonlight_418573_1_4g_5dff219.jpg/feed-media.jpg,https://www.labiosthetique.de/eyeshadow-pen?childSku=4040218895964,/eyeshadow-pen?childSku=4040218895964,016378,Can be used as an eyeshadow or an liner: Eyeshadow Pen with a soft and creamy texture that is easy to apply and blend,"23,50 €",0,"1,4 g",Make-up,Apply the Eyeshadow Pen as an eyeshadow to the whole top lid or as an eyeliner along the lashes. The colour is easy to blend with the fingers or a brush.,"DIMETHICONE, SILICA, ISOAMYL COCOATE, SYNTHETIC FLUORPHLOGOPITE, SUCROSE TETRASTEARATE TRIACETATE, MICA, POLYBUTENE, CI 77007 (ULTRAMARINES), CI 77891 (TITANIUM DIOXIDE), HYDROGENATED JOJOBA OIL, SYNTHETIC WAX, TRIMETHYLSILOXYSILICATE/DIMETHICONOL CROSSPOLYMER, GLYCERYL CAPRYLATE, SILICA SILYLATE, CI 77492 (IRON OXIDES), CI 77499 (IRON OXIDES), PENTAERYTHRITYL TETRA-DI-T-BUTYL HYDROXYHYDROCINNAMATE, TIN OXIDE, CI 77491 (IRON OXIDES), ETHYLENE/METHACRYLATE COPOLYMER, ISOPROPYL TITANIUM TRIISOSTEARATE/METHICONE CROSSPOLYMER",no,yes,ja
BELAVANCE® Manicare,de,https://image.labiosthetique.com/i/square-1440/m2-product:belavance_manicare_413540_100ml_95d8c45.jpg/feed-media.jpg,https://www.labiosthetique.de/manicare-2,/manicare-2,020409,Das Handpeeling Manicare zaubert im Handumdrehen mit feinstem Himalayasalz und erlesenen Ölen traumhaft schöne Hände.,"30,50 €",0,100 ml,Make-Up,"Hände waschen und trocknen. Die Flasche so lange kräftig schütteln, bis sich das Salz gut mit dem Öl vermischt hat. Etwas Manicare in die Hände geben und kräftig ca. 1–2 Minuten mit Handwaschbewegungen einmassieren. Anschließend die Hände kurz mit lauwarmem Wasser abspülen und mit einem weichen Handtuch leicht abtupfen. Eincremen kann man sich getrost sparen. Lieber den herrlich frischen Duft genießen.","GLYCINE SOJA (SOYBEAN) OIL, SODIUM CHLORIDE, HELIANTHUS ANNUUS (SUNFLOWER) SEED OIL, PERSEA GRATISSIMA (AVOCADO) OIL, SIMMONDSIA CHINENSIS (JOJOBA) SEED OIL, PARFUM (FRAGRANCE), TOCOPHERYL ACETATE, RETINYL PALMITATE, TOCOPHEROL, LECITHIN, ASCORBYL PALMITATE, GLYCERYL STEARATE, GLYCERYL OLEATE, CITRIC ACID",yes,yes,ja
BELAVANCE® Manicare,en,https://image.labiosthetique.com/i/square-1440/m2-product:belavance_manicare_413540_100ml_95d8c45.jpg/feed-media.jpg,https://www.labiosthetique.de/manicare-2,/manicare-2,020409,Manicare hand scrub contains finest Himalayan salt and high-quality oils to rapidly give you exquisitely beautiful hands.,"30,50 €",0,100 ml,Make-up,Wash and dry hands. Vigorously shake the bottle until the salt and oil are completely mixed together. Pour some Manicare into the hands and vigorously massage into the hands with hand-washing movements for about one to two minutes. Then briefly rinse the hands with lukewarm water and gently dab dry with a soft towel. No need to apply hand cream. Enjoy the wonderfully fresh scent.,"GLYCINE SOJA (SOYBEAN) OIL, SODIUM CHLORIDE, HELIANTHUS ANNUUS (SUNFLOWER) SEED OIL, PERSEA GRATISSIMA (AVOCADO) OIL, SIMMONDSIA CHINENSIS (JOJOBA) SEED OIL, PARFUM (FRAGRANCE), TOCOPHERYL ACETATE, RETINYL PALMITATE, TOCOPHEROL, LECITHIN, ASCORBYL PALMITATE, GLYCERYL STEARATE, GLYCERYL OLEATE, CITRIC ACID",yes,yes,ja
Volumising Mousse,de,https://image.labiosthetique.com/i/square-1440/m2-product:volumising_mousse_398066_200ml_95467c1.jpg/feed-media.jpg,https://www.labiosthetique.de/volumising-mousse?childSku=4040218870763,/volumising-mousse?childSku=4040218870763,110268,"Der vegane Volumenschaum für lang anhaltende Fülle und stabile, unbeschwerte Volumenlooks.","25,50 €","127,50 € / 1 l",200 ml,Styling,Die Dose schütteln und bei Gebrauch kopfüber halten. Den Schaum bis zu den Ansätzen gleichmäßig ins handtuchtrockene Haar einarbeiten und das Haar wie gewünscht stylen.,"AQUA (WATER), BUTANE, PROPANE, PVP, VP/VA COPOLYMER, PEG-40 HYDROGENATED CASTOR OIL, POLYQUATERNIUM-16, SODIUM BENZOATE, PARFUM (FRAGRANCE), COCAMIDOPROPYL BETAINE, PHENOXYETHANOL, CETRIMONIUM CHLORIDE, LAURETH-4, PANTHENOL, ETHYLHEXYLGLYCERIN, SODIUM CHLORIDE, CITRIC ACID, HEXYL CINNAMAL, CITRONELLOL, LINALOOL, TERPINEOL",yes,yes,ja
Volumising Mousse,en,https://image.labiosthetique.com/i/square-1440/m2-product:volumising_mousse_398066_200ml_95467c1.jpg/feed-media.jpg,https://www.labiosthetique.de/volumising-mousse?childSku=4040218870763,/volumising-mousse?childSku=4040218870763,110268,"The vegan volumising mousse for long-lasting fullness and stable, carefree volumised looks.","25,50 €","127,50 € / 1 l",200 ml,Styling,Shake the can and hold upside down when using. Work the foam evenly into towel-dried hair up to the roots and style the hair as desired.,"AQUA (WATER), BUTANE, PROPANE, PVP, VP/VA COPOLYMER, PEG-40 HYDROGENATED CASTOR OIL, POLYQUATERNIUM-16, SODIUM BENZOATE, PARFUM (FRAGRANCE), COCAMIDOPROPYL BETAINE, PHENOXYETHANOL, CETRIMONIUM CHLORIDE, LAURETH-4, PANTHENOL, ETHYLHEXYLGLYCERIN, SODIUM CHLORIDE, CITRIC ACID, HEXYL CINNAMAL, CITRONELLOL, LINALOOL, TERPINEOL",yes,yes,ja
Calming Scalp Lotion,de,https://image.labiosthetique.com/i/square-1440/m2-product:calming_scalp_lotion_387049_100ml_18cae1b.jpg/feed-media.jpg,https://www.labiosthetique.de/calming-scalp-lotion,/calming-scalp-lotion,120095,"Die wohltuende Lotion beruhigt gestresste Kopfhaut, lindert Irritationen, beugt Schuppen vor und reduziert die Reizanfälligkeit empfindlicher Kopfhaut. Für alle Liebhaber von Lotion Ergines E und Lotion Apaisante wird dies Ihr neues Lieblingsprodukt.","31,00 €","310,00 € / 1 l",100 ml,Haar- & Kopfhautpflege,Nach der Haarwäsche scheitelweise auf die Kopfhaut auftragen und sanft einmassieren. Nicht ausspülen.,"AQUA (WATER), DIPROPYLENE GLYCOL, XANTHAN GUM, DIPOTASSIUM GLYCYRRHIZATE, HYDROXYACETOPHENONE, BUTYLENE GLYCOL, PENTYLENE GLYCOL, 1,2-HEXANEDIOL, CAPRYLYL GLYCOL, BOSWELLIA SERRATA GUM, MICROCRYSTALLINE CELLULOSE, PANTHENOL, ALLANTOIN, CELLULOSE GUM, GLYCERIN, HYDROXYPHENYL PROPAMIDOBENZOIC ACID, GLYCOL DISTEARATE, DISODIUM LAURYL SULFOSUCCINATE, BETA-GLUCAN, GLYCERYL LAURATE, SODIUM BENZOATE, CITRIC ACID, ASCORBYL PALMITATE",yes,yes,ja
Calming Scalp Lotion,en,https://image.labiosthetique.com/i/square-1440/m2-product:calming_scalp_lotion_387049_100ml_18cae1b.jpg/feed-media.jpg,https://www.labiosthetique.de/calming-scalp-lotion,/calming-scalp-lotion,120095,"The soothing lotion calms stressed scalps, soothes irritations and reduces the proneness to irritation of sensitive scalps. For all lovers of Lotion Ergines E this will be your new favorite product.","31,00 €","310,00 € / 1 l",100 ml,Hair & scalp care,"After washing the hair, apply to the scalp along the parting and gently massage in. Do not rinse out.","AQUA (WATER), DIPROPYLENE GLYCOL, XANTHAN GUM, DIPOTASSIUM GLYCYRRHIZATE, HYDROXYACETOPHENONE, BUTYLENE GLYCOL, PENTYLENE GLYCOL, 1,2-HEXANEDIOL, CAPRYLYL GLYCOL, BOSWELLIA SERRATA GUM, MICROCRYSTALLINE CELLULOSE, PANTHENOL, ALLANTOIN, CELLULOSE GUM, GLYCERIN, HYDROXYPHENYL PROPAMIDOBENZOIC ACID, GLYCOL DISTEARATE, DISODIUM LAURYL SULFOSUCCINATE, BETA-GLUCAN, GLYCERYL LAURATE, SODIUM BENZOATE, CITRIC ACID, ASCORBYL PALMITATE",yes,yes,ja
Brow Definer B00 Black Brown,de,https://image.labiosthetique.com/i/square-1440/m2-product:brow_definer_b00_black_brown_406080_0_09g_bdb8d5a.jpg/feed-media.jpg,https://www.labiosthetique.de/brow-definer?childSku=4040218889963,/brow-definer?childSku=4040218889963,017614,"Der stylish schlanke Brow Definer definiert mühelos präzise, natürlich wirkende Brauen, setzt einzelne Härchen und nuanciert Konturen. Die ultrafeine Spitze ist auf einen Dreh perfekt on point. Mit veganen, natürlichen Inhaltsstoffen und pflegenden Vitaminen.","24,50 €",0,"0,09 g",Make-Up,"Die feine Spitze herausdrehen und kurze, haarähnliche Striche setzen für eine natürliche Definition der Brauen. Ein sanfter Druck genügt. Ein etwas stärkerer Druck intensiviert die Strichbreite und den Ausdruck. Mit dem integrierten Bürstchen verblenden und die Brauen in Form bringen – perfekt in Sekunden!","OCTYLDODECANOL, HYDROGENATED VEGETABLE OIL, CI 77499 (IRON OXIDES), MICA, ORYZA SATIVA (RICE) BRAN WAX, CI 77491 (IRON OXIDES), SYNTHETIC WAX, COPERNICIA CERIFERA CERA (CARNAUBA WAX), ETHYLCELLULOSE, CI 77492 (IRON OXIDES), CI 77510 (FERRIC FERROCYANIDE), TOCOPHEROL, ASCORBYL PALMITATE",yes,yes,ja
Brow Definer B00 Black Brown,en,https://image.labiosthetique.com/i/square-1440/m2-product:brow_definer_b00_black_brown_406080_0_09g_bdb8d5a.jpg/feed-media.jpg,https://www.labiosthetique.de/brow-definer?childSku=4040218889963,/brow-definer?childSku=4040218889963,017614,"The stylishly slim Brow Definer effortlessly defines precise, natural-looking eyebrows, fills in individual hairs and shades contours. Its ultra-fine tip delivers on-point results with just one twist. With vegan, natural ingredients and caring vitamins.","24,50 €",0,"0,09 g",Make-up,"Twist out the fine tip and draw short, hair-like lines for natural brow definition. Light pressure is sufficient. Slightly stronger pressure intensifies the line thickness and expression. Blend with the integrated brush and shape the brows – for a perfect result in seconds!","OCTYLDODECANOL, HYDROGENATED VEGETABLE OIL, CI 77499 (IRON OXIDES), MICA, ORYZA SATIVA (RICE) BRAN WAX, CI 77491 (IRON OXIDES), SYNTHETIC WAX, COPERNICIA CERIFERA CERA (CARNAUBA WAX), ETHYLCELLULOSE, CI 77492 (IRON OXIDES), CI 77510 (FERRIC FERROCYANIDE), TOCOPHEROL, ASCORBYL PALMITATE",yes,yes,ja
Natural Skin 1/4 Light Peach,de,https://image.labiosthetique.com/i/square-1440/m2-product:natural_skin_1_4_light_peach_390387_30ml_cfc3772.jpg/feed-media.jpg,https://www.labiosthetique.de/natural-skin?childSku=4040218841862,/natural-skin?childSku=4040218841862,021684,"Mit mittlerer Deckkraft, feuchtigkeitsspendenden und pflegenden Komponenten schafft die zarte Foundation einen seidig glatten, natürlich ebenmäßigen Teint.","42,50 €",0,30 ml,Make-Up,Nach der Gesichtspflege mit den Fingern oder mit einem Make-up-Schwämmchen oder -Pinsel auftragen und verblenden.,"AQUA (WATER), CI 77891 (TITANIUM DIOXIDE), CAPRYLIC/CAPRIC TRIGLYCERIDE, ETHYLHEXYL SALICYLATE, PENTYLENE GLYCOL, SILICA, ALCOHOL DENAT., SQUALANE, STEARIC ACID, PALMITIC ACID, GLYCOL STEARATE, MYRISTYL MYRISTATE, CETEARYL ALCOHOL, CI 77492 (IRON OXIDES), ETHYLHEXYL PALMITATE, SODIUM CETEARYL SULFATE, CI 77491 (IRON OXIDES), TOCOPHERYL ACETATE, XANTHAN GUM, PARFUM (FRAGRANCE), HYDROLYZED JOJOBA ESTERS, HELIANTHUS ANNUUS (SUNFLOWER) SEED OIL, MYRISTIC ACID, SODIUM HYDROXIDE, CI 77499 (IRON OXIDES), ARACHIDIC ACID, TOCOPHEROL, JOJOBA ESTERS, CITRONELLOL, TRIHYDROXYSTEARIN, TERPINEOL, VANILLIN, HEXYL CINNAMAL, ALPHA-ISOMETHYL IONONE, ALUMINA, MAGNESIUM OXIDE, SODIUM HYALURONATE, GLUCOMANNAN",yes,yes,ja
Natural Skin 1/4 Light Peach,en,https://image.labiosthetique.com/i/square-1440/m2-product:natural_skin_1_4_light_peach_390387_30ml_cfc3772.jpg/feed-media.jpg,https://www.labiosthetique.de/natural-skin?childSku=4040218841862,/natural-skin?childSku=4040218841862,021684,"With medium coverage, moisturising and conditioning components, the delicate foundation creates a silky smooth, naturally even complexion.","42,50 €",0,30 ml,Make-up,"After face care, apply and blend with the fingers or with a make-up sponge or brush.","AQUA (WATER), CI 77891 (TITANIUM DIOXIDE), CAPRYLIC/CAPRIC TRIGLYCERIDE, ETHYLHEXYL SALICYLATE, PENTYLENE GLYCOL, SILICA, ALCOHOL DENAT., SQUALANE, STEARIC ACID, PALMITIC ACID, GLYCOL STEARATE, MYRISTYL MYRISTATE, CETEARYL ALCOHOL, CI 77492 (IRON OXIDES), ETHYLHEXYL PALMITATE, SODIUM CETEARYL SULFATE, CI 77491 (IRON OXIDES), TOCOPHERYL ACETATE, XANTHAN GUM, PARFUM (FRAGRANCE), HYDROLYZED JOJOBA ESTERS, HELIANTHUS ANNUUS (SUNFLOWER) SEED OIL, MYRISTIC ACID, SODIUM HYDROXIDE, CI 77499 (IRON OXIDES), ARACHIDIC ACID, TOCOPHEROL, JOJOBA ESTERS, CITRONELLOL, TRIHYDROXYSTEARIN, TERPINEOL, VANILLIN, HEXYL CINNAMAL, ALPHA-ISOMETHYL IONONE, ALUMINA, MAGNESIUM OXIDE, SODIUM HYALURONATE, GLUCOMANNAN",yes,yes,ja
Fresh Skin 1/2 Light Beige,de,https://image.labiosthetique.com/i/square-1440/m2-product:fresh_skin_1_2_light_beige_247811_30ml_72fdd75.jpg/feed-media.jpg,https://www.labiosthetique.de/fresh-skin?childSku=4040218845662,/fresh-skin?childSku=4040218845662,021007,"Feuchtigkeitsspender pflegen die Haut, ausgleichende Pigmente mindern Farbunebenheiten; für einen natürlich ebenmäßigen Teint in einer einzigen, einfachen Geste!","34,00 €",0,30 ml,Make-Up,Einfach mit den Fingern auf die gereinigte und mit Gesichtslotion angefeuchtete Haut auftragen und einarbeiten,"AQUA (WATER), GLYCERIN, CI 77891 (TITANIUM DIOXIDE), CAPRYLIC/CAPRIC TRIGLYCERIDE, ETHYLHEXYL STEARATE, SQUALANE, CETEARYL ALCOHOL, HYDROGENATED COCO-GLYCERIDES, CETYL PALMITATE, MICA, STEARIC ACID, PALMITIC ACID, GLYCERYL STEARATE, POTASSIUM PALMITOYL HYDROLYZED WHEAT PROTEIN, TOCOPHEROL, TIN OXIDE, PHENOXYETHANOL, POTASSIUM CETYL PHOSPHATE, MICROCRYSTALLINE CELLULOSE, XANTHAN GUM, HYDROXYACETOPHENONE, CELLULOSE GUM, BENZOIC ACID, CAPRYLYL GLYCOL, DEHYDROACETIC ACID, PARFUM (FRAGRANCE), LINALYL ACETATE, TETRAMETHYL ACETYLOCTAHYDRONAPHTHALENES, LIMONENE, HELIANTHUS ANNUUS (SUNFLOWER) SEED OIL, LINALOOL, CITRAL, PINENE, CI 77499 (IRON OXIDES), CI 77491 (IRON OXIDES), CI 77492 (IRON OXIDES)",yes,yes,ja
Fresh Skin 1/2 Light Beige,en,https://image.labiosthetique.com/i/square-1440/m2-product:fresh_skin_1_2_light_beige_247811_30ml_72fdd75.jpg/feed-media.jpg,https://www.labiosthetique.de/fresh-skin?childSku=4040218845662,/fresh-skin?childSku=4040218845662,021007,"Moisturisers condition the skin, and balancing pigments reduce colour unevenness – for a naturally balanced complexion in one simple application!","34,00 €",0,30 ml,Make-up,Simply apply to skin that has been cleansed and moistened with face lotion with the fingers and work in.,"AQUA (WATER), GLYCERIN, CI 77891 (TITANIUM DIOXIDE), CAPRYLIC/CAPRIC TRIGLYCERIDE, ETHYLHEXYL STEARATE, SQUALANE, CETEARYL ALCOHOL, HYDROGENATED COCO-GLYCERIDES, CETYL PALMITATE, MICA, STEARIC ACID, PALMITIC ACID, GLYCERYL STEARATE, POTASSIUM PALMITOYL HYDROLYZED WHEAT PROTEIN, TOCOPHEROL, TIN OXIDE, PHENOXYETHANOL, POTASSIUM CETYL PHOSPHATE, MICROCRYSTALLINE CELLULOSE, XANTHAN GUM, HYDROXYACETOPHENONE, CELLULOSE GUM, BENZOIC ACID, CAPRYLYL GLYCOL, DEHYDROACETIC ACID, PARFUM (FRAGRANCE), LINALYL ACETATE, TETRAMETHYL ACETYLOCTAHYDRONAPHTHALENES, LIMONENE, HELIANTHUS ANNUUS (SUNFLOWER) SEED OIL, LINALOOL, CITRAL, PINENE, CI 77499 (IRON OXIDES), CI 77491 (IRON OXIDES), CI 77492 (IRON OXIDES)",yes,yes,ja
Dermosthétique Carrot Stem Cell Redness Relief Serum,de,https://image.labiosthetique.com/i/square-1440/m2-product:dermosth_tique_carrot_stem_cell_redness_relief_serum_247939_30ml_994f5e3.jpg/feed-media.jpg,https://www.labiosthetique.de/dermosthetique-carrot-stem-cell-redness-relief-serum,/dermosthetique-carrot-stem-cell-redness-relief-serum,002274,"Das potente Wirkkonzept lindert Reizungen, wirkt den Ursachen sichtbarer Äderchen und Rötungen entgegen und beugt deren Neubildung vor, indem es die Abwehrmechanismen der Haut unterstützt.","104,50 €","3.483,33 € / 1 l",30 ml,Hautpflege,Morgens und abends auf die betroffenen Partien der gereinigten und tonifizierten Haut auftragen. Anschließend mit der gewohnten Pflege fortfahren. Eignet sich auch als alleinige Pflege.,"AQUA (WATER), GLYCERIN, CAPRYLIC/CAPRIC TRIGLYCERIDE, SQUALANE, CETEARYL ETHYLHEXANOATE, HYDROGENATED COCO-GLYCERIDES, CETEARYL ALCOHOL, CETEARYL GLUCOSIDE , CETYL PALMITATE, DAUCUS CAROTA SATIVA (CARROT) ROOT EXTRACT, LACTOBACILLUS FERMENT, AVENA SATIVA (OAT) KERNEL EXTRACT, CORALLINA OFFICINALIS EXTRACT, PALMARIA PALMATA EXTRACT, SODIUM HYALURONATE, SODIUM HYALURONATE CROSSPOLYMER, GLUCOMANNAN, SCHIZOPHYLLAN, POTASSIUM CETYL PHOSPHATE, TOCOPHERYL ACETATE, ISOPROPYL MYRISTATE, BRASSICA CAMPESTRIS (RAPESEED) STEROLS, BEHENYL ALCOHOL, GLYCERYL STEARATE, PALMITIC ACID, STEARIC ACID, TOCOPHEROL, CETYL ALCOHOL, LAURYL ALCOHOL, GLYCINE SOJA (SOYBEAN) OIL, LECITHIN, MYRISTYL ALCOHOL, CITRIC ACID, PHENOXYETHANOL, BENZOIC ACID, DEHYDROACETIC ACID, SODIUM BENZOATE, POTASSIUM SORBATE",yes,yes,ja
Dermosthétique Carrot Stem Cell Redness Relief Serum,en,https://image.labiosthetique.com/i/square-1440/m2-product:dermosth_tique_carrot_stem_cell_redness_relief_serum_247939_30ml_994f5e3.jpg/feed-media.jpg,https://www.labiosthetique.de/dermosthetique-carrot-stem-cell-redness-relief-serum,/dermosthetique-carrot-stem-cell-redness-relief-serum,002274,"The powerful effect concept soothes irritations, combats the causes of visible thread veins and redness and prevents them from reforming by supporting the skin’s defence mechanisms.","104,50 €","3.483,33 € / 1 l",30 ml,Skin care,"Apply to the affected areas of cleansed and toned skin in the morning and evening, then continue with your usual care. This care can also be used on its own.","AQUA (WATER), GLYCERIN, CAPRYLIC/CAPRIC TRIGLYCERIDE, SQUALANE, CETEARYL ETHYLHEXANOATE, HYDROGENATED COCO-GLYCERIDES, CETEARYL ALCOHOL, CETEARYL GLUCOSIDE , CETYL PALMITATE, DAUCUS CAROTA SATIVA (CARROT) ROOT EXTRACT, LACTOBACILLUS FERMENT, AVENA SATIVA (OAT) KERNEL EXTRACT, CORALLINA OFFICINALIS EXTRACT, PALMARIA PALMATA EXTRACT, SODIUM HYALURONATE, SODIUM HYALURONATE CROSSPOLYMER, GLUCOMANNAN, SCHIZOPHYLLAN, POTASSIUM CETYL PHOSPHATE, TOCOPHERYL ACETATE, ISOPROPYL MYRISTATE, BRASSICA CAMPESTRIS (RAPESEED) STEROLS, BEHENYL ALCOHOL, GLYCERYL STEARATE, PALMITIC ACID, STEARIC ACID, TOCOPHEROL, CETYL ALCOHOL, LAURYL ALCOHOL, GLYCINE SOJA (SOYBEAN) OIL, LECITHIN, MYRISTYL ALCOHOL, CITRIC ACID, PHENOXYETHANOL, BENZOIC ACID, DEHYDROACETIC ACID, SODIUM BENZOATE, POTASSIUM SORBATE",yes,yes,ja
BELAVANCE® Brilliant Nail Cotton,de,https://image.labiosthetique.com/i/square-1440/m2-product:belavance_brilliant_nail_cotton_413253_8ml_30308fb.jpg/feed-media.jpg,https://www.labiosthetique.de/brilliant-nail?childSku=4040218896862,/brilliant-nail?childSku=4040218896862,020437,Der Nagellack Brilliant Nail peppt Hand- und Fußnägel frech auf und bringt sie auf Hochglanz – langanhaltend.,"19,00 €",0,8 ml,Make-Up,"Einfach eine dünne Schicht Brilliant Nail über den bereits getrockneten Unterlack bzw. auch direkt auf den Nagel auftragen. Intensiveres Farbergebnis gewünscht? Dann einfach eine zweite Schicht auftragen. Für eine noch längere Haltbarkeit mit dem Überlack Superior Nail Treatment fixieren. Und wenn´s schnell gehen soll, dann den Nagellack-Schnelltrockner Brilliant Nail Finish verwenden.","BUTYL ACETATE, ETHYL ACETATE, NITROCELLULOSE, ADIPIC ACID/NEOPENTYL GLYCOL/TRIMELLITIC ANHYDRIDE COPOLYMER, ACETYL TRIBUTYL CITRATE, ISOPROPYL ALCOHOL, STEARALKONIUM BENTONITE, ACRYLATES COPOLYMER, N-BUTYL ALCOHOL, CI 77891 (TITANIUM DIOXIDE), SORBIC ACID, DIETHYLHEXYL SODIUM SULFOSUCCINATE, PHOSPHORIC ACID, AQUA (WATER), ALCOHOL DENAT., ALUMINUM HYDROXIDE, CI 15850 (RED 6 LAKE), CI 19140 (YELLOW 5 LAKE), CI 77510 (FERRIC FERROCYANIDE), CI 77499 (IRON OXIDES)",yes,yes,ja
BELAVANCE® Brilliant Nail Cotton,en,https://image.labiosthetique.com/i/square-1440/m2-product:belavance_brilliant_nail_cotton_413253_8ml_30308fb.jpg/feed-media.jpg,https://www.labiosthetique.de/brilliant-nail?childSku=4040218896862,/brilliant-nail?childSku=4040218896862,020437,Brilliant Nail nail polish gives finger and toe nails a cheeky look with high shine and is also long-lasting,"19,00 €",0,8 ml,Make-up,"Simply apply a thin coat of Brilliant Nail to the already dry base coat and/or directly to the nail. Would you like a more intense colour result? If so, simply apply a second coat. For more durability fix the nails with the Superior Nail Treatment top coat. And if you are in a rush, use Brilliant Nail Finish for fast-drying nails.","BUTYL ACETATE, ETHYL ACETATE, NITROCELLULOSE, ADIPIC ACID/NEOPENTYL GLYCOL/TRIMELLITIC ANHYDRIDE COPOLYMER, ACETYL TRIBUTYL CITRATE, ISOPROPYL ALCOHOL, STEARALKONIUM BENTONITE, ACRYLATES COPOLYMER, N-BUTYL ALCOHOL, CI 77891 (TITANIUM DIOXIDE), SORBIC ACID, DIETHYLHEXYL SODIUM SULFOSUCCINATE, PHOSPHORIC ACID, AQUA (WATER), ALCOHOL DENAT., ALUMINUM HYDROXIDE, CI 15850 (RED 6 LAKE), CI 19140 (YELLOW 5 LAKE), CI 77510 (FERRIC FERROCYANIDE), CI 77499 (IRON OXIDES)",yes,yes,ja
Curl Defining Styling Fluid,de,https://image.labiosthetique.com/i/square-1440/m2-product:curl_defining_styling_fluid_247195_125ml_36c38e2.jpg/feed-media.jpg,https://www.labiosthetique.de/curl-defining-styling-fluid,/curl-defining-styling-fluid,120483,Das Styling- und Finish-Fluid zähmt widerspenstige Locken mit tiefenwirksamer Feuchtigkeit. Aus unruhigen Strukturen werden ausdrucksvolle Locken mit lebendigem Glanz.,"26,50 €","212,00 € / 1 l",125 ml,"Haar- & Kopfhautpflege,Styling",Die gewünschte Menge Fluid zwischen den Handflächen verteilen und ins feuchte Haar einarbeiten. Kann als glanzgebendes Finish auch im trockenen Haar angewandt werden.,"AQUA (WATER), NEOPENTYL GLYCOL DIHEPTANOATE, CETYL ALCOHOL, POLYQUATERNIUM-10, POLYQUATERNIUM-32 , GLYCERYL STEARATE, PEG-100 STEARATE, CETRIMONIUM CHLORIDE, PARAFFINUM LIQUIDUM (MINERAL OIL), ARGANIA SPINOSA (ARGAN) KERNEL OIL, BENZOIC ACID, PROPYLENE GLYCOL DIBENZOATE, PANTHENOL, PARFUM (FRAGRANCE), TROMETHAMINE, TOCOPHERYL ACETATE, PPG-1 TRIDECETH-6, PG-HYDROXYETHYLCELLULOSE COCODIMONIUM CHLORIDE, PHENOXYETHANOL, TETRAMETHYL ACETYLOCTAHYDRONAPHTHALENES, CITRIC ACID, LIMONENE, LINALOOL, HEXAMETHYLINDANOPYRAN, LINALYL ACETATE, GLYCERIN, LACTIC ACID, SERINE, SODIUM LACTATE, SORBITOL, TEA-LACTATE, UREA, BENZYL SALICYLATE, ALPHA-ISOMETHYL IONONE, PINENE, CITRONELLOL, COUMARIN, SODIUM CHLORIDE, SODIUM BENZOATE, CITRUS LIMON (LEMON) PEEL OIL, POGOSTEMON CABLIN OIL, ALLANTOIN",yes,yes,ja
Curl Defining Styling Fluid,en,https://image.labiosthetique.com/i/square-1440/m2-product:curl_defining_styling_fluid_247195_125ml_36c38e2.jpg/feed-media.jpg,https://www.labiosthetique.de/curl-defining-styling-fluid,/curl-defining-styling-fluid,120483,The styling and finishing fluid tames stubborn curls with deep moisture. Unruly structures turn into expressive curls with lively shine.,"26,50 €","212,00 € / 1 l",125 ml,"Hair & scalp care,Styling","Distribute the desired amount of fluid between your palms, and work into damp hair. Can also be applied as a glossing fluid to dry hair.","AQUA (WATER), NEOPENTYL GLYCOL DIHEPTANOATE, CETYL ALCOHOL, POLYQUATERNIUM-10, POLYQUATERNIUM-32 , GLYCERYL STEARATE, PEG-100 STEARATE, CETRIMONIUM CHLORIDE, PARAFFINUM LIQUIDUM (MINERAL OIL), ARGANIA SPINOSA (ARGAN) KERNEL OIL, BENZOIC ACID, PROPYLENE GLYCOL DIBENZOATE, PANTHENOL, PARFUM (FRAGRANCE), TROMETHAMINE, TOCOPHERYL ACETATE, PPG-1 TRIDECETH-6, PG-HYDROXYETHYLCELLULOSE COCODIMONIUM CHLORIDE, PHENOXYETHANOL, TETRAMETHYL ACETYLOCTAHYDRONAPHTHALENES, CITRIC ACID, LIMONENE, LINALOOL, HEXAMETHYLINDANOPYRAN, LINALYL ACETATE, GLYCERIN, LACTIC ACID, SERINE, SODIUM LACTATE, SORBITOL, TEA-LACTATE, UREA, BENZYL SALICYLATE, ALPHA-ISOMETHYL IONONE, PINENE, CITRONELLOL, COUMARIN, SODIUM CHLORIDE, SODIUM BENZOATE, CITRUS LIMON (LEMON) PEEL OIL, POGOSTEMON CABLIN OIL, ALLANTOIN",yes,yes,ja
Fresh Skin 3/3 Medium Gold,de,https://image.labiosthetique.com/i/square-1440/m2-product:fresh_skin_3_3_medium_gold_247817_30ml_dee0270.jpg/feed-media.jpg,https://www.labiosthetique.de/fresh-skin?childSku=4040218845761,/fresh-skin?childSku=4040218845761,021045,"Feuchtigkeitsspender pflegen die Haut, ausgleichende Pigmente mindern Farbunebenheiten; für einen natürlich ebenmäßigen Teint in einer einzigen, einfachen Geste!","34,00 €",0,30 ml,Make-Up,Einfach mit den Fingern auf die gereinigte und mit Gesichtslotion angefeuchtete Haut auftragen und einarbeiten,"AQUA (WATER), GLYCERIN, CAPRYLIC/CAPRIC TRIGLYCERIDE, ETHYLHEXYL STEARATE, SQUALANE, HYDROGENATED COCO-GLYCERIDES, CETEARYL ALCOHOL, CETYL PALMITATE, STEARIC ACID, CI 77891 (TITANIUM DIOXIDE), PALMITIC ACID, MICA, GLYCERYL STEARATE, POTASSIUM PALMITOYL HYDROLYZED WHEAT PROTEIN, PHENOXYETHANOL, CI 77492 (IRON OXIDES), POTASSIUM CETYL PHOSPHATE, MICROCRYSTALLINE CELLULOSE, PARFUM (FRAGRANCE), XANTHAN GUM, CI 77491 (IRON OXIDES), TIN OXIDE, CI 77499 (IRON OXIDES), HYDROXYACETOPHENONE, CELLULOSE GUM, BENZOIC ACID, CAPRYLYL GLYCOL, TOCOPHEROL, DEHYDROACETIC ACID, LINALYL ACETATE, TETRAMETHYL ACETYLOCTAHYDRONAPHTHALENES, LIMONENE, HELIANTHUS ANNUUS (SUNFLOWER) SEED OIL, LINALOOL, CITRAL, PINENE",yes,yes,ja
Fresh Skin 3/3 Medium Gold,en,https://image.labiosthetique.com/i/square-1440/m2-product:fresh_skin_3_3_medium_gold_247817_30ml_dee0270.jpg/feed-media.jpg,https://www.labiosthetique.de/fresh-skin?childSku=4040218845761,/fresh-skin?childSku=4040218845761,021045,"Moisturisers condition the skin, and balancing pigments reduce colour unevenness – for a naturally balanced complexion in one simple application!","34,00 €",0,30 ml,Make-up,Simply apply to skin that has been cleansed and moistened with face lotion with the fingers and work in.,"AQUA (WATER), GLYCERIN, CAPRYLIC/CAPRIC TRIGLYCERIDE, ETHYLHEXYL STEARATE, SQUALANE, HYDROGENATED COCO-GLYCERIDES, CETEARYL ALCOHOL, CETYL PALMITATE, STEARIC ACID, CI 77891 (TITANIUM DIOXIDE), PALMITIC ACID, MICA, GLYCERYL STEARATE, POTASSIUM PALMITOYL HYDROLYZED WHEAT PROTEIN, PHENOXYETHANOL, CI 77492 (IRON OXIDES), POTASSIUM CETYL PHOSPHATE, MICROCRYSTALLINE CELLULOSE, PARFUM (FRAGRANCE), XANTHAN GUM, CI 77491 (IRON OXIDES), TIN OXIDE, CI 77499 (IRON OXIDES), HYDROXYACETOPHENONE, CELLULOSE GUM, BENZOIC ACID, CAPRYLYL GLYCOL, TOCOPHEROL, DEHYDROACETIC ACID, LINALYL ACETATE, TETRAMETHYL ACETYLOCTAHYDRONAPHTHALENES, LIMONENE, HELIANTHUS ANNUUS (SUNFLOWER) SEED OIL, LINALOOL, CITRAL, PINENE",yes,yes,ja
Spa Intensive Hand Care,de,https://image.labiosthetique.com/i/square-1440/m2-product:spa_intensive_hand_care_329665_20ml_538d2c2.jpg/feed-media.jpg,https://www.labiosthetique.de/spa-intensive-hand-care?childSku=4040218856361,/spa-intensive-hand-care?childSku=4040218856361,002161,Zur intensiven Pflege trockener Haut an den Händen.,"8,50 €","425,00 € / 1 l",20 ml,Hautpflege,"Nach dem Händewaschen eine erbsengroße Menge auf die trockene Haut auftragen und einmassieren. Anwendung als Handpackung: Eine Cremeschicht wie eine Maske auftragen, mit einer warmen Kompresse abdecken und circa 15 Minuten einwirken lassen. Die Cremereste anschließend einmassieren.","AQUA (WATER), PETROLATUM, PARAFFINUM LIQUIDUM (MINERAL OIL), GLYCERIN, GLYCERYL STEARATE, STEARIC ACID, PALMITIC ACID, CETEARYL ALCOHOL, PEG-5 GLYCERYL STEARATE, CETEARETH-12, INULIN, PANTHENOL, PARFUM (FRAGRANCE), OCTYLDODECANOL, PHENOXYETHANOL, TROMETHAMINE, ALLANTOIN, ALPHA-GLUCAN OLIGOSACCHARIDE, TETRAMETHYL ACETYLOCTAHYDRONAPHTHALENES, LIMONENE, BENZOIC ACID, SODIUM LACTATE, CITRUS LIMON PEEL OIL, CITRUS AURANTIUM PEEL OIL, ECHIUM PLANTAGINEUM SEED OIL, DEHYDROACETIC ACID, HELIANTHUS ANNUUS (SUNFLOWER) SEED OIL UNSAPONIFIABLES, CITRIC ACID, PINENE, CITRAL, CARDIOSPERMUM HALICACABUM FLOWER/LEAF/VINE EXTRACT, LEMONGRASS OIL, LINALOOL, TOCOPHEROL",yes,no,ja
Spa Intensive Hand Care,en,https://image.labiosthetique.com/i/square-1440/m2-product:spa_intensive_hand_care_329665_20ml_538d2c2.jpg/feed-media.jpg,https://www.labiosthetique.de/spa-intensive-hand-care?childSku=4040218856361,/spa-intensive-hand-care?childSku=4040218856361,002161,Intensive care for dry skin on the hands.,"8,50 €","425,00 € / 1 l",20 ml,Skin care,"After hand-washing, apply a pea-sized amount to dry skin and massage in. Application as a hand pack: apply a layer of cream like a mask, cover with a warm compress and leave to take effect for approximately 15 minutes, then massage in the cream residue.","AQUA (WATER), PETROLATUM, PARAFFINUM LIQUIDUM (MINERAL OIL), GLYCERIN, GLYCERYL STEARATE, STEARIC ACID, PALMITIC ACID, CETEARYL ALCOHOL, PEG-5 GLYCERYL STEARATE, CETEARETH-12, INULIN, PANTHENOL, PARFUM (FRAGRANCE), OCTYLDODECANOL, PHENOXYETHANOL, TROMETHAMINE, ALLANTOIN, ALPHA-GLUCAN OLIGOSACCHARIDE, TETRAMETHYL ACETYLOCTAHYDRONAPHTHALENES, LIMONENE, BENZOIC ACID, SODIUM LACTATE, CITRUS LIMON PEEL OIL, CITRUS AURANTIUM PEEL OIL, ECHIUM PLANTAGINEUM SEED OIL, DEHYDROACETIC ACID, HELIANTHUS ANNUUS (SUNFLOWER) SEED OIL UNSAPONIFIABLES, CITRIC ACID, PINENE, CITRAL, CARDIOSPERMUM HALICACABUM FLOWER/LEAF/VINE EXTRACT, LEMONGRASS OIL, LINALOOL, TOCOPHEROL",yes,no,ja
Forming Lotion,de,https://image.labiosthetique.com/i/square-1440/m2-product:forming_lotion_398078_150ml_264fe0a.jpg/feed-media.jpg,https://www.labiosthetique.de/forming-lotion,/forming-lotion,110543,Die pflegende Forming Lotion bringt glattes wie lockiges Haar in die gewünschte Form und hinterlässt ein vollkommen natürliches Haargefühl.,"25,00 €","166,67 € / 1 l",150 ml,Styling,Forming Lotion im leicht feuchten Haar verteilen und das Haar wie gewünscht stylen.,"AQUA (WATER), PROPYLENE GLYCOL, CETYL ALCOHOL, HYDROXYPROPYL STARCH PHOSPHATE, CETRIMONIUM CHLORIDE, SIMMONDSIA CHINENSIS (JOJOBA) SEED OIL, PARFUM (FRAGRANCE), BENZYL ALCOHOL, CETEARETH-20, VP/VA COPOLYMER, FRUCTOSE, TETRAMETHYL ACETYLOCTAHYDRONAPHTHALENES, DEHYDROACETIC ACID, GLYCERIN, PENTYLENE GLYCOL, LIMONENE, CITRIC ACID, LINALOOL, SODIUM CITRATE, LINALYL ACETATE, GERANIOL, CITRONELLOL, SODIUM HYALURONATE, PINENE, COUMARIN, ANISE ALCOHOL, DIMETHYL PHENETHYL ACETATE, POLYPORUS UMBELLATUS (MUSHROOM) EXTRACT, HYDROGEN PEROXIDE",yes,yes,ja
Forming Lotion,en,https://image.labiosthetique.com/i/square-1440/m2-product:forming_lotion_398078_150ml_264fe0a.jpg/feed-media.jpg,https://www.labiosthetique.de/forming-lotion,/forming-lotion,110543,The nourishing shaping lotion brings straight and curly hair into the desired shape and leaves it feeling completely natural.,"25,00 €","166,67 € / 1 l",150 ml,Styling,Apply Forming Lotion to dry or slightly damp hair and style as desired.,"AQUA (WATER), PROPYLENE GLYCOL, CETYL ALCOHOL, HYDROXYPROPYL STARCH PHOSPHATE, CETRIMONIUM CHLORIDE, SIMMONDSIA CHINENSIS (JOJOBA) SEED OIL, PARFUM (FRAGRANCE), BENZYL ALCOHOL, CETEARETH-20, VP/VA COPOLYMER, FRUCTOSE, TETRAMETHYL ACETYLOCTAHYDRONAPHTHALENES, DEHYDROACETIC ACID, GLYCERIN, PENTYLENE GLYCOL, LIMONENE, CITRIC ACID, LINALOOL, SODIUM CITRATE, LINALYL ACETATE, GERANIOL, CITRONELLOL, SODIUM HYALURONATE, PINENE, COUMARIN, ANISE ALCOHOL, DIMETHYL PHENETHYL ACETATE, POLYPORUS UMBELLATUS (MUSHROOM) EXTRACT, HYDROGEN PEROXIDE",yes,yes,ja
glam + colour Glowy Chocolate .24 .BC Colouring Mask,de,https://image.labiosthetique.com/i/square-1440/m2-product:glam_colour_glowy_chocolate_.24_.bc_colouring_mask_381816_200ml_1374fae.jpg/feed-media.jpg,https://www.labiosthetique.de/glam-colour-glowy-chocolate-24-bc-colouring-mask,/glam-colour-glowy-chocolate-24-bc-colouring-mask,038287,Die Haarmaske mit Farbpigmenten und Farbschutz wirkt intensiv pflegend und verleiht braunem Haar einen satten und warmen Schokoladen-Ton mit leuchtenden Reflexen.,"37,50 €","187,50 € / 1 l",200 ml,Haar- & Kopfhautpflege,"Die Colouring Mask unter Verwendung der beigefügten Handschuhe gleichmäßig im gewaschenen, handtuchtrockenen Haar verteilen. Je nach gewünschter Intensität 3-10 Minuten einwirken lassen, anschließend gründlich ausspülen.","AQUA (WATER), CETEARYL ALCOHOL, BETAINE, GLYCERIN, DIMETHICONE PEG-8 MEADOWFOAMATE, ISODODECANE, BEHENTRIMONIUM CHLORIDE, PEG-2 DIMEADOWFOAMAMIDOETHYLMONIUM METHOSULFATE, PHENOXYETHANOL, HYDROXYETHYLCELLULOSE, CRAMBE ABYSSINICA SEED OIL, NEOPENTYL GLYCOL DIHEPTANOATE, ETHYLHEXYL SALICYLATE, PARFUM (FRAGRANCE), HEXYLENE GLYCOL , QUATERNIUM-91, CETEARETH-20, PROPYLENE GLYCOL, CETRIMONIUM METHOSULFATE, ISOPROPYL ALCOHOL, HYDROLYZED RICE PROTEIN, ETHYLHEXYLGLYCERIN, N,N-BIS(2-HYDROXYETHYL)-2-NITRO-P-PHENYLENEDIAMINE, BASIC RED 76, HC BLUE NO. 2, HC YELLOW NO. 2, HC BLUE NO. 16, QUILLAJA SAPONARIA BARK EXTRACT, BASIC BROWN 17, HYDROLYZED SERICIN, SORBITOL, TRIBEHENIN, BASIC YELLOW 57, SODIUM BENZOATE",no,no,ja
glam + colour Glowy Chocolate .24 .BC Colouring Mask,en,https://image.labiosthetique.com/i/square-1440/m2-product:glam_colour_glowy_chocolate_.24_.bc_colouring_mask_381816_200ml_1374fae.jpg/feed-media.jpg,https://www.labiosthetique.de/glam-colour-glowy-chocolate-24-bc-colouring-mask,/glam-colour-glowy-chocolate-24-bc-colouring-mask,038287,The hair mask with colour pigments and colour protection has an intensive conditioning effect and gives brown hair a rich and warm chocolate tone with luminous highlights.,"37,50 €","187,50 € / 1 l",200 ml,Hair & scalp care,"Apply Colouring Mask evenly to washed, towel-dried hair using the enclosed gloves. Leave on for 3-10 minutes depending on the desired intensity, then rinse thoroughly.","AQUA (WATER), CETEARYL ALCOHOL, BETAINE, GLYCERIN, DIMETHICONE PEG-8 MEADOWFOAMATE, ISODODECANE, BEHENTRIMONIUM CHLORIDE, PEG-2 DIMEADOWFOAMAMIDOETHYLMONIUM METHOSULFATE, PHENOXYETHANOL, HYDROXYETHYLCELLULOSE, CRAMBE ABYSSINICA SEED OIL, NEOPENTYL GLYCOL DIHEPTANOATE, ETHYLHEXYL SALICYLATE, PARFUM (FRAGRANCE), HEXYLENE GLYCOL , QUATERNIUM-91, CETEARETH-20, PROPYLENE GLYCOL, CETRIMONIUM METHOSULFATE, ISOPROPYL ALCOHOL, HYDROLYZED RICE PROTEIN, ETHYLHEXYLGLYCERIN, N,N-BIS(2-HYDROXYETHYL)-2-NITRO-P-PHENYLENEDIAMINE, BASIC RED 76, HC BLUE NO. 2, HC YELLOW NO. 2, HC BLUE NO. 16, QUILLAJA SAPONARIA BARK EXTRACT, BASIC BROWN 17, HYDROLYZED SERICIN, SORBITOL, TRIBEHENIN, BASIC YELLOW 57, SODIUM BENZOATE",no,no,ja
Beauty Stick Highlighter,de,https://image.labiosthetique.com/i/square-1440/m2-product:beauty_stick_highlighter_405211_7g_2761844.jpg/feed-media.jpg,https://www.labiosthetique.de/beauty-stick-highlighter,/beauty-stick-highlighter,021764,"Mit lichtreflektierenden Pigmenten natürlichen Ursprungs und einer besonders leichten, hautpflegenden Textur setzt der vielseitige Beauty Stick Highlighter strahlende Akzente und sorgt für einen Sofort-Glow – perfekt für Gesicht und Körper!","39,00 €",0,7 g,Make-Up,"Direkt auf die gewünschten Gesichtspartien wie Wangenknochen, Nasenrücken, Brauenbogen oder Lippenherz auftragen. Mit den Fingern, einem Schwamm oder einem Foundation-Pinsel verblenden, bis der Glow nahtlos mit der Haut verschmilzt. Wiederholtes Auftragen erhöht die Intensität vom dezenten Leuchten bis zum strahlenden Glow.","OCTYLDODECANOL, MICA, ORYZA SATIVA (RICE) BRAN WAX, CI 77891 (TITANIUM DIOXIDE), BUTYROSPERMUM PARKII (SHEA) BUTTER, HYDROGENATED COCONUT OIL, SQUALANE, TRIBEHENIN, GLYCERYL ROSINATE, NEOPENTYL GLYCOL DICAPRYLATE/DICAPRATE, MAGNESIUM STEARATE, SILICA, VACCINIUM MACROCARPON (CRANBERRY) SEED OIL, CI 77491 (IRON OXIDES), SYNTHETIC FLUORPHLOGOPITE, TOCOPHEROL, PARFUM (FRAGRANCE), HELIANTHUS ANNUUS (SUNFLOWER) SEED OIL, LINALOOL, TIN OXIDE, LINALYL ACETATE, CITRUS AURANTIUM FLOWER OIL, GERANYL ACETATE",yes,yes,ja
Beauty Stick Highlighter,en,https://image.labiosthetique.com/i/square-1440/m2-product:beauty_stick_highlighter_405211_7g_2761844.jpg/feed-media.jpg,https://www.labiosthetique.de/beauty-stick-highlighter,/beauty-stick-highlighter,021764,"With natural light-reflecting pigments and a particularly light, skin-conditioning texture, the versatile Beauty Stick Highlighter provides radiant accents and conjures up an instant glow – perfect for the face and body!","39,00 €",0,7 g,Make-up,"Apply directly to the desired areas of the face, for example the cheekbones, bridge of the nose, brow arch or cupid’s bow. Use your fingers, a sponge or a foundation brush to blend in the highlighter until the glow melts seamlessly into the skin. Repeated application increases the intensity from subtle highlighting to a radiant glow.","OCTYLDODECANOL, MICA, ORYZA SATIVA (RICE) BRAN WAX, CI 77891 (TITANIUM DIOXIDE), BUTYROSPERMUM PARKII (SHEA) BUTTER, HYDROGENATED COCONUT OIL, SQUALANE, TRIBEHENIN, GLYCERYL ROSINATE, NEOPENTYL GLYCOL DICAPRYLATE/DICAPRATE, MAGNESIUM STEARATE, SILICA, VACCINIUM MACROCARPON (CRANBERRY) SEED OIL, CI 77491 (IRON OXIDES), SYNTHETIC FLUORPHLOGOPITE, TOCOPHEROL, PARFUM (FRAGRANCE), HELIANTHUS ANNUUS (SUNFLOWER) SEED OIL, LINALOOL, TIN OXIDE, LINALYL ACETATE, CITRUS AURANTIUM FLOWER OIL, GERANYL ACETATE",yes,yes,ja
Sensual Lipstick Matt M408 Scarlet,de,https://image.labiosthetique.com/i/square-1440/m2-product:sensual_lipstick_matt_m408_scarlet_410740_3_3g_7d376db.jpg/feed-media.jpg,https://www.labiosthetique.de/sensual-lipstick-matt?childSku=4040218889161,/sensual-lipstick-matt?childSku=4040218889161,019292,Geschmeidig und gleichmäßig im Auftrag: Sensual Lipstick Matt hüllt die Lippen in eine angesagt matte Farbnuance.,"26,50 €",0,"3,3 g",Make-Up,"Für ein perfektes Make-up die Lippenkonturen zuerst mit einem Lipliner nachzeichnen, der farblich der Nuance des Lippenstifts entspricht. Anschließend Sensual Lipstick Matt mit einem Lippenpinsel auf die Lippen auftragen.","CAPRYLIC/CAPRIC TRIGLYCERIDE, KAOLIN, CANDELILLA CERA (EUPHORBIA CERIFERA WAX), SILICA, HELIANTHUS ANNUUS (SUNFLOWER) SEED WAX, POLYGLYCERYL-3 DIISOSTEARATE, RICINUS COMMUNIS (CASTOR) SEED OIL, DICAPRYLYL ETHER , CI 15850 (RED 7 LAKE), DISTARCH PHOSPHATE, CI 15985 (YELLOW 6 LAKE), CI 77891 (TITANIUM DIOXIDE), DICALCIUM PHOSPHATE, AROMA (FLAVOR), ETHYL VANILLIN, LECITHIN, TOCOPHEROL, ASCORBYL PALMITATE, HELIANTHUS ANNUUS (SUNFLOWER) SEED OIL, DISTEARDIMONIUM HECTORITE, POLYHYDROXYSTEARIC ACID, BENZYL ALCOHOL, CITRIC ACID, CI 77491 (IRON OXIDES), CI 15850 (RED 6), CI 19140 (YELLOW 5 LAKE), CI 42090 (BLUE 1 LAKE), CI 45410 (RED 28 LAKE), CI 77492 (IRON OXIDES), CI 77499 (IRON OXIDES)",yes,yes,ja
Sensual Lipstick Matt M408 Scarlet,en,https://image.labiosthetique.com/i/square-1440/m2-product:sensual_lipstick_matt_m408_scarlet_410740_3_3g_7d376db.jpg/feed-media.jpg,https://www.labiosthetique.de/sensual-lipstick-matt?childSku=4040218889161,/sensual-lipstick-matt?childSku=4040218889161,019292,Soft and even application: Sensual Lipstick Matt gives the lips a trendy matte coat of colour.,"26,50 €",0,"3,3 g",Make-up,For a perfect lip make-up first outline the lipline with a lipliner that matches the colour of the lipstick. Then apply Sensual Lipstick Matt to the lips with a brush.,"CAPRYLIC/CAPRIC TRIGLYCERIDE, KAOLIN, CANDELILLA CERA (EUPHORBIA CERIFERA WAX), SILICA, HELIANTHUS ANNUUS (SUNFLOWER) SEED WAX, POLYGLYCERYL-3 DIISOSTEARATE, RICINUS COMMUNIS (CASTOR) SEED OIL, DICAPRYLYL ETHER , CI 15850 (RED 7 LAKE), DISTARCH PHOSPHATE, CI 15985 (YELLOW 6 LAKE), CI 77891 (TITANIUM DIOXIDE), DICALCIUM PHOSPHATE, AROMA (FLAVOR), ETHYL VANILLIN, LECITHIN, TOCOPHEROL, ASCORBYL PALMITATE, HELIANTHUS ANNUUS (SUNFLOWER) SEED OIL, DISTEARDIMONIUM HECTORITE, POLYHYDROXYSTEARIC ACID, BENZYL ALCOHOL, CITRIC ACID, CI 77491 (IRON OXIDES), CI 15850 (RED 6), CI 19140 (YELLOW 5 LAKE), CI 42090 (BLUE 1 LAKE), CI 45410 (RED 28 LAKE), CI 77492 (IRON OXIDES), CI 77499 (IRON OXIDES)",yes,yes,ja
Make-up-Schwämmchen,de,https://image.labiosthetique.com/i/square-1440/m2-product:make_up_schw_mmchen_247861_1St_ck_09cc4fb.jpg/feed-media.jpg,https://www.labiosthetique.de/make-up-schwaemmchen,/make-up-schwaemmchen,009460,Unentbehrlicher Helfer für einen ebenmäßigen Teint: Der Latexschwamm eignet sich perfekt zum Auftragen von Make-up,"6,00 €",0,1 pcs,Make-Up,"Das Schminkschwämmchen erreicht durch seine abgerundete Form auch schwer zugängliche Stellen. Dazu pudriges wie flüssiges Make-up sanft auftupfen und anschließend im Gesicht und am Dekolleté gleichmäßig verteilen. Ein Auftrag mit leicht angefeuchtetem Schwamm sorgt für einen zarteren Effekt, ein trockener Auftrag für eine höhere Deckkraft. Schwämmchen regelmäßig mit Seife und warmem Wasser reinigen.",keine Angabe,no,no,ja
"Make-up sponge, latex",en,https://image.labiosthetique.com/i/square-1440/m2-product:make_up_schw_mmchen_247861_1St_ck_09cc4fb.jpg/feed-media.jpg,https://www.labiosthetique.de/make-up-schwaemmchen,/make-up-schwaemmchen,009460,an essential aid for an even complexion: the latex sponge is perfect for applying make-up,"6,00 €",0,1 pcs,Make-up,the make-up sponge has a rounded shape for difficult to access areas. Softly dab on powder or liquid make-up and then evenly distribute on face and décolleté. An application with a slightly moist sponge creates a more delicate effect. A dry sponge provides greater coverage. Regularly wash the sponge with soap and warm water.,not specified,no,no,ja
Dermosthétique Ocean Plant Refining Hydro Serum,de,https://image.labiosthetique.com/i/square-1440/m2-product:dermosth_tique_ocean_plant_refining_hydro_serum_247963_30ml_223b65a.jpg/feed-media.jpg,https://www.labiosthetique.de/ocean-plant-refining-hydro-serum,/ocean-plant-refining-hydro-serum,002807,"Ein energetisierender Cocktail pflanzlicher Aktivstoffe aus dem Meer wirkt klärend, verfeinert das Relief der Haut und gibt ihr die natürliche Strahlkraft zurück.","104,50 €","3.483,33 € / 1 l",30 ml,Hautpflege,Täglich morgens und abends auf die gereinigte und tonifizierte Haut auftragen. Anschließend mit der gewohnten Pflege fortfahren. Kann auch als alleinige Pflege genutzt werden.,"AQUA (WATER), SQUALANE, GLYCERIN, CETEARYL ALCOHOL, CAPRYLIC/CAPRIC TRIGLYCERIDE, CETEARYL ETHYLHEXANOATE, GLYCERYL STEARATE, STEARIC ACID, SACCHARIDE ISOMERATE, JANIA RUBENS EXTRACT, CAESALPINIA SPINOSA GUM, SODIUM LAUROYL GLUTAMATE, ISOPROPYL MYRISTATE, SODIUM CARRAGEENAN, PHENOXYETHANOL, ETHYLHEXYLGLYCERIN, BENZOIC ACID, DEHYDROACETIC ACID, SODIUM BENZOATE, CITRIC ACID, PARFUM (FRAGRANCE)",yes,yes,ja
Dermosthétique Ocean Plant Refining Hydro Serum,en,https://image.labiosthetique.com/i/square-1440/m2-product:dermosth_tique_ocean_plant_refining_hydro_serum_247963_30ml_223b65a.jpg/feed-media.jpg,https://www.labiosthetique.de/ocean-plant-refining-hydro-serum,/ocean-plant-refining-hydro-serum,002807,"An energising cocktail of plant active ingredients from the sea has a clarifying effect, refines the skin relief and restores the skin’s natural radiance.","104,50 €","3.483,33 € / 1 l",30 ml,Skin care,"Apply daily to cleansed and toned skin in the morning and evening, then continue with your usual care. This care product can also be used on its own.","AQUA (WATER), SQUALANE, GLYCERIN, CETEARYL ALCOHOL, CAPRYLIC/CAPRIC TRIGLYCERIDE, CETEARYL ETHYLHEXANOATE, GLYCERYL STEARATE, STEARIC ACID, SACCHARIDE ISOMERATE, JANIA RUBENS EXTRACT, CAESALPINIA SPINOSA GUM, SODIUM LAUROYL GLUTAMATE, ISOPROPYL MYRISTATE, SODIUM CARRAGEENAN, PHENOXYETHANOL, ETHYLHEXYLGLYCERIN, BENZOIC ACID, DEHYDROACETIC ACID, SODIUM BENZOATE, CITRIC ACID, PARFUM (FRAGRANCE)",yes,yes,ja
Cream Gloss Chutney,de,https://image.labiosthetique.com/i/square-1440/m2-product:cream_gloss_chutney_405199_3_5ml_c90cf58.jpg/feed-media.jpg,https://www.labiosthetique.de/cream-gloss?childSku=4040218885460,/cream-gloss?childSku=4040218885460,019881,Intensive Farbbrillanz und Pflege in Einem: Dieser hochglänzende Cream Gloss zaubert im Handumdrehen sinnlich volle Lippen für einen glamourösen Look.,"25,00 €",0,"3,5 ml",Make-Up,Cream Gloss mit Hilfe des Applikators auf die Lippen geben. Die cremige Textur ermöglicht ein einfaches und präzises Auftragen. Tipp: Für eine besondere 3-D-Wirkung die Lippen mit Konturen- und Lippenstift schminken und anschließend Gloss nur auf der Mitte der Ober- und Unterlippe auftragen.,"OLEIC/LINOLEIC/LINOLENIC POLYGLYCERIDES, RICINUS COMMUNIS (CASTOR) SEED OIL, HYDROGENATED VEGETABLE OIL, KAOLIN, CANDELILLA CERA (EUPHORBIA CERIFERA WAX), CI 77491 (IRON OXIDES), CERA ALBA (BEESWAX), DICALCIUM PHOSPHATE, PARFUM (FRAGRANCE), CI 15850 (RED 7), SIMMONDSIA CHINENSIS (JOJOBA) SEED OIL, VANILLIN, CI 77499 (IRON OXIDES)",yes,no,ja
Cream Gloss Chutney,en,https://image.labiosthetique.com/i/square-1440/m2-product:cream_gloss_chutney_405199_3_5ml_c90cf58.jpg/feed-media.jpg,https://www.labiosthetique.de/cream-gloss?childSku=4040218885460,/cream-gloss?childSku=4040218885460,019881,Intense colour brilliance and care in one: This high-gloss Cream Gloss gives you sensuously full and glamorous 50s-style lips in the time it takes you to create that perfect pout,"25,00 €",0,"3,5 ml",Make-up,Apply Cream Gloss to the lips with the help of the applicator. The creamy texture enables a precise and easy application. Tip: For a special 3D effect apply lipliner and lipstick and then just apply the gloss to the middle of the top and bottom lip.,"OLEIC/LINOLEIC/LINOLENIC POLYGLYCERIDES, RICINUS COMMUNIS (CASTOR) SEED OIL, HYDROGENATED VEGETABLE OIL, KAOLIN, CANDELILLA CERA (EUPHORBIA CERIFERA WAX), CI 77491 (IRON OXIDES), CERA ALBA (BEESWAX), DICALCIUM PHOSPHATE, PARFUM (FRAGRANCE), CI 15850 (RED 7), SIMMONDSIA CHINENSIS (JOJOBA) SEED OIL, VANILLIN, CI 77499 (IRON OXIDES)",yes,no,ja
Bürste Ceramic & Ion 55mm,de,https://image.labiosthetique.com/i/square-1440/m2-product:b_rste_ceramic_ion_55mm_247439_1St_ck_c033ff0.jpg/feed-media.jpg,https://www.labiosthetique.de/buerste-ceramic-ion-55mm,/buerste-ceramic-ion-55mm,043961,"Die Extraportion Glanz und mehr Volumen: Universelle Rundbürste mit ionisierenden Borsten, die eine statische Aufladung der Haare reduzieren.","24,00 €",0,1 pcs,"Haar- & Kopfhautpflege,Styling","Das Haar halbtrocken föhnen und anschließend kleine Partien abteilen. Die Bürste am Haaransatz ansetzen, unter Spannung halten und den Föhn auf den Bürstenkörper richten. Das Haar erst auf hoher Stufe und für einen längeren Halt anschließend kalt föhnen.",keine Angabe,no,no,ja
Brush Ceramic & Ion 55mm,en,https://image.labiosthetique.com/i/square-1440/m2-product:b_rste_ceramic_ion_55mm_247439_1St_ck_c033ff0.jpg/feed-media.jpg,https://www.labiosthetique.de/buerste-ceramic-ion-55mm,/buerste-ceramic-ion-55mm,043961,That extra portion of shine and more volume: universal round brush with ionising bristles that reduce the static charge of the hair.,"24,00 €",0,1 pcs,"Hair & scalp care,Styling","Blow-dry the hair till it is half-dry and then divide into small sections. Place the brush at the hair roots, hold tight in the hair and direct the hairdryer at the brush body. Blow-dry the hair on a high setting and for longer hold blast it with the cool shot setting.",not specified,no,no,ja
Revitalising Serum,de,https://image.labiosthetique.com/i/square-1440/m2-product:revitalising_serum_382738_30ml_535275f.jpg/feed-media.jpg,https://www.labiosthetique.de/revitalising-serum,/revitalising-serum,004310,"Mit einem hochwirksamen Phytokomplex als hautverträgliche Retinol-Alternative wirkt das leichte Serum überall dort, wo eine intensive Anti-Falten-Wirkung erwünscht ist. Für alle Liebhaber von Ménulphia Jeunesse Contour wird dies Ihr neues Lieblingsprodukt.","58,50 €","1.950,00 € / 1 l",30 ml,Hautpflege,"Revitalisierendes Serum mit retinolähnlichem Phytokomplex. Morgens und abends auf die gereinigte Haut von Gesicht, Hals und Dekolleté auftragen. Ideal auch als Augenpflege.","AQUA (WATER), GLYCERIN, CAPRYLIC/CAPRIC TRIGLYCERIDE, SQUALANE, PROPYLHEPTYL CAPRYLATE, HYDROGENATED COCO-GLYCERIDES, CETEARYL ALCOHOL, CETEARYL GLUCOSIDE , CETYL PALMITATE, BAKUCHIOL, PISTACIA LENTISCUS (MASTIC) GUM, CERAMIDE NG, BRASSICA CAMPESTRIS (RAPESEED) STEROLS, POTASSIUM CETYL PHOSPHATE, BEHENYL ALCOHOL, GLYCERYL STEARATE, PALMITIC ACID, STEARIC ACID, BENZOIC ACID, LECITHIN, TOCOPHEROL, PENTYLENE GLYCOL, CETYL ALCOHOL, LAURYL ALCOHOL, MYRISTYL ALCOHOL, GLYCINE SOJA (SOYBEAN) OIL, GLYCERYL CAPRYLATE, BETA-CARYOPHYLLENE, PHENOXYETHANOL, DEHYDROACETIC ACID, BETA-PINENES",yes,yes,ja
Revitalising Serum,en,https://image.labiosthetique.com/i/square-1440/m2-product:revitalising_serum_382738_30ml_535275f.jpg/feed-media.jpg,https://www.labiosthetique.de/revitalising-serum,/revitalising-serum,004310,"With a highly effective phytocomplex as a skin-friendly retinol alternative, the light serum works wherever an intensive anti-wrinkle effect is required. For all lovers of Ménulphia Jeunesse Contour this will be your new favorite product.","58,50 €","1.950,00 € / 1 l",30 ml,Skin care,"Revitalising Serum with retinol-like phytocomplex. Apply morning and evening to cleansed skin on the face, neck and décolleté. Also ideal as eye care.","AQUA (WATER), GLYCERIN, CAPRYLIC/CAPRIC TRIGLYCERIDE, SQUALANE, PROPYLHEPTYL CAPRYLATE, HYDROGENATED COCO-GLYCERIDES, CETEARYL ALCOHOL, CETEARYL GLUCOSIDE , CETYL PALMITATE, BAKUCHIOL, PISTACIA LENTISCUS (MASTIC) GUM, CERAMIDE NG, BRASSICA CAMPESTRIS (RAPESEED) STEROLS, POTASSIUM CETYL PHOSPHATE, BEHENYL ALCOHOL, GLYCERYL STEARATE, PALMITIC ACID, STEARIC ACID, BENZOIC ACID, LECITHIN, TOCOPHEROL, PENTYLENE GLYCOL, CETYL ALCOHOL, LAURYL ALCOHOL, MYRISTYL ALCOHOL, GLYCINE SOJA (SOYBEAN) OIL, GLYCERYL CAPRYLATE, BETA-CARYOPHYLLENE, PHENOXYETHANOL, DEHYDROACETIC ACID, BETA-PINENES",yes,yes,ja
Comforting Micellar Cleansing Milk,de,https://image.labiosthetique.com/i/square-1440/m2-product:comforting_micellar_cleansing_milk_391983_250ml_2aab76d.jpg/feed-media.jpg,https://www.labiosthetique.de/comforting-micellar-cleansing-milk?childSku=4040218868159,/comforting-micellar-cleansing-milk?childSku=4040218868159,003532,"Die milde Reinigungsmilch beruhigt empfindliche Gesichtshaut, während sie Make-up und Schmutz ebenso sanft wie zuverlässig entfernt und ein Austrocknen der Haut verhindert. Für alle Liebhaber von Clair de Teint Sensitif wird dies Ihr neues Lieblingsprodukt.","26,50 €","106,00 € / 1 l",250 ml,Hautpflege,"Die sanfte Reinigungsmilch morgens und abends auf Gesicht, Hals und Dekolleté auftragen, mit etwas Wasser emulgieren und gründlich abspülen.","AQUA (WATER), DECYL OLEATE, CAPRYLIC/CAPRIC TRIGLYCERIDE, C14-22 ALCOHOLS, HYDROGENATED COCO-GLYCERIDES, C12-20 ALKYL GLUCOSIDE, SODIUM LAUROYL OAT AMINO ACIDS, HYDROXYACETOPHENONE, SODIUM STEAROYL GLUTAMATE, XANTHAN GUM, 1,2-HEXANEDIOL, CAPRYLYL GLYCOL",yes,yes,ja
Comforting Micellar Cleansing Milk,en,https://image.labiosthetique.com/i/square-1440/m2-product:comforting_micellar_cleansing_milk_391983_250ml_2aab76d.jpg/feed-media.jpg,https://www.labiosthetique.de/comforting-micellar-cleansing-milk?childSku=4040218868159,/comforting-micellar-cleansing-milk?childSku=4040218868159,003532,The mild cleansing milk calms sensitive facial skin while removing dirt and make-up both gently and reliably and preventing the skin from drying out. For all lovers of Clair de Teint Sensitif this will be your new favorite product.,"26,50 €","106,00 € / 1 l",250 ml,Skin care,"In the morning and evening, apply the gentle cleansing milk to the face, neck and décolleté, lather with a little water, then rinse off thoroughly.","AQUA (WATER), DECYL OLEATE, CAPRYLIC/CAPRIC TRIGLYCERIDE, C14-22 ALCOHOLS, HYDROGENATED COCO-GLYCERIDES, C12-20 ALKYL GLUCOSIDE, SODIUM LAUROYL OAT AMINO ACIDS, HYDROXYACETOPHENONE, SODIUM STEAROYL GLUTAMATE, XANTHAN GUM, 1,2-HEXANEDIOL, CAPRYLYL GLYCOL",yes,yes,ja
Hairloss Control Shampoo,de,https://image.labiosthetique.com/i/square-1440/m2-product:hairloss_control_shampoo_382568_250ml_115fe98.jpg/feed-media.jpg,https://www.labiosthetique.de/hairloss-control-shampoo?childSku=4040218871159,/hairloss-control-shampoo?childSku=4040218871159,120224,"Das milde Shampoo revitalisiert die Haarwurzeln, macht das Haar widerstandsfähiger und hilft, Haarausfall vorzubeugen. Für alle Liebhaber von Shampooing Actif wird dies Ihr neues Lieblingsprodukt.","38,00 €","152,00 € / 1 l",250 ml,Haar- & Kopfhautpflege,"Gleichmäßig im Haar und auf der Kopfhaut verteilen, kurz einwirken lassen und gründlich ausspülen.","AQUA (WATER), SODIUM LAURETH SULFATE, COCAMIDOPROPYL BETAINE, SODIUM CHLORIDE, PHENOXYETHANOL, TROMETHAMINE, PANTHENOL, POLYQUATERNIUM-7, SODIUM BENZOATE, BENZOIC ACID, POLYQUATERNIUM-10, LACTIC ACID, ETHYLHEXYLGLYCERIN, SODIUM POLYPHOSPHATE, PARFUM (FRAGRANCE), CITRIC ACID, ALCOHOL, CHLORELLA VULGARIS/LUPINUS ALBUS PROTEIN FERMENT, KERATIN, MALUS DOMESTICA FRUIT CELL CULTURE EXTRACT, MANNITOL, PHOSPHATIDYLCHOLINE, GLYCERIN, HYDROLYZED KERATIN, LECITHIN, POTASSIUM SORBATE, POLYGLYCERYL-10 LAURATE, XANTHAN GUM, SODIUM ACETATE, CETYL ALCOHOL, LEONTOPODIUM ALPINUM FLOWER/LEAF EXTRACT, NIACINAMIDE, SORBITAN OLEATE, ISOPROPYL ALCOHOL, CAPRYLYL GLYCOL, CETRIMONIUM CHLORIDE, SODIUM LACTATE, SALVIA MILTIORRHIZA LEAF EXTRACT, PORPHYRA UMBILICALIS EXTRACT , TOCOPHEROL, PHYTOSPHINGOSINE",yes,no,ja
Hairloss Control Shampoo,en,https://image.labiosthetique.com/i/square-1440/m2-product:hairloss_control_shampoo_382568_250ml_115fe98.jpg/feed-media.jpg,https://www.labiosthetique.de/hairloss-control-shampoo?childSku=4040218871159,/hairloss-control-shampoo?childSku=4040218871159,120224,"The mild shampoo revitalises the hair roots, makes the hair more resistant and helps to prevent hair loss.","38,00 €","152,00 € / 1 l",250 ml,Hair & scalp care,"Distribute evenly in the hair and on the scalp, briefly allow to take effect, then rinse out thoroughly.","AQUA (WATER), SODIUM LAURETH SULFATE, COCAMIDOPROPYL BETAINE, SODIUM CHLORIDE, PHENOXYETHANOL, TROMETHAMINE, PANTHENOL, POLYQUATERNIUM-7, SODIUM BENZOATE, BENZOIC ACID, POLYQUATERNIUM-10, LACTIC ACID, ETHYLHEXYLGLYCERIN, SODIUM POLYPHOSPHATE, PARFUM (FRAGRANCE), CITRIC ACID, ALCOHOL, CHLORELLA VULGARIS/LUPINUS ALBUS PROTEIN FERMENT, KERATIN, MALUS DOMESTICA FRUIT CELL CULTURE EXTRACT, MANNITOL, PHOSPHATIDYLCHOLINE, GLYCERIN, HYDROLYZED KERATIN, LECITHIN, POTASSIUM SORBATE, POLYGLYCERYL-10 LAURATE, XANTHAN GUM, SODIUM ACETATE, CETYL ALCOHOL, LEONTOPODIUM ALPINUM FLOWER/LEAF EXTRACT, NIACINAMIDE, SORBITAN OLEATE, ISOPROPYL ALCOHOL, CAPRYLYL GLYCOL, CETRIMONIUM CHLORIDE, SODIUM LACTATE, SALVIA MILTIORRHIZA LEAF EXTRACT, PORPHYRA UMBILICALIS EXTRACT , TOCOPHEROL, PHYTOSPHINGOSINE",yes,no,ja
Clarifying Matt Fluid,de,https://image.labiosthetique.com/i/square-1440/m2-product:clarifying_matt_fluid_396288_50ml_86822f3.jpg/feed-media.jpg,https://www.labiosthetique.de/clarifying-matt-fluid,/clarifying-matt-fluid,003768,"Das klärende und mattierende Fluid stellt die gesunde Balance der Haut wieder her, indem es die Talgproduktion normalisiert und das Mikrobiom ausgleicht.","44,50 €","890,00 € / 1 l",50 ml,Hautpflege,"Morgens und abends im Anschluss an die Hautreinigung mit dem Micellar Cleansing Gel und dem klärenden Clarifying Fruit Exfoliant auf Gesicht, Hals und Dekolleté auftragen und einziehen lassen.","AQUA (WATER), DICAPRYLYL CARBONATE, COCO-CAPRYLATE/CAPRATE, PENTYLENE GLYCOL, SIMMONDSIA CHINENSIS (JOJOBA) SEED OIL, PROPANEDIOL, OCTYLDODECANOL, CETYL PALMITATE, POLYGLYCERYL-4 CAPRATE, POLYGLYCERYL-6 CAPRYLATE, PIPER NIGRUM (PEPPER) SEED EXTRACT, MAGNOLIA OFFICINALIS BARK EXTRACT, BIOFLAVONOIDS, LEPTOSPERMUM SCOPARIUM BRANCH/LEAF OIL, GLYCOLIC ACID, PHENOXYETHANOL, XANTHAN GUM, ACACIA SENEGAL GUM, SODIUM STEAROYL GLUTAMATE, PARFUM (FRAGRANCE), LACTIC ACID, TETRAMETHYL ACETYLOCTAHYDRONAPHTHALENES, ETHYLHEXYLGLYCERIN, SODIUM MAGNESIUM SILICATE, CITRIC ACID, LIMONENE, CITRUS LIMON (LEMON) PEEL OIL, PINENE, TOCOPHEROL, BETA-CARYOPHYLLENE, LINALOOL, CITRAL",no,yes,ja
Clarifying Matt Fluid,en,https://image.labiosthetique.com/i/square-1440/m2-product:clarifying_matt_fluid_396288_50ml_86822f3.jpg/feed-media.jpg,https://www.labiosthetique.de/clarifying-matt-fluid,/clarifying-matt-fluid,003768,The clarifying and mattifying fluid restores the skin’s healthy balance by normalising sebum production and balancing out the microbiome.,"44,50 €","890,00 € / 1 l",50 ml,Skin care,"In the morning and evening after cleansing the skin with Micellar Cleansing Gel and Clarifying Fruit Exfoliant, apply the fluid to the face, neck and décolleté and leave it to absorb.","AQUA (WATER), DICAPRYLYL CARBONATE, COCO-CAPRYLATE/CAPRATE, PENTYLENE GLYCOL, SIMMONDSIA CHINENSIS (JOJOBA) SEED OIL, PROPANEDIOL, OCTYLDODECANOL, CETYL PALMITATE, POLYGLYCERYL-4 CAPRATE, POLYGLYCERYL-6 CAPRYLATE, PIPER NIGRUM (PEPPER) SEED EXTRACT, MAGNOLIA OFFICINALIS BARK EXTRACT, BIOFLAVONOIDS, LEPTOSPERMUM SCOPARIUM BRANCH/LEAF OIL, GLYCOLIC ACID, PHENOXYETHANOL, XANTHAN GUM, ACACIA SENEGAL GUM, SODIUM STEAROYL GLUTAMATE, PARFUM (FRAGRANCE), LACTIC ACID, TETRAMETHYL ACETYLOCTAHYDRONAPHTHALENES, ETHYLHEXYLGLYCERIN, SODIUM MAGNESIUM SILICATE, CITRIC ACID, LIMONENE, CITRUS LIMON (LEMON) PEEL OIL, PINENE, TOCOPHEROL, BETA-CARYOPHYLLENE, LINALOOL, CITRAL",no,yes,ja
Automatic Pencil for Lips LL39 Dune,de,https://image.labiosthetique.com/i/square-1440/m2-product:automatic_pencil_for_lips_ll39_dune_410731_0_35g_20c4b92.jpg/feed-media.jpg,https://www.labiosthetique.de/automatic-pencil-for-lips?childSku=4040218892659,/automatic-pencil-for-lips?childSku=4040218892659,019007,"Der wasserfeste Lippenkonturen-Stift zaubert wunderschöne, definierte Lippen.","25,00 €",0,"0,35 g",Make-Up,Den Stift aus der Automatikhülle herausdrehen und die Lippenkontur sanft nachziehen oder nuancieren. Achtung: der Stift kann nicht zurückgedreht werden!,"C9-12 ALKANE, MICA, BIS-BEHENYL/ISOSTEARYL/PHYTOSTERYL DIMER DILINOLEYL DIMER DILINOLEATE, SUCROSE TETRASTEARATE TRIACETATE, CI 77891 (TITANIUM DIOXIDE), SYNTHETIC WAX, HYDROGENATED CASTOR OIL, CI 77491 (IRON OXIDES), POLYGLYCERYL-4 DIISOSTEARATE/POLYHYDROXYSTEARATE/SEBACATE, COPERNICIA CERIFERA CERA (CARNAUBA WAX), CI 77492 (IRON OXIDES), DISTEARDIMONIUM HECTORITE, TOCOPHEROL, CI 77499 (IRON OXIDES), PROPYLENE CARBONATE",yes,yes,ja
Automatic Pencil for Lips LL39 Dune,en,https://image.labiosthetique.com/i/square-1440/m2-product:automatic_pencil_for_lips_ll39_dune_410731_0_35g_20c4b92.jpg/feed-media.jpg,https://www.labiosthetique.de/automatic-pencil-for-lips?childSku=4040218892659,/automatic-pencil-for-lips?childSku=4040218892659,019007,The waterproof lip liner creates wonderfully defined lips.,"25,00 €",0,"0,35 g",Make-up,Twist the liner out of the automatic case and gently outline or shade the lip line. Caution: you cannot twist the liner back into the case!,"C9-12 ALKANE, MICA, BIS-BEHENYL/ISOSTEARYL/PHYTOSTERYL DIMER DILINOLEYL DIMER DILINOLEATE, SUCROSE TETRASTEARATE TRIACETATE, CI 77891 (TITANIUM DIOXIDE), SYNTHETIC WAX, HYDROGENATED CASTOR OIL, CI 77491 (IRON OXIDES), POLYGLYCERYL-4 DIISOSTEARATE/POLYHYDROXYSTEARATE/SEBACATE, COPERNICIA CERIFERA CERA (CARNAUBA WAX), CI 77492 (IRON OXIDES), DISTEARDIMONIUM HECTORITE, TOCOPHEROL, CI 77499 (IRON OXIDES), PROPYLENE CARBONATE",yes,yes,ja
Velvet Skin 1/4 Light Peach,de,https://image.labiosthetique.com/i/square-1440/m2-product:velvet_skin_1_4_light_peach_407837_10g_4867874.jpg/feed-media.jpg,https://www.labiosthetique.de/velvet-skin?childSku=4040218893359,/velvet-skin?childSku=4040218893359,021535,"Jederzeit frischer Teint: Die Kompakt Foundation sorgt mit ihrer leichten, samtigen Textur für einen semi-mattem Finish und liefert im Nu ein natürliches, ebenmäßiges Hautbild. Sie verfeinert, statt maskenhaft abzudecken. Das mitgelieferte Schwämmchen ist ideal für unkomplizierte, rasche Touch-ups.","39,50 €",0,10 g,Make-Up,"Die Velvet Skin Foundation mit ihrer zarten, samtigen Textur lässt sich mühelos mit Pinsel, Schwämmchen oder Fingern auftragen und verteilen. In der Gesichtsmitte beginnen und nach außen ausarbeiten. Für ein besonders ebenmäßiges Finish leicht einklopfen und sorgfältig verblenden.","ISONONYL ISONONANOATE, CAPRYLIC/CAPRIC TRIGLYCERIDE, CI 77891 (TITANIUM DIOXIDE), RICINUS COMMUNIS (CASTOR) SEED OIL, TITANIUM DIOXIDE, SYNTHETIC WAX, MICA, TRIBEHENIN, ALUMINUM STARCH OCTENYLSUCCINATE, SILICA, CI 77492 (IRON OXIDES), SYNTHETIC BEESWAX, HYDROGENATED CASTOR OIL, TOCOPHERYL ACETATE, JOJOBA ESTERS, POLYHYDROXYSTEARIC ACID, HELIANTHUS ANNUUS (SUNFLOWER) SEED OIL, CI 77491 (IRON OXIDES), CI 77499 (IRON OXIDES), PENTAERYTHRITYL TETRA-DI-T-BUTYL HYDROXYHYDROCINNAMATE, COPERNICIA CERIFERA CERA (CARNAUBA WAX), ZINGIBER OFFICINALE (GINGER) LEAF CELL EXTRACT, DISTEARDIMONIUM HECTORITE",yes,yes,ja
Velvet Skin 1/4 Light Peach,en,https://image.labiosthetique.com/i/square-1440/m2-product:velvet_skin_1_4_light_peach_407837_10g_4867874.jpg/feed-media.jpg,https://www.labiosthetique.de/velvet-skin?childSku=4040218893359,/velvet-skin?childSku=4040218893359,021535,"A fresh complexion whenever you need it: With its light, velvety texture, the compact foundation provides a semi-matte finish and achieves a natural and even complexion in no time at all. It refines the complexion instead of just covering it. The sponge that comes with the foundation is ideal for quick and simple touch-ups.","39,50 €",0,10 g,Make-up,"The soft, velvety texture of Velvet Skin foundation can be effortlessly applied and distributed with a brush, sponge or your fingers. Start in the middle of the face and work outwards. For a particularly even finish, lightly tap the foundation into the skin and carefully blend.","ISONONYL ISONONANOATE, CAPRYLIC/CAPRIC TRIGLYCERIDE, CI 77891 (TITANIUM DIOXIDE), RICINUS COMMUNIS (CASTOR) SEED OIL, TITANIUM DIOXIDE, SYNTHETIC WAX, MICA, TRIBEHENIN, ALUMINUM STARCH OCTENYLSUCCINATE, SILICA, CI 77492 (IRON OXIDES), SYNTHETIC BEESWAX, HYDROGENATED CASTOR OIL, TOCOPHERYL ACETATE, JOJOBA ESTERS, POLYHYDROXYSTEARIC ACID, HELIANTHUS ANNUUS (SUNFLOWER) SEED OIL, CI 77491 (IRON OXIDES), CI 77499 (IRON OXIDES), PENTAERYTHRITYL TETRA-DI-T-BUTYL HYDROXYHYDROCINNAMATE, COPERNICIA CERIFERA CERA (CARNAUBA WAX), ZINGIBER OFFICINALE (GINGER) LEAF CELL EXTRACT, DISTEARDIMONIUM HECTORITE",yes,yes,ja
Hair & Nail Strengthening Food Supplement,de,https://image.labiosthetique.com/i/square-1440/m2-product:hair_nail_strengthening_food_supplement_356177_60Kapseln_8523a6a.jpg/feed-media.jpg,https://www.labiosthetique.de/hair-nail-strengthening-food-supplement,/hair-nail-strengthening-food-supplement,120926,"Das Nahrungsergänzungsmittel trägt von innen heraus zur wirksamen Behandlung von Haarausfall sowie Nagelbruch bei und fördert das Wachstum schöner, vitaler Haare und Nägel.","44,50 €",0,60 capsules,"Haar- & Kopfhautpflege,Hautpflege",2 Kapseln täglich: 1x morgens und 1x abends nach der Mahlzeit jeweils 1 Kapsel mit reichlich Flüssigkeit einnehmen.,"SPIRULINA POWDER, L-CYSTEINE, L-METHIONINE, ASCORBIC ACID, ZINC GLUCONATE, SELENIUM YEAST, D-ALPHA-TOCOPHERYL ACETATE, IRON (II) FUMARATE, NICOTINAMIDE, CALCIUM D-PANTOTHENATE, COPPER (II) SULFATE PENTAHYDRATE, PYRIDOXINE HCL, CHOLECALIFEROL, THIAMINE HCL, RIBOFLAVIN, FOLIC ACID, D-BIOTIN, CYANOCOBALAMIN, COLORANT: E172",yes,yes,ja
Hair & Nail Strengthening Food Supplement,en,https://image.labiosthetique.com/i/square-1440/m2-product:hair_nail_strengthening_food_supplement_356177_60Kapseln_8523a6a.jpg/feed-media.jpg,https://www.labiosthetique.de/hair-nail-strengthening-food-supplement,/hair-nail-strengthening-food-supplement,120926,"The food supplement works from within to support the effective treatment of hair loss and nail breakage and promotes the growth of beautiful, healthy hair and nails.","44,50 €",0,60 capsules,"Hair & scalp care,Skin care",Take one capsule in the morning and one capsule in the evening with plenty of liquid after a meal. Do not exceed the recommended daily intake.,"SPIRULINA POWDER, L-CYSTEINE, L-METHIONINE, ASCORBIC ACID, ZINC GLUCONATE, SELENIUM YEAST, D-ALPHA-TOCOPHERYL ACETATE, IRON (II) FUMARATE, NICOTINAMIDE, CALCIUM D-PANTOTHENATE, COPPER (II) SULFATE PENTAHYDRATE, PYRIDOXINE HCL, CHOLECALIFEROL, THIAMINE HCL, RIBOFLAVIN, FOLIC ACID, D-BIOTIN, CYANOCOBALAMIN, COLORANT: E172",yes,yes,ja
Comforting Lipid Cream,de,https://image.labiosthetique.com/i/square-1440/m2-product:comforting_lipid_cream_391999_50ml_19101f5.jpg/feed-media.jpg,https://www.labiosthetique.de/comforting-lipid-cream?childSku=4040218868258,/comforting-lipid-cream?childSku=4040218868258,003632,"Die nährende, intensiv pflegende Lipidcreme beruhigt trockene, irritierte Haut, stabilisiert ihre natürlichen Schutzfunktionen und optimiert den Feuchtigkeitsgehalt. Für alle Liebhaber von Douceur Sensitive Riche wird dies Ihr neues Lieblingsprodukt.","45,00 €","900,00 € / 1 l",50 ml,Hautpflege,"Morgens und abends auf die gereinigte und tonisierte Haut von Gesicht, Hals und Dekolleté auftragen.","AQUA (WATER), HYDROGENATED VEGETABLE OIL, SQUALANE, CANOLA OIL, GLYCERIN, CAPRYLIC/CAPRIC TRIGLYCERIDE, HYDROGENATED CASTOR OIL, POLYGLYCERYL-3 POLYRICINOLEATE, SORBITAN ISOSTEARATE, AVENA SATIVA (OAT) KERNEL OIL, AVENA SATIVA (OAT) KERNEL EXTRACT, LACTOBACILLUS FERMENT, MYROTHAMNUS FLABELLIFOLIA LEAF/STEM EXTRACT, HYDROXYACETOPHENONE, TOCOPHEROL, GLYCINE SOJA (SOYBEAN) OIL, MAGNESIUM SULFATE, 1,2-HEXANEDIOL, CAPRYLYL GLYCOL, STEARALKONIUM BENTONITE, PROPYLENE CARBONATE, SODIUM BENZOATE, POTASSIUM SORBATE, CITRIC ACID",yes,yes,ja
Comforting Lipid Cream,en,https://image.labiosthetique.com/i/square-1440/m2-product:comforting_lipid_cream_391999_50ml_19101f5.jpg/feed-media.jpg,https://www.labiosthetique.de/comforting-lipid-cream?childSku=4040218868258,/comforting-lipid-cream?childSku=4040218868258,003632,"The nourishing, intensively caring lipid cream calms dry, irritated skin, stabilises its natural protective functions and optimises its moisture content. For all lovers of Douceur Sensitive Riche this will be your new favorite product.","45,00 €","900,00 € / 1 l",50 ml,Skin care,"In the morning and evening, apply to the cleansed and toned skin of the face, neck and décolleté.","AQUA (WATER), HYDROGENATED VEGETABLE OIL, SQUALANE, CANOLA OIL, GLYCERIN, CAPRYLIC/CAPRIC TRIGLYCERIDE, HYDROGENATED CASTOR OIL, POLYGLYCERYL-3 POLYRICINOLEATE, SORBITAN ISOSTEARATE, AVENA SATIVA (OAT) KERNEL OIL, AVENA SATIVA (OAT) KERNEL EXTRACT, LACTOBACILLUS FERMENT, MYROTHAMNUS FLABELLIFOLIA LEAF/STEM EXTRACT, HYDROXYACETOPHENONE, TOCOPHEROL, GLYCINE SOJA (SOYBEAN) OIL, MAGNESIUM SULFATE, 1,2-HEXANEDIOL, CAPRYLYL GLYCOL, STEARALKONIUM BENTONITE, PROPYLENE CARBONATE, SODIUM BENZOATE, POTASSIUM SORBATE, CITRIC ACID",yes,yes,ja
Classic Fanelac Hair Spray,de,https://image.labiosthetique.com/i/square-1440/m2-product:classic_fanelac_hair_spray_398114_250ml_ed6dc51.jpg/feed-media.jpg,https://www.labiosthetique.de/classic-fanelac-hair-spray?childSku=4040218869057,/classic-fanelac-hair-spray?childSku=4040218869057,110126,Innerhalb einer sehr kurzen Trocknungszeit fixiert das silikonfreie Non-Aerosol-Haarspray die Frisur mit extrem starkem Halt und lässt sich trotzdem bei Bedarf rückstandslos ausbürsten.,"25,50 €","102,00 € / 1 l",250 ml,Styling,"Classic Fanelac Hair Spray aus 20-30 cm Entfernung auf das trockene Haar sprühen, um die gesamte Frisur oder einzelne Partien zu fixieren.","ALCOHOL DENAT., BUTYL ESTER OF PVM/MA COPOLYMER, AMINOMETHYL PROPANOL, N-BUTYL ALCOHOL, CETEARETH-25, PARFUM (FRAGRANCE), PANTHENOL, TETRAMETHYL ACETYLOCTAHYDRONAPHTHALENES, AQUA (WATER), LIMONENE, LINALOOL, LINALYL ACETATE, GERANIOL, CITRONELLOL, PINENE, COUMARIN, ANISE ALCOHOL, DIMETHYL PHENETHYL ACETATE, CITRIC ACID",yes,yes,ja
Classic Fanelac Hair Spray,en,https://image.labiosthetique.com/i/square-1440/m2-product:classic_fanelac_hair_spray_398114_250ml_ed6dc51.jpg/feed-media.jpg,https://www.labiosthetique.de/classic-fanelac-hair-spray?childSku=4040218869057,/classic-fanelac-hair-spray?childSku=4040218869057,110126,"Within a very short drying time, the silicone-free non-aerosol hairspray fixes the hairstyle with an extremely strong hold and can still be brushed out without leaving any residue if required.","25,50 €","102,00 € / 1 l",250 ml,Styling,Spray Classic Fanelac Hair Spray onto dry hair from a distance of 20-30 cm to fix the entire hairstyle or individual sections.,"ALCOHOL DENAT., BUTYL ESTER OF PVM/MA COPOLYMER, AMINOMETHYL PROPANOL, N-BUTYL ALCOHOL, CETEARETH-25, PARFUM (FRAGRANCE), PANTHENOL, TETRAMETHYL ACETYLOCTAHYDRONAPHTHALENES, AQUA (WATER), LIMONENE, LINALOOL, LINALYL ACETATE, GERANIOL, CITRONELLOL, PINENE, COUMARIN, ANISE ALCOHOL, DIMETHYL PHENETHYL ACETATE, CITRIC ACID",yes,yes,ja
Colour Protection Shine Restoring Softening Shampoo,de,https://image.labiosthetique.com/i/square-1440/m2-product:colour_protection_shine_restoring_softening_shampoo_389985_250ml_8566c87.jpg/feed-media.jpg,https://www.labiosthetique.de/colour-protection-shine-restoring-softening-shampoo?childSku=4040218871357,/colour-protection-shine-restoring-softening-shampoo?childSku=4040218871357,120432,"Das milde Shampoo reinigt coloriertes, strapaziertes Haar und versorgt es mit Feuchtigkeit und Pflege. Die Haarfarbe ist vor Pigmentverlust geschützt und kann ihre Brillanz länger bewahren.","27,00 €","108,00 € / 1 l",250 ml,Haar- & Kopfhautpflege,Gleichmäßig im Haar und auf der Kopfhaut verteilen und einmassieren. Anschließend gründlich ausspülen.,"AQUA (WATER), SODIUM LAURETH SULFATE, COCAMIDOPROPYL BETAINE, SODIUM CHLORIDE, PARFUM (FRAGRANCE), POLYQUATERNIUM-10, DIMETHYLPABAMIDOPROPYL LAURDIMONIUM TOSYLATE, SODIUM BENZOATE, TROMETHAMINE, PANTHENOL, BENZOIC ACID, GLYCERIN, BUTYLENE GLYCOL, TETRAMETHYL ACETYLOCTAHYDRONAPHTHALENES, HELIANTHUS ANNUUS (SUNFLOWER) SEED EXTRACT, HEXAMETHYLINDANOPYRAN, CITRUS AURANTIUM BERGAMIA (BERGAMOT) PEEL OIL, LIMONENE, ALPHA-ISOMETHYL IONONE, LINALOOL, LINALYL ACETATE, SODIUM ACETATE, CITRIC ACID, ISOPROPYL ALCOHOL",yes,no,ja
Colour Protection Shine Restoring Softening Shampoo,en,https://image.labiosthetique.com/i/square-1440/m2-product:colour_protection_shine_restoring_softening_shampoo_389985_250ml_8566c87.jpg/feed-media.jpg,https://www.labiosthetique.de/colour-protection-shine-restoring-softening-shampoo?childSku=4040218871357,/colour-protection-shine-restoring-softening-shampoo?childSku=4040218871357,120432,"The mild shampoo cares for coloured, stressed hair and provides it with moisture and care. It protects the hair colour against pigment loss and maintains its brilliance for longer.","27,00 €","108,00 € / 1 l",250 ml,Hair & scalp care,"Evenly distribute into the hair and onto the scalp and massage in, then rinse out thoroughly.","AQUA (WATER), SODIUM LAURETH SULFATE, COCAMIDOPROPYL BETAINE, SODIUM CHLORIDE, PARFUM (FRAGRANCE), POLYQUATERNIUM-10, DIMETHYLPABAMIDOPROPYL LAURDIMONIUM TOSYLATE, SODIUM BENZOATE, TROMETHAMINE, PANTHENOL, BENZOIC ACID, GLYCERIN, BUTYLENE GLYCOL, TETRAMETHYL ACETYLOCTAHYDRONAPHTHALENES, HELIANTHUS ANNUUS (SUNFLOWER) SEED EXTRACT, HEXAMETHYLINDANOPYRAN, CITRUS AURANTIUM BERGAMIA (BERGAMOT) PEEL OIL, LIMONENE, ALPHA-ISOMETHYL IONONE, LINALOOL, LINALYL ACETATE, SODIUM ACETATE, CITRIC ACID, ISOPROPYL ALCOHOL",yes,no,ja
Comforting Hydro Cream,de,https://image.labiosthetique.com/i/square-1440/m2-product:comforting_hydro_cream_392020_10ml_eb430b8.jpg/feed-media.jpg,https://www.labiosthetique.de/comforting-hydro-cream?childSku=4040218879957,/comforting-hydro-cream?childSku=4040218879957,003685,Die präbiotische Hydro-Creme bringt das Mikrobiom der Haut in Balance und erhöht die Hautfeuchtigkeit. Darüber hinaus beruhigt sie empfindliche Haut und stärkt ihre natürlichen Schutzfunktionen. Für alle Liebhaber von Douceur Sensitive Hydratante wird dies Ihr neues Lieblingsprodukt.,"12,00 €","1.200,00 € / 1 l",10 ml,Hautpflege,"Morgens und abends auf die gereinigte und tonisierte Haut von Gesicht, Hals und Dekolleté auftragen.","AQUA (WATER), GLYCERIN, CAPRYLIC/CAPRIC TRIGLYCERIDE, SQUALANE, PROPYLHEPTYL CAPRYLATE, HYDROGENATED COCO-GLYCERIDES, CETEARYL ALCOHOL, CETEARYL GLUCOSIDE , CETYL PALMITATE, AVENA SATIVA (OAT) KERNEL EXTRACT, LACTOBACILLUS FERMENT, MYROTHAMNUS FLABELLIFOLIA LEAF/STEM EXTRACT, BRASSICA CAMPESTRIS (RAPESEED) STEROLS, CETYLHYDROXYPROLINE PALMITAMIDE, TOCOPHEROL, LECITHIN, HYDROXYACETOPHENONE, POTASSIUM CETYL PHOSPHATE, GLYCERYL STEARATE, PALMITIC ACID, STEARIC ACID, BEHENYL ALCOHOL, CETYL ALCOHOL, LAURYL ALCOHOL, MYRISTYL ALCOHOL, GLYCINE SOJA (SOYBEAN) OIL, 1,2-HEXANEDIOL, CAPRYLYL GLYCOL, SODIUM BENZOATE, POTASSIUM SORBATE",yes,yes,ja
Comforting Hydro Cream,en,https://image.labiosthetique.com/i/square-1440/m2-product:comforting_hydro_cream_392020_10ml_eb430b8.jpg/feed-media.jpg,https://www.labiosthetique.de/comforting-hydro-cream?childSku=4040218879957,/comforting-hydro-cream?childSku=4040218879957,003685,The prebiotic hydro cream restores the balance of the skin microbiome and increases the skin’s moisture content. It also calms sensitive skin and strengthens its natural protective functions. For all lovers of Douceur Sensitive Hydratante this will be your new favorite product.,"12,00 €","1.200,00 € / 1 l",10 ml,Skin care,"In the morning and evening, apply to the cleansed and toned skin of the face, neck and décolleté.","AQUA (WATER), GLYCERIN, CAPRYLIC/CAPRIC TRIGLYCERIDE, SQUALANE, PROPYLHEPTYL CAPRYLATE, HYDROGENATED COCO-GLYCERIDES, CETEARYL ALCOHOL, CETEARYL GLUCOSIDE , CETYL PALMITATE, AVENA SATIVA (OAT) KERNEL EXTRACT, LACTOBACILLUS FERMENT, MYROTHAMNUS FLABELLIFOLIA LEAF/STEM EXTRACT, BRASSICA CAMPESTRIS (RAPESEED) STEROLS, CETYLHYDROXYPROLINE PALMITAMIDE, TOCOPHEROL, LECITHIN, HYDROXYACETOPHENONE, POTASSIUM CETYL PHOSPHATE, GLYCERYL STEARATE, PALMITIC ACID, STEARIC ACID, BEHENYL ALCOHOL, CETYL ALCOHOL, LAURYL ALCOHOL, MYRISTYL ALCOHOL, GLYCINE SOJA (SOYBEAN) OIL, 1,2-HEXANEDIOL, CAPRYLYL GLYCOL, SODIUM BENZOATE, POTASSIUM SORBATE",yes,yes,ja
Colour Protection Shine Restoring Pre-Shampoo Treatment,de,https://image.labiosthetique.com/i/square-1440/m2-product:colour_protection_shine_restoring_pre_shampoo_treatment_247167_250ml_f809461.jpg/feed-media.jpg,https://www.labiosthetique.de/colour-protection-shine-restoring-pre-shampoo-treatment,/colour-protection-shine-restoring-pre-shampoo-treatment,120526,"Die intensiv pflegende Vorbehandlung schützt das Haar während der Haarwäsche vor Feuchtigkeits– und Farbverlust, für herrlich geschmeidiges, gesund glänzendes Haar. Der Silicon Detox Effekt pflegt das Haar und entfernt gleichzeitig sanft Silikonrückstände.","36,00 €","144,00 € / 1 l",250 ml,Haar- & Kopfhautpflege,"Vor dem Shampoonieren 20-40 ml gleichmäßig auf das feuchte Haar auftragen. Einarbeiten, bis eine cremige Textur entsteht. Nach 2-3 Minuten sorgfältig ausspülen und mit der gewohnten Shampoo-Routine fortfahren.","PROPYLENE GLYCOL, ALCOHOL DENAT., MYRISTYL ALCOHOL, AQUA (WATER), DICAPRYLYL CARBONATE, CETRIMONIUM CHLORIDE, COCAMIDOPROPYL BETAINE, BUTYLENE GLYCOL, CETEARYL ISONONANOATE, TRITICUM VULGARE GERM OIL, PARFUM (FRAGRANCE), SODIUM CHLORIDE, CAPRYLIC/CAPRIC TRIGLYCERIDE, LINOLEIC ACID, TETRAMETHYL ACETYLOCTAHYDRONAPHTHALENES, CITRIC ACID, TRITICUM VULGARE (WHEAT) BRAN EXTRACT, TRITICUM VULGARE GERM EXTRACT, CRAMBE MARITIMA LEAF EXTRACT, HEXAMETHYLINDANOPYRAN, LIMONENE, LINALOOL, CAMELLIA OLEIFERA SEED OIL, TOCOPHEROL, TOCOPHERYL ACETATE",yes,yes,ja
Colour Protection Shine Restoring Pre-Shampoo Treatment,en,https://image.labiosthetique.com/i/square-1440/m2-product:colour_protection_shine_restoring_pre_shampoo_treatment_247167_250ml_f809461.jpg/feed-media.jpg,https://www.labiosthetique.de/colour-protection-shine-restoring-pre-shampoo-treatment,/colour-protection-shine-restoring-pre-shampoo-treatment,120526,The deep-conditioning pre-treatment protects the hair against moisture and colour loss during the washing – for wonderfully soft hair with healthy shine.,"36,00 €","144,00 € / 1 l",250 ml,Hair & scalp care,Apply 20–40 ml evenly into damp hair before shampooing. Massage in to achieve a creamy texture. Carefully rinse out after 2–3 minutes and continue with your usual shampoo routine.,"PROPYLENE GLYCOL, ALCOHOL DENAT., MYRISTYL ALCOHOL, AQUA (WATER), DICAPRYLYL CARBONATE, CETRIMONIUM CHLORIDE, COCAMIDOPROPYL BETAINE, BUTYLENE GLYCOL, CETEARYL ISONONANOATE, TRITICUM VULGARE GERM OIL, PARFUM (FRAGRANCE), SODIUM CHLORIDE, CAPRYLIC/CAPRIC TRIGLYCERIDE, LINOLEIC ACID, TETRAMETHYL ACETYLOCTAHYDRONAPHTHALENES, CITRIC ACID, TRITICUM VULGARE (WHEAT) BRAN EXTRACT, TRITICUM VULGARE GERM EXTRACT, CRAMBE MARITIMA LEAF EXTRACT, HEXAMETHYLINDANOPYRAN, LIMONENE, LINALOOL, CAMELLIA OLEIFERA SEED OIL, TOCOPHEROL, TOCOPHERYL ACETATE",yes,yes,ja
Refreshing Aroma Complex,de,https://image.labiosthetique.com/i/square-1440/m2-product:refreshing_aroma_complex_395145_30ml_b58bb22.jpg/feed-media.jpg,https://www.labiosthetique.de/refreshing-aroma-complex-1,/refreshing-aroma-complex-1,120316,"Der Aromakomplex nutzt die therapeutischen Kräfte etherischer Öle, um die fettige oder feuchte Kopfhaut zu klären und ein anhaltendes Frischegefühl zu verleihen.","33,00 €","1.100,00 € / 1 l",30 ml,Haar- & Kopfhautpflege,"Den Inhalt von 1 bis 1,5 Pipetten (ca. 1 ml) auf der Kopfhaut verteilen und leicht einmassieren.","ALCOHOL DENAT., C9-12 ALKANE, NEOPENTYL GLYCOL DIHEPTANOATE, COCO-CAPRYLATE/CAPRATE, PARFUM (FRAGRANCE), LINALOOL, BORAGO OFFICINALIS SEED OIL, CITRUS AURANTIUM BERGAMIA (BERGAMOT) PEEL OIL, CITRUS AURANTIUM BERGAMIA (BERGAMOT) FRUIT OIL, LINALYL ACETATE, LIMONENE, PINENE, CUPRESSUS SEMPERVIRENS LEAF/NUT/STEM OIL, LAVANDULA OIL/EXTRACT, JUNIPERUS COMMUNIS FRUIT OIL, JUNIPERUS MEXICANA OIL, LAVANDULA HYBRIDA OIL, SALVIA SCLAREA (CLARY) OIL, TRIETHYL CITRATE, TERPINEOL, PELARGONIUM GRAVEOLENS FLOWER OIL, LAVANDULA ANGUSTIFOLIA (LAVENDER) OIL, PELARGONIUM GRAVEOLENS OIL, ROSA DAMASCENA FLOWER EXTRACT, SALVIA SCLAREA (CLARY) EXTRACT, VETIVERIA ZIZANOIDES ROOT OIL, CITRONELLOL, GERANIOL, ROSE FLOWER OIL/EXTRAKT, CAMPHOR, SCLAREOL, BETA-CARYOPHYLLENE, TERPINOLENE, BENZYL ACETATE, GERANYL ACETATE, BENZYL ALCOHOL, ALPHA-TERPINENE, CITRAL, BRASSICA CAMPESTRIS OLEIFERA OIL, ROSMARINUS OFFICINALIS (ROSEMARY) EXTRACT",yes,yes,ja
Refreshing Aroma Complex,en,https://image.labiosthetique.com/i/square-1440/m2-product:refreshing_aroma_complex_395145_30ml_b58bb22.jpg/feed-media.jpg,https://www.labiosthetique.de/refreshing-aroma-complex-1,/refreshing-aroma-complex-1,120316,The aroma complex utilises the therapeutic powers of essential oils to clarify oily or moist scalps and to provide a lasting feeling of freshness.,"33,00 €","1.100,00 € / 1 l",30 ml,Hair & scalp care,Apply the contents of 1 to 1.5 pipettes (approx. 1 ml) to the scalp and massage in gently.,"ALCOHOL DENAT., C9-12 ALKANE, NEOPENTYL GLYCOL DIHEPTANOATE, COCO-CAPRYLATE/CAPRATE, PARFUM (FRAGRANCE), LINALOOL, BORAGO OFFICINALIS SEED OIL, CITRUS AURANTIUM BERGAMIA (BERGAMOT) PEEL OIL, CITRUS AURANTIUM BERGAMIA (BERGAMOT) FRUIT OIL, LINALYL ACETATE, LIMONENE, PINENE, CUPRESSUS SEMPERVIRENS LEAF/NUT/STEM OIL, LAVANDULA OIL/EXTRACT, JUNIPERUS COMMUNIS FRUIT OIL, JUNIPERUS MEXICANA OIL, LAVANDULA HYBRIDA OIL, SALVIA SCLAREA (CLARY) OIL, TRIETHYL CITRATE, TERPINEOL, PELARGONIUM GRAVEOLENS FLOWER OIL, LAVANDULA ANGUSTIFOLIA (LAVENDER) OIL, PELARGONIUM GRAVEOLENS OIL, ROSA DAMASCENA FLOWER EXTRACT, SALVIA SCLAREA (CLARY) EXTRACT, VETIVERIA ZIZANOIDES ROOT OIL, CITRONELLOL, GERANIOL, ROSE FLOWER OIL/EXTRAKT, CAMPHOR, SCLAREOL, BETA-CARYOPHYLLENE, TERPINOLENE, BENZYL ACETATE, GERANYL ACETATE, BENZYL ALCOHOL, ALPHA-TERPINENE, CITRAL, BRASSICA CAMPESTRIS OLEIFERA OIL, ROSMARINUS OFFICINALIS (ROSEMARY) EXTRACT",yes,yes,ja
Spa Relaxing Bubble Bath,de,https://image.labiosthetique.com/i/square-1440/m2-product:spa_relaxing_bubble_bath_406657_50ml_c5b9413.jpg/feed-media.jpg,https://www.labiosthetique.de/relaxing-bubble-bath,/relaxing-bubble-bath,003408,"Der Badezusatz mit dem entspannenden Duft der Spa-Serie entwickelt einen zarten Schaum, der die Haut schonend reinigt und die Sinne umschmeichelt.","7,50 €","150,00 € / 1 l",50 ml,Hautpflege,"Den Inhalt der Flasche ins warme, einlaufende Badewasser geben. Die Badetemperatur sollte 39 °C nicht übersteigen. Die empfohlene Badezeit beträgt maximal 20 Minuten.","AQUA (WATER), LAURYL GLUCOSIDE , SODIUM LAURETH SULFATE, PARFUM (FRAGRANCE), COCO-GLUCOSIDE , GLYCERYL OLEATE, LACTIC ACID, SODIUM CITRATE, TETRAMETHYL ACETYLOCTAHYDRONAPHTHALENES, PANTHENOL, SODIUM BENZOATE, LIMONENE, CITRIC ACID, CITRUS LIMON PEEL OIL, CITRUS AURANTIUM PEEL OIL, POTASSIUM SORBATE, PINENE, CITRAL, TOCOPHEROL, HYDROGENATED VEGETABLE GLYCERIDES CITRATE, LECITHIN, ASCORBYL PALMITATE",yes,no,ja
Spa Relaxing Bubble Bath,en,https://image.labiosthetique.com/i/square-1440/m2-product:spa_relaxing_bubble_bath_406657_50ml_c5b9413.jpg/feed-media.jpg,https://www.labiosthetique.de/relaxing-bubble-bath,/relaxing-bubble-bath,003408,The bath additive with the relaxing Spa series scent develops a soft foam that gently cleanses the skin and caresses the senses.,"7,50 €","150,00 € / 1 l",50 ml,Skin care,"Pour the contents of the bottle into warm, running bath water. The bath temperature should not exceed 39 °C. The recommended bathing time is a maximum of 20 minutes.","AQUA (WATER), LAURYL GLUCOSIDE , SODIUM LAURETH SULFATE, PARFUM (FRAGRANCE), COCO-GLUCOSIDE , GLYCERYL OLEATE, LACTIC ACID, SODIUM CITRATE, TETRAMETHYL ACETYLOCTAHYDRONAPHTHALENES, PANTHENOL, SODIUM BENZOATE, LIMONENE, CITRIC ACID, CITRUS LIMON PEEL OIL, CITRUS AURANTIUM PEEL OIL, POTASSIUM SORBATE, PINENE, CITRAL, TOCOPHEROL, HYDROGENATED VEGETABLE GLYCERIDES CITRATE, LECITHIN, ASCORBYL PALMITATE",yes,no,ja
Automatic Pencil for Lips LL21 Natural Beige,de,https://image.labiosthetique.com/i/square-1440/m2-product:automatic_pencil_for_lips_ll21_natural_beige_324085_0_28g_601ba72.jpg/feed-media.jpg,https://www.labiosthetique.de/automatic-pencil-for-lips?childSku=4040218896756,/automatic-pencil-for-lips?childSku=4040218896756,019002,"Der wasserfeste Lippenkonturen-Stift zaubert wunderschöne, definierte Lippen.","24,50 €",0,"0,28 g",Make-Up,Den Stift aus der Automatikhülle herausdrehen und die Lippenkontur sanft nachziehen oder nuancieren. Achtung: der Stift kann nicht zurückgedreht werden!,"C9-12 ALKANE, MICA, BIS-BEHENYL/ISOSTEARYL/PHYTOSTERYL DIMER DILINOLEYL DIMER DILINOLEATE, CI 77891 (TITANIUM DIOXIDE), SUCROSE TETRASTEARATE TRIACETATE, CI 77491 (IRON OXIDES), HYDROGENATED CASTOR OIL, SYNTHETIC WAX, COPERNICIA CERIFERA CERA (CARNAUBA WAX), POLYGLYCERYL-4 DIISOSTEARATE/POLYHYDROXYSTEARATE/SEBACATE, CI 77499 (IRON OXIDES), CI 77492 (IRON OXIDES), DISTEARDIMONIUM HECTORITE, TOCOPHEROL, PROPYLENE CARBONATE",yes,yes,ja
Automatic Pencil for Lips LL21 Natural Beige,en,https://image.labiosthetique.com/i/square-1440/m2-product:automatic_pencil_for_lips_ll21_natural_beige_324085_0_28g_601ba72.jpg/feed-media.jpg,https://www.labiosthetique.de/automatic-pencil-for-lips?childSku=4040218896756,/automatic-pencil-for-lips?childSku=4040218896756,019002,The waterproof lip liner creates wonderfully defined lips.,"24,50 €",0,"0,28 g",Make-up,Twist the liner out of the automatic case and gently outline or shade the lip line. Caution: you cannot twist the liner back into the case!,"C9-12 ALKANE, MICA, BIS-BEHENYL/ISOSTEARYL/PHYTOSTERYL DIMER DILINOLEYL DIMER DILINOLEATE, CI 77891 (TITANIUM DIOXIDE), SUCROSE TETRASTEARATE TRIACETATE, CI 77491 (IRON OXIDES), HYDROGENATED CASTOR OIL, SYNTHETIC WAX, COPERNICIA CERIFERA CERA (CARNAUBA WAX), POLYGLYCERYL-4 DIISOSTEARATE/POLYHYDROXYSTEARATE/SEBACATE, CI 77499 (IRON OXIDES), CI 77492 (IRON OXIDES), DISTEARDIMONIUM HECTORITE, TOCOPHEROL, PROPYLENE CARBONATE",yes,yes,ja
Belesthétique The Concentrate,de,https://image.labiosthetique.com/i/square-1440/m2-product:belesth_tique_the_concentrate_247897_30ml_868e56b.jpg/feed-media.jpg,https://www.labiosthetique.de/belesthetique-the-concentrate,/belesthetique-the-concentrate,002196,"Das kraftvolle Zusammenspiel dreier Wirkkomplexe aus erlesenen pflanzlichen Inhaltsstoffen entgiftet und reduziert Alterungsprozesse in der Haut. So sorgt The Concentrate auf hochwirksame, natürliche Weise für ein sichtbar verjüngtes Hautbild.","140,50 €","4.683,33 € / 1 l",30 ml,Hautpflege,The Concentrate morgens und abends nach der Gesichtsreinigung und vor der Anwendung von The Cream auf die Gesichtshaut auftragen.,"AQUA (WATER), GLYCERIN, CAPRYLIC/CAPRIC TRIGLYCERIDE, ETHYLHEXYL STEARATE, SQUALANE, HYDROGENATED COCO-GLYCERIDES, SACCHARIDE ISOMERATE, BUTYROSPERMUM PARKII (SHEA) BUTTER, GLYCERYL STEARATE CITRATE, PENTAERYTHRITYL DISTEARATE, GLYCERYL CITRATE/LACTATE/LINOLEATE/OLEATE, LAUROYL LYSINE, BUTYLENE GLYCOL, PHENOXYETHANOL, ACRYLATES/C10-30 ALKYL ACRYLATE CROSSPOLYMER, SODIUM STEAROYL GLUTAMATE, TROMETHAMINE, PARFUM (FRAGRANCE), TUBER MAGNATUM EXTRACT, BEHENYL ALCOHOL, GLYCERYL STEARATE, DECYL GLUCOSIDE, TETRAMETHYL ACETYLOCTAHYDRONAPHTHALENES, HYDROXYACETOPHENONE, GLUTAMINE, PALMITIC ACID, STEARIC ACID, BENZOIC ACID, CAPRYLYL GLYCOL, FRUCTAN, CITRIC ACID, GYNOSTEMMA PENTAPHYLLUM LEAF/STEM EXTRACT, OLEA EUROPAEA (OLIVE) LEAF EXTRACT, LECITHIN, DEHYDROACETIC ACID, CERAMIDE NG, IRIS FLORENTINA ROOT EXTRACT, SODIUM CITRATE, CITRUS AURANTIUM BERGAMIA (BERGAMOT) PEEL OIL, ALPHA-ISOMETHYL IONONE, CETYL ALCOHOL, LAURYL ALCOHOL, MYRISTYL ALCOHOL, PHENETHYL ALCOHOL, ASCORBYL PALMITATE, LIMONENE, CISTUS INCANUS FLOWER/LEAF/STEM EXTRACT, LINALOOL, TOCOPHEROL, LINALYL ACETATE, ZIZYPHUS JUJUBA FRUIT EXTRACT, GERANIOL, TERPINEOL, HYDROGENATED PALM GLYCERIDES CITRATE, PINENE, ASCORBIC ACID, POTASSIUM SORBATE, SODIUM BENZOATE",yes,yes,ja
Belesthétique The Concentrate,en,https://image.labiosthetique.com/i/square-1440/m2-product:belesth_tique_the_concentrate_247897_30ml_868e56b.jpg/feed-media.jpg,https://www.labiosthetique.de/belesthetique-the-concentrate,/belesthetique-the-concentrate,002196,"With effect complexes of exclusive plant extracts, The Eye Cream relaxes, lifts and defines the sensitive skin around the eyes and lips and naturally restores its youthful radiance.","140,50 €","4.683,33 € / 1 l",30 ml,Skin care,Apply the Eye Cream to the sensitive eye contours and lipline every morning and evening after cleansing the face.,"AQUA (WATER), GLYCERIN, CAPRYLIC/CAPRIC TRIGLYCERIDE, ETHYLHEXYL STEARATE, SQUALANE, HYDROGENATED COCO-GLYCERIDES, SACCHARIDE ISOMERATE, BUTYROSPERMUM PARKII (SHEA) BUTTER, GLYCERYL STEARATE CITRATE, PENTAERYTHRITYL DISTEARATE, GLYCERYL CITRATE/LACTATE/LINOLEATE/OLEATE, LAUROYL LYSINE, BUTYLENE GLYCOL, PHENOXYETHANOL, ACRYLATES/C10-30 ALKYL ACRYLATE CROSSPOLYMER, SODIUM STEAROYL GLUTAMATE, TROMETHAMINE, PARFUM (FRAGRANCE), TUBER MAGNATUM EXTRACT, BEHENYL ALCOHOL, GLYCERYL STEARATE, DECYL GLUCOSIDE, TETRAMETHYL ACETYLOCTAHYDRONAPHTHALENES, HYDROXYACETOPHENONE, GLUTAMINE, PALMITIC ACID, STEARIC ACID, BENZOIC ACID, CAPRYLYL GLYCOL, FRUCTAN, CITRIC ACID, GYNOSTEMMA PENTAPHYLLUM LEAF/STEM EXTRACT, OLEA EUROPAEA (OLIVE) LEAF EXTRACT, LECITHIN, DEHYDROACETIC ACID, CERAMIDE NG, IRIS FLORENTINA ROOT EXTRACT, SODIUM CITRATE, CITRUS AURANTIUM BERGAMIA (BERGAMOT) PEEL OIL, ALPHA-ISOMETHYL IONONE, CETYL ALCOHOL, LAURYL ALCOHOL, MYRISTYL ALCOHOL, PHENETHYL ALCOHOL, ASCORBYL PALMITATE, LIMONENE, CISTUS INCANUS FLOWER/LEAF/STEM EXTRACT, LINALOOL, TOCOPHEROL, LINALYL ACETATE, ZIZYPHUS JUJUBA FRUIT EXTRACT, GERANIOL, TERPINEOL, HYDROGENATED PALM GLYCERIDES CITRATE, PINENE, ASCORBIC ACID, POTASSIUM SORBATE, SODIUM BENZOATE",yes,yes,ja
Beautifier,de,https://image.labiosthetique.com/i/square-1440/m2-product:beautifier_355019_15ml_87ee35d.jpg/feed-media.jpg,https://www.labiosthetique.de/beautifier,/beautifier,021211,"Strahlende, golden-roséfarbene Akzente für ausgewählte Partien im Gesicht und am Körper.","36,50 €",0,15 ml,Make-Up,"Mit einem Pinsel oder den Fingerspitzen auf ausgewählte Gesichts- oder Körperpartien, wie z.B. auf den Wangen, den Augenlidern, dem Nasenrücken und dem Amorbogen auftragen. Alleine oder über dem Make-up anwendbar. Auch auf ausgewählten Körperpartien, wie z.B. Schultern oder Dekolleté.","AQUA (WATER), SHEA BUTTER ETHYL ESTERS, HYDROGENATED COCONUT OIL, SORBITAN STEARATE, GLYCERIN, SYNTHETIC FLUORPHLOGOPITE, PROPANEDIOL, TAPIOCA STARCH, CI 77891 (TITANIUM DIOXIDE), MICA, POTASSIUM CETYL PHOSPHATE, CI 77491 (IRON OXIDES), ETHYLHEXYLGLYCERIN, HYDROXYACETOPHENONE, SILICA, CAPRYLYL GLYCOL, XANTHAN GUM, PRUNUS CERASUS (BITTER CHERRY) FRUIT WATER, CITRIC ACID, TIN OXIDE, HETEROTHECA INULOIDES FLOWER EXTRACT",yes,yes,ja
Beautifier,en,https://image.labiosthetique.com/i/square-1440/m2-product:beautifier_355019_15ml_87ee35d.jpg/feed-media.jpg,https://www.labiosthetique.de/beautifier,/beautifier,021211,Radiant rose gold shades for selected areas of the face and body.,"36,50 €",0,15 ml,Make-up,"Use a brush or your fingertips to apply the cream gel to selected areas of the face or body, for example the cheeks, the eyelids, the bridge of the nose and the cupid’s bow. Can be used on its own or on top of make-up. Also suitable for selected areas of the body, for example the shoulders or décolleté.","AQUA (WATER), SHEA BUTTER ETHYL ESTERS, HYDROGENATED COCONUT OIL, SORBITAN STEARATE, GLYCERIN, SYNTHETIC FLUORPHLOGOPITE, PROPANEDIOL, TAPIOCA STARCH, CI 77891 (TITANIUM DIOXIDE), MICA, POTASSIUM CETYL PHOSPHATE, CI 77491 (IRON OXIDES), ETHYLHEXYLGLYCERIN, HYDROXYACETOPHENONE, SILICA, CAPRYLYL GLYCOL, XANTHAN GUM, PRUNUS CERASUS (BITTER CHERRY) FRUIT WATER, CITRIC ACID, TIN OXIDE, HETEROTHECA INULOIDES FLOWER EXTRACT",yes,yes,ja
Automatic Pencil for Lips LL29 Raspberry,de,https://image.labiosthetique.com/i/square-1440/m2-product:automatic_pencil_for_lips_ll29_raspberry_247667_0_28g_a34d8a1.jpg/feed-media.jpg,https://www.labiosthetique.de/automatic-pencil-for-lips?childSku=4040218872255,/automatic-pencil-for-lips?childSku=4040218872255,019031,"Der wasserfeste Lippenkonturen-Stift zaubert wunderschöne, definierte Lippen.","25,00 €",0,"0,28 g",Make-Up,Den Stift aus der Automatikhülle herausdrehen und die Lippenkontur sanft nachziehen oder nuancieren. Achtung: der Stift kann nicht zurückgedreht werden!,"SYNTHETIC WAX, MICA, ISODODECANE, HYDROGENATED POLYCYCLOPENTADIENE, POLYGLYCERYL-10 PENTAISOSTEARATE, HYDROGENATED POLY(C6-14 OLEFIN), HYDROGENATED POLYDECENE, HYDROGENATED POLYISOBUTENE, CI 77891 (TITANIUM DIOXIDE), POLYBUTENE, DISTEARDIMONIUM HECTORITE, CI 77492 (IRON OXIDES), CI 15850 (RED 6 LAKE), CI 77491 (IRON OXIDES), PROPYLENE CARBONATE, POLYETHYLENE, PENTAERYTHRITYL TETRA-DI-T-BUTYL HYDROXYHYDROCINNAMATE, CI 42090 (BLUE 1 LAKE), CI 77499 (IRON OXIDES)",no,no,ja
Automatic Pencil for Lips LL29 Raspberry,en,https://image.labiosthetique.com/i/square-1440/m2-product:automatic_pencil_for_lips_ll29_raspberry_247667_0_28g_a34d8a1.jpg/feed-media.jpg,https://www.labiosthetique.de/automatic-pencil-for-lips?childSku=4040218872255,/automatic-pencil-for-lips?childSku=4040218872255,019031,The waterproof lip liner creates wonderfully defined lips.,"25,00 €",0,"0,28 g",Make-up,Twist the liner out of the automatic case and gently outline or shade the lip line. Caution: you cannot twist the liner back into the case!,"SYNTHETIC WAX, MICA, ISODODECANE, HYDROGENATED POLYCYCLOPENTADIENE, POLYGLYCERYL-10 PENTAISOSTEARATE, HYDROGENATED POLY(C6-14 OLEFIN), HYDROGENATED POLYDECENE, HYDROGENATED POLYISOBUTENE, CI 77891 (TITANIUM DIOXIDE), POLYBUTENE, DISTEARDIMONIUM HECTORITE, CI 77492 (IRON OXIDES), CI 15850 (RED 6 LAKE), CI 77491 (IRON OXIDES), PROPYLENE CARBONATE, POLYETHYLENE, PENTAERYTHRITYL TETRA-DI-T-BUTYL HYDROXYHYDROCINNAMATE, CI 42090 (BLUE 1 LAKE), CI 77499 (IRON OXIDES)",no,no,ja
Perfect Skin 1/2 Light Beige,de,https://image.labiosthetique.com/i/square-1440/m2-product:perfect_skin_1_2_light_beige_391635_30ml_55c36ea.jpg/feed-media.jpg,https://www.labiosthetique.de/perfect-skin?childSku=4040218878455,/perfect-skin?childSku=4040218878455,021503,Mit hoher Pigmentdichte und starker Deckkraft gleicht die schmelzende Creme-Foundation Hautunebenheiten mühelos aus und sorgt für lang anhaltende Perfektion.,"40,00 €",0,30 ml,Make-Up,"Perfect Skin mit dem Foundation-Pinsel Nr. 15, einem Schwamm oder den Fingern von der Gesichtsmitte nach außen auftragen und gut verblenden. Mit einer dünnen Schicht beginnen und bei Bedarf wiederholen, um die Deckkraft zu erhöhen oder bestimmte Bereiche stärker abzudecken.",keine Angabe,no,no,ja
Perfect Skin 1/2 Light Beige,en,https://image.labiosthetique.com/i/square-1440/m2-product:perfect_skin_1_2_light_beige_391635_30ml_55c36ea.jpg/feed-media.jpg,https://www.labiosthetique.de/perfect-skin?childSku=4040218878455,/perfect-skin?childSku=4040218878455,021503,"With its high pigment density and strong coverage, the melting cream foundation effortlessly balances out skin imperfections and provides long-lasting protection.","40,00 €",0,30 ml,Make-up,"Use Foundation Brush No. 15, a sponge or your fingertips to apply Perfect Skin from the middle of the face outwards and blend well. Start with a thin layer and repeat as necessary to increase the coverage or achieve a stronger concealing effect in certain areas.",not specified,no,no,ja
Texturising Paste,de,https://image.labiosthetique.com/i/square-1440/m2-product:texturising_paste_398169_100ml_d155009.jpg/feed-media.jpg,https://www.labiosthetique.de/texturising-paste,/texturising-paste,110077,"Die geschmeidige, Textur gebende Paste ermöglicht vielseitige Styles, verleiht mittleren, flexiblen Halt und ein seidenmattes Finish, und das mit einer veganen, silikonfreien Formel mit 80 % Inhaltsstoffen natürlichen Ursprungs.","26,00 €","260,00 € / 1 l",100 ml,Styling,Texturising Paste ins trockene oder leicht feuchte Haar einarbeiten und wie gewünscht stylen.,"AQUA (WATER), VINYL CAPROLACTAM/VP/DIMETHYLAMINOETHYL METHACRYLATE COPOLYMER, CETEARYL ALCOHOL, GLYCERIN, GLYCERYL STEARATE, LAURETH-23, TRIACONTANYL PVP, VP/VA COPOLYMER, OCTYLDODECYL STEARATE, PETROLATUM, QUATERNIUM-70, BENZOIC ACID, POLYQUATERNIUM-55 , PROPYLENE GLYCOL, TROMETHAMINE, PARFUM (FRAGRANCE), PHENOXYETHANOL, CITRUS AURANTIUM PEEL OIL, LIMONENE, CAPRYLYL GLYCOL, HYDROGEN PEROXIDE, COUMARIN, ALCOHOL DENAT.",yes,yes,ja
Texturising Paste,en,https://image.labiosthetique.com/i/square-1440/m2-product:texturising_paste_398169_100ml_d155009.jpg/feed-media.jpg,https://www.labiosthetique.de/texturising-paste,/texturising-paste,110077,"The smooth, texturising paste enables versatile styles, gives medium, flexible hold and a silky matt finish with a vegan, silicone-free formula containing 80% ingredients of natural origin.","26,00 €","260,00 € / 1 l",100 ml,Styling,Work Texturising Paste into dry or slightly damp hair and style as desired.,"AQUA (WATER), VINYL CAPROLACTAM/VP/DIMETHYLAMINOETHYL METHACRYLATE COPOLYMER, CETEARYL ALCOHOL, GLYCERIN, GLYCERYL STEARATE, LAURETH-23, TRIACONTANYL PVP, VP/VA COPOLYMER, OCTYLDODECYL STEARATE, PETROLATUM, QUATERNIUM-70, BENZOIC ACID, POLYQUATERNIUM-55 , PROPYLENE GLYCOL, TROMETHAMINE, PARFUM (FRAGRANCE), PHENOXYETHANOL, CITRUS AURANTIUM PEEL OIL, LIMONENE, CAPRYLYL GLYCOL, HYDROGEN PEROXIDE, COUMARIN, ALCOHOL DENAT.",yes,yes,ja
Comforting Enzyme Peeling Mask,de,https://image.labiosthetique.com/i/square-1440/m2-product:comforting_enzyme_peeling_mask_392004_75ml_27f36c4.jpg/feed-media.jpg,https://www.labiosthetique.de/comforting-enzyme-peeling-mask,/comforting-enzyme-peeling-mask,003647,"Sanft wie eine Maske und wirksam wie ein Peeling verfeinert die Comforting Enzyme Peeling Mask das Hautbild, versorgt die Haut mit Feuchtigkeit und kurbelt die Zellerneuerung an. Für alle Liebhaber von Peeling Enzymatique wird dies Ihr neues Lieblingsprodukt.","34,50 €","460,00 € / 1 l",75 ml,Hautpflege,"Mehrmals wöchentlich unter Aussparung der Augenpartie auf die gereinigte Haut von Gesicht und Hals auftragen. Bei empfindlicher Haut genügt eine wöchentliche Anwendung. Mindestens 5, maximal 20 Minuten einwirken lassen. Anschließend mit lauwarmem Wasser abwaschen.","AQUA (WATER), GLYCERIN, CETEARYL ALCOHOL, CAPRYLIC/CAPRIC TRIGLYCERIDE, ISOPROPYL PALMITATE, LACTOBACILLUS/PUNICA GRANATUM FRUIT FERMENT EXTRACT, CETEARYL GLUCOSIDE , CETYL PALMITATE, COCO-CAPRYLATE/CAPRATE, HYDROGENATED COCO-GLYCERIDES, MYROTHAMNUS FLABELLIFOLIA LEAF/STEM EXTRACT, HYDROXYACETOPHENONE, SODIUM STEAROYL GLUTAMATE, 1,2-HEXANEDIOL, CAPRYLYL GLYCOL, LEUCONOSTOC/RADISH ROOT FERMENT FILTRATE, TOCOPHEROL",yes,yes,ja
Comforting Enzyme Peeling Mask,en,https://image.labiosthetique.com/i/square-1440/m2-product:comforting_enzyme_peeling_mask_392004_75ml_27f36c4.jpg/feed-media.jpg,https://www.labiosthetique.de/comforting-enzyme-peeling-mask,/comforting-enzyme-peeling-mask,003647,"As gentle as a mask and as effective as a peeling, Comforting Enzyme Peeling Mask refines the complexion, supplies the skin with moisture and boosts cell renewal. For all lovers of Peeling Enzymatique this will be your new favorite product.","34,50 €","460,00 € / 1 l",75 ml,Skin care,"Several times a week, apply the mask to the cleansed skin of the face and neck, leaving out the eye area. One application per week is sufficient for sensitive skin. Leave to take effect for at least 5 and a maximum of 20 minutes, then rinse off with lukewarm water.","AQUA (WATER), GLYCERIN, CETEARYL ALCOHOL, CAPRYLIC/CAPRIC TRIGLYCERIDE, ISOPROPYL PALMITATE, LACTOBACILLUS/PUNICA GRANATUM FRUIT FERMENT EXTRACT, CETEARYL GLUCOSIDE , CETYL PALMITATE, COCO-CAPRYLATE/CAPRATE, HYDROGENATED COCO-GLYCERIDES, MYROTHAMNUS FLABELLIFOLIA LEAF/STEM EXTRACT, HYDROXYACETOPHENONE, SODIUM STEAROYL GLUTAMATE, 1,2-HEXANEDIOL, CAPRYLYL GLYCOL, LEUCONOSTOC/RADISH ROOT FERMENT FILTRATE, TOCOPHEROL",yes,yes,ja
Sensual Lipstick Creamy C153 Savannah,de,https://image.labiosthetique.com/i/square-1440/m2-product:sensual_lipstick_creamy_c153_savannah_410737_3_3g_2962de3.jpg/feed-media.jpg,https://www.labiosthetique.de/sensual-lipstick-creamy?childSku=4040218889253,/sensual-lipstick-creamy?childSku=4040218889253,019219,Der Creme-Lippenstift pflegt mit wertvollen Ölen und sorgt für einen verführerisch soften Kussmund.,"26,50 €",0,"3,3 g",Make-Up,Sensual Lipstick Creamy einfach auf die Lippen auftragen und schön sein! Durch sanftes Nachziehen der Lippenkontur in einem farblich auf den Creme-Lippenstift abgestimmten Konturenstift lässt sich die zarte Farbwirkung intensivieren.,"POLYGLYCERYL-2 TRIISOSTEARATE, CAPRYLIC/CAPRIC TRIGLYCERIDE, HELIANTHUS ANNUUS (SUNFLOWER) SEED WAX, CANDELILLA CERA (EUPHORBIA CERIFERA WAX), CI 77891 (TITANIUM DIOXIDE), CI 77491 (IRON OXIDES), CI 77492 (IRON OXIDES), AROMA (FLAVOR), SILICA, PENTAERYTHRITYL TETRA-DI-T-BUTYL HYDROXYHYDROCINNAMATE, CI 42090 (BLUE 1 LAKE), CI 15850 (RED 7 LAKE), ASCORBYL PALMITATE, HELIANTHUS ANNUUS (SUNFLOWER) SEED OIL, TOCOPHEROL, DICALCIUM PHOSPHATE, DISTEARDIMONIUM HECTORITE, POLYHYDROXYSTEARIC ACID, CI 15850 (RED 6), CI 15985 (YELLOW 6 LAKE), CI 19140 (YELLOW 5 LAKE), CI 45410 (RED 28 LAKE), CI 77499 (IRON OXIDES)",yes,yes,ja
Sensual Lipstick Creamy C153 Savannah,en,https://image.labiosthetique.com/i/square-1440/m2-product:sensual_lipstick_creamy_c153_savannah_410737_3_3g_2962de3.jpg/feed-media.jpg,https://www.labiosthetique.de/sensual-lipstick-creamy?childSku=4040218889253,/sensual-lipstick-creamy?childSku=4040218889253,019219,The cream lipstick contains high-quality conditioning oils for a seductively soft pout.,"26,50 €",0,"3,3 g",Make-up,Simply apply Sensual Lipstick Creamy to the lips for a beautiful effect. Gently outline the lip line with a lip liner to match the colour of the creamy lipstick for a more intense colour effect.,"POLYGLYCERYL-2 TRIISOSTEARATE, CAPRYLIC/CAPRIC TRIGLYCERIDE, HELIANTHUS ANNUUS (SUNFLOWER) SEED WAX, CANDELILLA CERA (EUPHORBIA CERIFERA WAX), CI 77891 (TITANIUM DIOXIDE), CI 77491 (IRON OXIDES), CI 77492 (IRON OXIDES), AROMA (FLAVOR), SILICA, PENTAERYTHRITYL TETRA-DI-T-BUTYL HYDROXYHYDROCINNAMATE, CI 42090 (BLUE 1 LAKE), CI 15850 (RED 7 LAKE), ASCORBYL PALMITATE, HELIANTHUS ANNUUS (SUNFLOWER) SEED OIL, TOCOPHEROL, DICALCIUM PHOSPHATE, DISTEARDIMONIUM HECTORITE, POLYHYDROXYSTEARIC ACID, CI 15850 (RED 6), CI 15985 (YELLOW 6 LAKE), CI 19140 (YELLOW 5 LAKE), CI 45410 (RED 28 LAKE), CI 77499 (IRON OXIDES)",yes,yes,ja
Spa Aluminium free Roll-on Deodorant,de,https://image.labiosthetique.com/i/square-1440/m2-product:spa_aluminium_free_roll_on_deodorant_329705_50ml_7e6892d.jpg/feed-media.jpg,https://www.labiosthetique.de/spa-aluminium-free-roll-on-deodorant-1,/spa-aluminium-free-roll-on-deodorant-1,002323,Deodorant zur Vermeidung von Schweißgeruch für sensible Haut,"21,50 €","430,00 € / 1 l",50 ml,Hautpflege,"Das Roll-on Deodorant ohne Aluminium direkt auf die saubere, trockene Haut der Achselhöhle auftragen. Nicht unmittelbar nach der Rasur anwenden.","AQUA (WATER), ALCOHOL DENAT., TRIETHYL CITRATE, GLYCERIN, PROPYLENE GLYCOL, ZINC RICINOLEATE, ARGININE, ACACIA SENEGAL GUM, DECYL OLEATE, PARFUM (FRAGRANCE), POLYGLYCERYL-3 CAPRYLATE, DICAPRYLYL CARBONATE, XANTHAN GUM, GLYCERYL STEARATE CITRATE, CITRIC ACID, SODIUM CAPROYL/LAUROYL LACTYLATE, TETRAMETHYL ACETYLOCTAHYDRONAPHTHALENES, INULIN, LIMONENE, CITRUS LIMON PEEL OIL, CITRUS AURANTIUM PEEL OIL, ALPHA-GLUCAN OLIGOSACCHARIDE, PINENE, CITRAL, SALVIA OFFICINALIS (SAGE) OIL, LEMONGRASS OIL, LINALOOL, TOCOPHEROL, HELIANTHUS ANNUUS (SUNFLOWER) SEED OIL",no,no,ja
Spa Aluminium free Roll-on Deodorant,en,https://image.labiosthetique.com/i/square-1440/m2-product:spa_aluminium_free_roll_on_deodorant_329705_50ml_7e6892d.jpg/feed-media.jpg,https://www.labiosthetique.de/spa-aluminium-free-roll-on-deodorant-1,/spa-aluminium-free-roll-on-deodorant-1,002323,"The aluminium-free roll-on deodorant was exclusively created for La Biosthétique by the master of scent essences, Geza Schön","21,50 €","430,00 € / 1 l",50 ml,Skin care,Apply evenly to the underarms. Close properly after use. Please note: Avoid applying to irritated skin.,"AQUA (WATER), ALCOHOL DENAT., TRIETHYL CITRATE, GLYCERIN, PROPYLENE GLYCOL, ZINC RICINOLEATE, ARGININE, ACACIA SENEGAL GUM, DECYL OLEATE, PARFUM (FRAGRANCE), POLYGLYCERYL-3 CAPRYLATE, DICAPRYLYL CARBONATE, XANTHAN GUM, GLYCERYL STEARATE CITRATE, CITRIC ACID, SODIUM CAPROYL/LAUROYL LACTYLATE, TETRAMETHYL ACETYLOCTAHYDRONAPHTHALENES, INULIN, LIMONENE, CITRUS LIMON PEEL OIL, CITRUS AURANTIUM PEEL OIL, ALPHA-GLUCAN OLIGOSACCHARIDE, PINENE, CITRAL, SALVIA OFFICINALIS (SAGE) OIL, LEMONGRASS OIL, LINALOOL, TOCOPHEROL, HELIANTHUS ANNUUS (SUNFLOWER) SEED OIL",no,no,ja
Spa Relaxing Body Lotion,de,https://image.labiosthetique.com/i/square-1440/m2-product:spa_relaxing_body_lotion_329785_50ml_133e544.jpg/feed-media.jpg,https://www.labiosthetique.de/spa-relaxing-body-lotion?childSku=4040218855852,/spa-relaxing-body-lotion?childSku=4040218855852,003672,Entspannende Körperlotion,"10,50 €","210,00 € / 1 l",50 ml,Hautpflege,"Nach dem Bad, der Dusche oder einem Peeling gleichmäßig und in kreisenden Bewegungen auf der sauberen, trockenen Körperhaut verteilen. Sanft einmassieren oder einige Minuten einziehen lassen.","AQUA (WATER), ISOPROPYL PALMITATE, CAPRYLIC/CAPRIC TRIGLYCERIDE, HYDROGENATED COCO-GLYCERIDES, SORBITOL, C14-22 ALCOHOLS, PARFUM (FRAGRANCE), ALPHA-GLUCAN OLIGOSACCHARIDE, INULIN, SODIUM GLUCONATE, SODIUM STEAROYL GLUTAMATE, SODIUM LACTATE, LYSOLECITHIN, SCLEROTIUM GUM, C12-20 ALKYL GLUCOSIDE, SILICA, XANTHAN GUM, PULLULAN, PHENOXYETHANOL, BENZOIC ACID, ETHYLHEXYLGLYCERIN, DEHYDROACETIC ACID, TETRAMETHYL ACETYLOCTAHYDRONAPHTHALENES, LIMONENE, METHYLPROPANEDIOL, CITRUS LIMON (LEMON) PEEL OIL, CITRUS AURANTIUM PEEL OIL, CAPRYLHYDROXAMIC ACID, PINENE, COUMARIN, CITRAL, LEMONGRASS OIL, LINALOOL, GERANYL ACETATE",yes,no,ja
Spa Relaxing Body Lotion,en,https://image.labiosthetique.com/i/square-1440/m2-product:spa_relaxing_body_lotion_329785_50ml_133e544.jpg/feed-media.jpg,https://www.labiosthetique.de/spa-relaxing-body-lotion?childSku=4040218855852,/spa-relaxing-body-lotion?childSku=4040218855852,003672,Relaxing body lotion,"10,50 €","210,00 € / 1 l",50 ml,Skin care,"After bathing, showering or an exfoliation treatment, evenly distribute the body milk on the clean, dry body skin with circling motions. Gently massage in or leave to absorb for a few minutes.","AQUA (WATER), ISOPROPYL PALMITATE, CAPRYLIC/CAPRIC TRIGLYCERIDE, HYDROGENATED COCO-GLYCERIDES, SORBITOL, C14-22 ALCOHOLS, PARFUM (FRAGRANCE), ALPHA-GLUCAN OLIGOSACCHARIDE, INULIN, SODIUM GLUCONATE, SODIUM STEAROYL GLUTAMATE, SODIUM LACTATE, LYSOLECITHIN, SCLEROTIUM GUM, C12-20 ALKYL GLUCOSIDE, SILICA, XANTHAN GUM, PULLULAN, PHENOXYETHANOL, BENZOIC ACID, ETHYLHEXYLGLYCERIN, DEHYDROACETIC ACID, TETRAMETHYL ACETYLOCTAHYDRONAPHTHALENES, LIMONENE, METHYLPROPANEDIOL, CITRUS LIMON (LEMON) PEEL OIL, CITRUS AURANTIUM PEEL OIL, CAPRYLHYDROXAMIC ACID, PINENE, COUMARIN, CITRAL, LEMONGRASS OIL, LINALOOL, GERANYL ACETATE",yes,no,ja
Automatic Pencil for Eyes K31 Teal,de,https://image.labiosthetique.com/i/square-1440/m2-product:automatic_pencil_for_eyes_k31_teal_396591_0_35g_3e64cba.jpg/feed-media.jpg,https://www.labiosthetique.de/automatic-pencil-for-eyes?childSku=4040218881752,/automatic-pencil-for-eyes?childSku=4040218881752,017397,"Der elegante Automatic Pencil vereint hochpigmentierte Farbkraft mit wasserfester Haltbarkeit. Die weiche, zurückdrehbare Mine erlaubt präzise Linien oder Schattierungen, die den ganzen Tag halten.","24,50 €",0,"0,35 g",Make-Up,Vom inneren Augenwinkel entlang des Wimpernkranzes eine Linie zum äußeren Augenwinkel ziehen. Bei Bedarf mit dem Blending Tool am Ende des Stiftes oder einem Pinsel aussoften. Korrekturen können sofort mit Make-up Entferner und einem Wattestäbchen vorgenommen werden.,"C9-12 ALKANE, MICA, CI 77891 (TITANIUM DIOXIDE), BIS-BEHENYL/ISOSTEARYL/PHYTOSTERYL DIMER DILINOLEYL DIMER DILINOLEATE, SUCROSE TETRASTEARATE TRIACETATE, CALCIUM SODIUM BOROSILICATE, SYNTHETIC WAX, HYDROGENATED CASTOR OIL, CI 77510 (FERRIC FERROCYANIDE), POLYGLYCERYL-4 DIISOSTEARATE/POLYHYDROXYSTEARATE/SEBACATE, COPERNICIA CERIFERA CERA (CARNAUBA WAX), CI 77492 (IRON OXIDES), SILICA, CI 77491 (IRON OXIDES), DISTEARDIMONIUM HECTORITE, CI 77288 (CHROMIUM OXIDE GREEN), TOCOPHEROL, PROPYLENE CARBONATE, TIN OXIDE",yes,yes,ja
Automatic Pencil for Eyes K31 Teal,en,https://image.labiosthetique.com/i/square-1440/m2-product:automatic_pencil_for_eyes_k31_teal_396591_0_35g_3e64cba.jpg/feed-media.jpg,https://www.labiosthetique.de/automatic-pencil-for-eyes?childSku=4040218881752,/automatic-pencil-for-eyes?childSku=4040218881752,017397,"The elegant Automatic Pencil combines highly pigmented colour vibrancy with waterproof staying power. The soft, retractable lead allows users to draw precise lines or shading lasting all day long.","24,50 €",0,"0,35 g",Make-up,"Draw a line from the inner corner of the eye along the lash line to the outer corner of the eye. If needed, use the blending tool at the end of the pencil or a brush to soften the line. The line can be corrected immediately with make-up remover and a cotton bud.","C9-12 ALKANE, MICA, CI 77891 (TITANIUM DIOXIDE), BIS-BEHENYL/ISOSTEARYL/PHYTOSTERYL DIMER DILINOLEYL DIMER DILINOLEATE, SUCROSE TETRASTEARATE TRIACETATE, CALCIUM SODIUM BOROSILICATE, SYNTHETIC WAX, HYDROGENATED CASTOR OIL, CI 77510 (FERRIC FERROCYANIDE), POLYGLYCERYL-4 DIISOSTEARATE/POLYHYDROXYSTEARATE/SEBACATE, COPERNICIA CERIFERA CERA (CARNAUBA WAX), CI 77492 (IRON OXIDES), SILICA, CI 77491 (IRON OXIDES), DISTEARDIMONIUM HECTORITE, CI 77288 (CHROMIUM OXIDE GREEN), TOCOPHEROL, PROPYLENE CARBONATE, TIN OXIDE",yes,yes,ja
Silky Eyeshadow Coca Mocha,de,https://image.labiosthetique.com/i/square-1440/m2-product:silky_eyeshadow_coca_mocha_418582_6ml_e700810.jpg/feed-media.jpg,https://www.labiosthetique.de/silky-eyeshadow-coca-mocha,/silky-eyeshadow-coca-mocha,017399,"Silky Eyeshadow setzt das Auge mit einem seidigen Farbschimmer in Szene und ist dabei so leicht und flexibel in der Anwendung, dass er in jedes Make-up Kit gehört.","21,50 €",0,6 ml,Make-Up,Den Lidschatten mit den Fingerspitzen oder einem Lidschattenpinsel auf das trockene Lid auftragen und sanft verblenden. Für einen intensiveren Effekt die Farbe in mehreren Schichten auftragen.,"AQUA (WATER), MICA, CI 77499 (IRON OXIDES), DIMETHICONE, GLYCERIN, PROPANEDIOL, DIMETHICONE/VINYL DIMETHICONE CROSSPOLYMER, HYDROXYETHYL ACRYLATE/SODIUM ACRYLOYLDIMETHYL TAURATE COPOLYMER, 1,2-HEXANEDIOL, CI 77891 (TITANIUM DIOXIDE), HYDROXYACETOPHENONE, CI 77491 (IRON OXIDES), CAPRYLHYDROXAMIC ACID, SORBITAN ISOSTEARATE, SODIUM BENZOATE, TIN OXIDE, LACTIC ACID, SODIUM HYDROXIDE",no,yes,ja
Silky Eyeshadow Coca Mocha,en,https://image.labiosthetique.com/i/square-1440/m2-product:silky_eyeshadow_coca_mocha_418582_6ml_e700810.jpg/feed-media.jpg,https://www.labiosthetique.de/silky-eyeshadow-coca-mocha,/silky-eyeshadow-coca-mocha,017399,Silky Eyeshadow draws attention to the eyes with a silky colour shimmer and is so easy and flexible to apply that it is an essential for every make-up kit.,"21,50 €",0,6 ml,Make-up,"Apply the eyeshadow to the dry eyelid with your fingertips or an eyeshadow brush, then softly blend it. Apply several layers for a more intense effect.","AQUA (WATER), MICA, CI 77499 (IRON OXIDES), DIMETHICONE, GLYCERIN, PROPANEDIOL, DIMETHICONE/VINYL DIMETHICONE CROSSPOLYMER, HYDROXYETHYL ACRYLATE/SODIUM ACRYLOYLDIMETHYL TAURATE COPOLYMER, 1,2-HEXANEDIOL, CI 77891 (TITANIUM DIOXIDE), HYDROXYACETOPHENONE, CI 77491 (IRON OXIDES), CAPRYLHYDROXAMIC ACID, SORBITAN ISOSTEARATE, SODIUM BENZOATE, TIN OXIDE, LACTIC ACID, SODIUM HYDROXIDE",no,yes,ja
glam + colour Icy Crystal .07 .LV  Colouring Shampoo,de,https://image.labiosthetique.com/i/square-1440/m2-product:glam_colour_icy_crystal_.07_.lv_colouring_shampoo_381822_250ml_920afe5.jpg/feed-media.jpg,https://www.labiosthetique.de/glam-colour-icy-crystal-07-lv-colouring-shampoo,/glam-colour-icy-crystal-07-lv-colouring-shampoo,120603,"Das Farbshampoo mit Farbschutz neutralisiert leichte Goldreflexe und belebt blondiertes, coloriertes und naturblondes Haar mit einem kühlen Kristallschimmer.","29,50 €","118,00 € / 1 l",250 ml,Haar- & Kopfhautpflege,"Das Shampoo gleichmäßig im feuchten Haar verteilen, aufemulgieren und gründlich ausspülen. Bei Bedarf wiederholen.","AQUA (WATER), COCAMIDOPROPYL BETAINE, SODIUM METHYL COCOYL TAURATE, DECYL GLUCOSIDE, SODIUM CHLORIDE, LACTIC ACID, SODIUM BENZOATE, DIMETHYLPABAMIDOPROPYL LAURDIMONIUM TOSYLATE, HYDROXYPROPYL OXIDIZED STARCH PG-TRIMONIUM CHLORIDE, PARFUM (FRAGRANCE), PANTHENOL, BUTYLENE GLYCOL, CITRIC ACID, SODIUM POLYPHOSPHATE, STARCH HYDROXYPROPYLTRIMONIUM CHLORIDE, TETRAMETHYL ACETYLOCTAHYDRONAPHTHALENES, SODIUM LACTATE, HELIANTHUS ANNUUS (SUNFLOWER) SEED EXTRACT, ACID VIOLET 43, UREA, CITRUS AURANTIUM BERGAMIA (BERGAMOT) PEEL OIL, LIMONENE, LINALOOL, GLYCERIN, LEVULINIC ACID, P-ANISIC ACID, PHENOXYETHANOL, BASIC VIOLET 2, ETHYLHEXYLGLYCERIN",no,no,ja
glam + colour Icy Crystal .07 .LV  Colouring Shampoo,en,https://image.labiosthetique.com/i/square-1440/m2-product:glam_colour_icy_crystal_.07_.lv_colouring_shampoo_381822_250ml_920afe5.jpg/feed-media.jpg,https://www.labiosthetique.de/glam-colour-icy-crystal-07-lv-colouring-shampoo,/glam-colour-icy-crystal-07-lv-colouring-shampoo,120603,"The colour shampoo with colour protection neutralises light golden reflections and revitalises bleached, coloured and natural blonde hair with a cool crystal shimmer.","29,50 €","118,00 € / 1 l",250 ml,Hair & scalp care,"Distribute the shampoo evenly through damp hair, emulsify and rinse thoroughly. Repeat if necessary.","AQUA (WATER), COCAMIDOPROPYL BETAINE, SODIUM METHYL COCOYL TAURATE, DECYL GLUCOSIDE, SODIUM CHLORIDE, LACTIC ACID, SODIUM BENZOATE, DIMETHYLPABAMIDOPROPYL LAURDIMONIUM TOSYLATE, HYDROXYPROPYL OXIDIZED STARCH PG-TRIMONIUM CHLORIDE, PARFUM (FRAGRANCE), PANTHENOL, BUTYLENE GLYCOL, CITRIC ACID, SODIUM POLYPHOSPHATE, STARCH HYDROXYPROPYLTRIMONIUM CHLORIDE, TETRAMETHYL ACETYLOCTAHYDRONAPHTHALENES, SODIUM LACTATE, HELIANTHUS ANNUUS (SUNFLOWER) SEED EXTRACT, ACID VIOLET 43, UREA, CITRUS AURANTIUM BERGAMIA (BERGAMOT) PEEL OIL, LIMONENE, LINALOOL, GLYCERIN, LEVULINIC ACID, P-ANISIC ACID, PHENOXYETHANOL, BASIC VIOLET 2, ETHYLHEXYLGLYCERIN",no,no,ja
Perfect Volume Cornflower,de,https://image.labiosthetique.com/i/square-1440/m2-product:perfect_volume_cornflower_396600_8ml_f11b50b.jpg/feed-media.jpg,https://www.labiosthetique.de/perfect-volume?childSku=4040218881851,/perfect-volume?childSku=4040218881851,017675,"Die Volumen-Wimperntusche zaubert ultimatives Volumen, verführerischen Glanz und flexiblem Halt - mit sofortigem Wow-Effekt.","27,00 €",0,8 ml,Make-Up,Die Wimpern mit nach unten gerichtetem Blick in einer Zick- Zack-Bewegung vom Ansatz bis zur Spitze mit Perfect Volume tuschen.,"AQUA (WATER), CI 77007 (ULTRAMARINES), HELIANTHUS ANNUUS (SUNFLOWER) SEED WAX, HYDROGENATED OLIVE OIL STEARYL ESTERS, COPERNICIA CERIFERA CERA (CARNAUBA WAX), LACTOBACILLUS FERMENT, PROPANEDIOL, STEARIC ACID, PALMITIC ACID, OLEA EUROPAEA (OLIVE) OIL UNSAPONIFIABLES, ORYZA SATIVA (RICE) BRAN WAX, PULLULAN, AMINOMETHYL PROPANOL, 1,2-HEXANEDIOL, CAPRYLYL GLYCOL, CI 77891 (TITANIUM DIOXIDE), GALACTOARABINAN, HYDROXYETHYLCELLULOSE, CI 77499 (IRON OXIDES), RHUS SUCCEDANEA FRUIT CERA, SHOREA ROBUSTA RESIN, ROSA CENTIFOLIA FLOWER CERA, ROSA DAMASCENA FLOWER CERA, DISODIUM PHOSPHATE, POLYSORBATE 60, SODIUM PHOSPHATE",yes,yes,ja
Perfect Volume Cornflower,en,https://image.labiosthetique.com/i/square-1440/m2-product:perfect_volume_cornflower_396600_8ml_f11b50b.jpg/feed-media.jpg,https://www.labiosthetique.de/perfect-volume?childSku=4040218881851,/perfect-volume?childSku=4040218881851,017675,"The volumising mascara provides ultimate volume, seductive shine and flexible hold – for that instant wow effect.","27,00 €",0,8 ml,Make-up,"For best results, first apply Perfect Boost mascara base to the lashes. Then, look down as you apply Perfect Volume mascara in a zig-zag direction from roots to tips.","AQUA (WATER), CI 77007 (ULTRAMARINES), HELIANTHUS ANNUUS (SUNFLOWER) SEED WAX, HYDROGENATED OLIVE OIL STEARYL ESTERS, COPERNICIA CERIFERA CERA (CARNAUBA WAX), LACTOBACILLUS FERMENT, PROPANEDIOL, STEARIC ACID, PALMITIC ACID, OLEA EUROPAEA (OLIVE) OIL UNSAPONIFIABLES, ORYZA SATIVA (RICE) BRAN WAX, PULLULAN, AMINOMETHYL PROPANOL, 1,2-HEXANEDIOL, CAPRYLYL GLYCOL, CI 77891 (TITANIUM DIOXIDE), GALACTOARABINAN, HYDROXYETHYLCELLULOSE, CI 77499 (IRON OXIDES), RHUS SUCCEDANEA FRUIT CERA, SHOREA ROBUSTA RESIN, ROSA CENTIFOLIA FLOWER CERA, ROSA DAMASCENA FLOWER CERA, DISODIUM PHOSPHATE, POLYSORBATE 60, SODIUM PHOSPHATE",yes,yes,ja
Brow Definer B03 Beige Brown,de,https://image.labiosthetique.com/i/square-1440/m2-product:brow_definer_b03_beige_brown_406089_0_09g_7109c30.jpg/feed-media.jpg,https://www.labiosthetique.de/brow-definer?childSku=4040218890051,/brow-definer?childSku=4040218890051,017646,"Der stylish schlanke Brow Definer definiert mühelos präzise, natürlich wirkende Brauen, setzt einzelne Härchen und nuanciert Konturen. Die ultrafeine Spitze ist auf einen Dreh perfekt on point. Mit veganen, natürlichen Inhaltsstoffen und pflegenden Vitaminen.","24,50 €",0,"0,09 g",Make-Up,"Die feine Spitze herausdrehen und kurze, haarähnliche Striche setzen für eine natürliche Definition der Brauen. Ein sanfter Druck genügt. Ein etwas stärkerer Druck intensiviert die Strichbreite und den Ausdruck. Mit dem integrierten Bürstchen verblenden und die Brauen in Form bringen – perfekt in Sekunden!","OCTYLDODECANOL, CI 77891 (TITANIUM DIOXIDE), HYDROGENATED VEGETABLE OIL, ORYZA SATIVA (RICE) BRAN WAX, CI 77492 (IRON OXIDES), SYNTHETIC WAX, COPERNICIA CERIFERA CERA (CARNAUBA WAX), CI 77499 (IRON OXIDES), CI 77491 (IRON OXIDES), ETHYLCELLULOSE, MICA, TOCOPHEROL, ASCORBYL PALMITATE",yes,yes,ja
Brow Definer B03 Beige Brown,en,https://image.labiosthetique.com/i/square-1440/m2-product:brow_definer_b03_beige_brown_406089_0_09g_7109c30.jpg/feed-media.jpg,https://www.labiosthetique.de/brow-definer?childSku=4040218890051,/brow-definer?childSku=4040218890051,017646,"The stylishly slim Brow Definer effortlessly defines precise, natural-looking eyebrows, fills in individual hairs and shades contours. Its ultra-fine tip delivers on-point results with just one twist. With vegan, natural ingredients and caring vitamins.","24,50 €",0,"0,09 g",Make-up,"Twist out the fine tip and draw short, hair-like lines for natural brow definition. Light pressure is sufficient. Slightly stronger pressure intensifies the line thickness and expression. Blend with the integrated brush and shape the brows – for a perfect result in seconds!","OCTYLDODECANOL, CI 77891 (TITANIUM DIOXIDE), HYDROGENATED VEGETABLE OIL, ORYZA SATIVA (RICE) BRAN WAX, CI 77492 (IRON OXIDES), SYNTHETIC WAX, COPERNICIA CERIFERA CERA (CARNAUBA WAX), CI 77499 (IRON OXIDES), CI 77491 (IRON OXIDES), ETHYLCELLULOSE, MICA, TOCOPHEROL, ASCORBYL PALMITATE",yes,yes,ja
Pencil for Eyes Midnight Silk,de,https://image.labiosthetique.com/i/square-1440/m2-product:pencil_for_eyes_midnight_silk_247605_1_06g_109e3e5.jpg/feed-media.jpg,https://www.labiosthetique.de/pencil-for-eyes?childSku=4040218775150,/pencil-for-eyes?childSku=4040218775150,017573,Der herrlich sanfte Kajal lässt sich durch seine einzigartig geschmeidige Textur hochpräzise auftragen und verleiht den Augen eine natürlich wache Ausstrahlungskraft.,"22,00 €",0,"1,06 g",Make-Up,Pencil for Eyes auf den inneren Rand der Augen oder am unteren und/oder oberen Wimpernansatz sanft auftragen.,"CI 77499 (IRON OXIDES), HYDROGENATED JOJOBA OIL, MICA, CAPRYLIC/CAPRIC TRIGLYCERIDE, HYDROGENATED VEGETABLE OIL, SIMMONDSIA CHINENSIS (JOJOBA) SEED OIL, BUTYROSPERMUM PARKII (SHEA) BUTTER, CI 77891 (TITANIUM DIOXIDE), CANOLA OIL, SCLEROCARYA BIRREA (MARULA) SEED OIL, CANDELILLA CERA (EUPHORBIA CERIFERA WAX), CI 77491 (IRON OXIDES), GLYCERYL CAPRYLATE, COPERNICIA CERIFERA CERA (CARNAUBA WAX), CI 77510 (FERRIC FERROCYANIDE), TOCOPHEROL, CI 75470 (CARMINE), HELIANTHUS ANNUUS (SUNFLOWER) SEED OIL, ASCORBYL PALMITATE",yes,no,ja
Pencil for Eyes Midnight Silk,en,https://image.labiosthetique.com/i/square-1440/m2-product:pencil_for_eyes_midnight_silk_247605_1_06g_109e3e5.jpg/feed-media.jpg,https://www.labiosthetique.de/pencil-for-eyes?childSku=4040218775150,/pencil-for-eyes?childSku=4040218775150,017573,"The wonderfully soft eye pencil features a uniquely silky texture for high-precision application and naturally wide awake, beautifully radiant eyes","22,00 €",0,"1,06 g",Make-up,Gently apply Pencil for Eyes to the inside edge of your eyes or on the bottom and/or top lashes.,"CI 77499 (IRON OXIDES), HYDROGENATED JOJOBA OIL, MICA, CAPRYLIC/CAPRIC TRIGLYCERIDE, HYDROGENATED VEGETABLE OIL, SIMMONDSIA CHINENSIS (JOJOBA) SEED OIL, BUTYROSPERMUM PARKII (SHEA) BUTTER, CI 77891 (TITANIUM DIOXIDE), CANOLA OIL, SCLEROCARYA BIRREA (MARULA) SEED OIL, CANDELILLA CERA (EUPHORBIA CERIFERA WAX), CI 77491 (IRON OXIDES), GLYCERYL CAPRYLATE, COPERNICIA CERIFERA CERA (CARNAUBA WAX), CI 77510 (FERRIC FERROCYANIDE), TOCOPHEROL, CI 75470 (CARMINE), HELIANTHUS ANNUUS (SUNFLOWER) SEED OIL, ASCORBYL PALMITATE",yes,no,ja
Pencil for Eyes Marble Silk,de,https://image.labiosthetique.com/i/square-1440/m2-product:pencil_for_eyes_marble_silk_247593_1_06g_2079d43.jpg/feed-media.jpg,https://www.labiosthetique.de/pencil-for-eyes?childSku=4040218829150,/pencil-for-eyes?childSku=4040218829150,017099,Der herrlich sanfte Kajal lässt sich durch seine einzigartig geschmeidige Textur hochpräzise auftragen und verleiht den Augen eine natürlich wache Ausstrahlungskraft.,"22,00 €",0,"1,06 g",Make-Up,Pencil for Eyes auf den inneren Rand der Augen oder am unteren und/oder oberen Wimpernansatz sanft auftragen.,"CI 77891 (TITANIUM DIOXIDE), HYDROGENATED JOJOBA OIL, CAPRYLIC/CAPRIC TRIGLYCERIDE, HYDROGENATED VEGETABLE OIL, SIMMONDSIA CHINENSIS (JOJOBA) SEED OIL, MICA, BUTYROSPERMUM PARKII (SHEA) BUTTER, CANOLA OIL, SCLEROCARYA BIRREA (MARULA) SEED OIL, CANDELILLA CERA (EUPHORBIA CERIFERA WAX), CI 77492 (IRON OXIDES), GLYCERYL CAPRYLATE, COPERNICIA CERIFERA CERA (CARNAUBA WAX), CI 77491 (IRON OXIDES), TOCOPHEROL, HELIANTHUS ANNUUS (SUNFLOWER) SEED OIL, ASCORBYL PALMITATE",yes,yes,ja
Pencil for Eyes Marble Silk,en,https://image.labiosthetique.com/i/square-1440/m2-product:pencil_for_eyes_marble_silk_247593_1_06g_2079d43.jpg/feed-media.jpg,https://www.labiosthetique.de/pencil-for-eyes?childSku=4040218829150,/pencil-for-eyes?childSku=4040218829150,017099,"The wonderfully soft eye pencil features a uniquely silky texture for high-precision application and naturally wide awake, beautifully radiant eyes","22,00 €",0,"1,06 g",Make-up,Gently apply Pencil for Eyes to the inside edge of your eyes or on the bottom and/or top lashes.,"CI 77891 (TITANIUM DIOXIDE), HYDROGENATED JOJOBA OIL, CAPRYLIC/CAPRIC TRIGLYCERIDE, HYDROGENATED VEGETABLE OIL, SIMMONDSIA CHINENSIS (JOJOBA) SEED OIL, MICA, BUTYROSPERMUM PARKII (SHEA) BUTTER, CANOLA OIL, SCLEROCARYA BIRREA (MARULA) SEED OIL, CANDELILLA CERA (EUPHORBIA CERIFERA WAX), CI 77492 (IRON OXIDES), GLYCERYL CAPRYLATE, COPERNICIA CERIFERA CERA (CARNAUBA WAX), CI 77491 (IRON OXIDES), TOCOPHEROL, HELIANTHUS ANNUUS (SUNFLOWER) SEED OIL, ASCORBYL PALMITATE",yes,yes,ja
Molding Hair Laque,de,https://image.labiosthetique.com/i/square-1440/m2-product:molding_hair_laque_398145_300ml_56456ab.jpg/feed-media.jpg,https://www.labiosthetique.de/molding-hair-laque,/molding-hair-laque,110935,"Das Styling-Spray für Frisuren mit elastischem, mittlerem Halt ermöglicht durch eine leicht verzögerte Trocknungszeit ein kreatives Finish.","25,50 €","85,00 € / 1 l",300 ml,Styling,Molding Hair Laque partienweise ins trockene Haar sprühen und wie gewünscht stylen.,"ALCOHOL DENAT., BUTANE, PROPANE, OCTYLACRYLAMIDE/ACRYLATES/BUTYLAMINOETHYL METHACRYLATE COPOLYMER, AMINOMETHYL PROPANOL, AQUA (WATER), TRIETHYL CITRATE, PANTHENOL, PARFUM (FRAGRANCE), PHYTANTRIOL, TETRAMETHYL ACETYLOCTAHYDRONAPHTHALENES, LIMONENE, LINALOOL, LINALYL ACETATE, GERANIOL, CITRONELLOL, PINENE, CITRIC ACID, COUMARIN",yes,no,ja
Molding Hair Laque,en,https://image.labiosthetique.com/i/square-1440/m2-product:molding_hair_laque_398145_300ml_56456ab.jpg/feed-media.jpg,https://www.labiosthetique.de/molding-hair-laque,/molding-hair-laque,110935,"The styling spray for hairstyles with elastic, medium hold allows a creative finish thanks to its slightly delayed drying time.","25,50 €","85,00 € / 1 l",300 ml,Styling,Spray Molding Hair Laque into dry hair section by section and style as desired.,"ALCOHOL DENAT., BUTANE, PROPANE, OCTYLACRYLAMIDE/ACRYLATES/BUTYLAMINOETHYL METHACRYLATE COPOLYMER, AMINOMETHYL PROPANOL, AQUA (WATER), TRIETHYL CITRATE, PANTHENOL, PARFUM (FRAGRANCE), PHYTANTRIOL, TETRAMETHYL ACETYLOCTAHYDRONAPHTHALENES, LIMONENE, LINALOOL, LINALYL ACETATE, GERANIOL, CITRONELLOL, PINENE, CITRIC ACID, COUMARIN",yes,no,ja
Cream Gloss Candy Pink,de,https://image.labiosthetique.com/i/square-1440/m2-product:cream_gloss_candy_pink_378667_3_5ml_8427db0.jpg/feed-media.jpg,https://www.labiosthetique.de/cream-gloss?childSku=4040218870350,/cream-gloss?childSku=4040218870350,019885,Intensive Farbbrillanz und Pflege in Einem: Dieser hochglänzende Cream Gloss zaubert im Handumdrehen sinnlich volle Lippen für einen glamourösen Look.,"25,00 €",0,"3,5 ml",Make-Up,Cream Gloss mit Hilfe des Applikators auf die Lippen geben. Die cremige Textur ermöglicht ein einfaches und präzises Auftragen. Tipp: Für eine besondere 3-D-Wirkung die Lippen mit Konturen- und Lippenstift schminken und anschließend Gloss nur auf der Mitte der Ober- und Unterlippe auftragen.,"OLEIC/LINOLEIC/LINOLENIC POLYGLYCERIDES, RICINUS COMMUNIS (CASTOR) SEED OIL, HYDROGENATED VEGETABLE OIL, CI 77891 (TITANIUM DIOXIDE), KAOLIN, CANDELILLA CERA (EUPHORBIA CERIFERA WAX), CERA ALBA (BEESWAX), CI 19140 (YELLOW 5 LAKE), PARFUM (FRAGRANCE), CI 15850 (RED 7), SIMMONDSIA CHINENSIS (JOJOBA) SEED OIL, DICALCIUM PHOSPHATE",yes,no,ja
Cream Gloss Candy Pink,en,https://image.labiosthetique.com/i/square-1440/m2-product:cream_gloss_candy_pink_378667_3_5ml_8427db0.jpg/feed-media.jpg,https://www.labiosthetique.de/cream-gloss?childSku=4040218870350,/cream-gloss?childSku=4040218870350,019885,Intense colour brilliance and care in one: This high-gloss Cream Gloss gives you sensuously full and glamorous 50s-style lips in the time it takes you to create that perfect pout,"25,00 €",0,"3,5 ml",Make-up,Apply Cream Gloss to the lips with the help of the applicator. The creamy texture enables a precise and easy application. Tip: For a special 3D effect apply lipliner and lipstick and then just apply the gloss to the middle of the top and bottom lip.,"OLEIC/LINOLEIC/LINOLENIC POLYGLYCERIDES, RICINUS COMMUNIS (CASTOR) SEED OIL, HYDROGENATED VEGETABLE OIL, CI 77891 (TITANIUM DIOXIDE), KAOLIN, CANDELILLA CERA (EUPHORBIA CERIFERA WAX), CERA ALBA (BEESWAX), CI 19140 (YELLOW 5 LAKE), PARFUM (FRAGRANCE), CI 15850 (RED 7), SIMMONDSIA CHINENSIS (JOJOBA) SEED OIL, DICALCIUM PHOSPHATE",yes,no,ja
Skin Care Set Méthode Régénérante,de,https://image.labiosthetique.com/i/square-1440/m2-product:skin_care_set_m_thode_r_g_n_rante_411771_1Set_5d0ee68.jpg/feed-media.jpg,https://www.labiosthetique.de/skin-care-set-methode-regenerante,/skin-care-set-methode-regenerante,012902,"Das Méthode Régénérante Set bietet eine ganzheitliche Anti-Aging-Pflege. Eine milde Reinigung, ein hydratisierender Toner sowie eine leichte und eine reichhaltige Creme aktivieren die Regeneration, stärken die Hautbarriere und schenken eine sichtbar glatte, vitale und jugendlich frische Haut.","42,50 €",0,1 set,Hautpflege,"Die Rich Micellar Cleansing Cream morgens und abends auf Gesicht, Hals und Dekolleté auftragen, mit Wasser emulgieren und gründlich abspülen. Gleich anschließend den Revitalising Hydro Toner auf die noch leicht feuchte Haut auftragen. Die Pflegeroutine je nach dem momentanen Hautbedürfnis mit der befeuchtenden Revitalising Hydro Cream oder der reichhaltigen Revitalising Lipid Cream abschließen (z.B. Revitalising Hydro Cream am Morgen, Revitalising Lipid Cream am Abend).","Rich Micellar Cleansing Cream: INGREDIENTS: AQUA (WATER), GLYCOLIPIDS, CETEARYL ALCOHOL, HYDROGENATED CASTOR OIL, PALMITIC ACID, STEARIC ACID, SORBITOL, CAESALPINIA SPINOSA GUM, PHENOXYETHANOL, DECYL OLEATE, C12-16 ALCOHOLS, HYDROGENATED LECITHIN, PARFUM (FRAGRANCE), ARGININE, BENZOIC ACID, ETHYLHEXYLGLYCERIN, DEHYDROACETIC ACID, TETRAMETHYL ACETYLOCTAHYDRONAPHTHALENES, ALPHA-ISOMETHYL IONONE, TOCOPHEROL Revitalising Hydro Toner: INGREDIENTS: AQUA (WATER), ALCOHOL DENAT., GLYCERIN, SORBITOL, PANTHENOL, SODIUM GLUCONATE, SODIUM LACTATE, SACCHARIDE ISOMERATE, GLUCOMANNAN, CHLORELLA VULGARIS/LUPINUS ALBUS PROTEIN FERMENT, CITRIC ACID, SODIUM CITRATE, SODIUM BENZOATE, POTASSIUM SORBATE, BENZOIC ACID Revitalising Lipid Cream: INGREDIENTS: AQUA (WATER), GLYCERIN, SQUALANE, RICINUS COMMUNIS (CASTOR) SEED OIL, SIMMONDSIA CHINENSIS (JOJOBA) SEED OIL, GLYCERYL STEARATE, GLYCERYL STEARATE CITRATE, HYDROGENATED COCO-GLYCERIDES, CETEARYL ALCOHOL, LINOLEIC ACID, PALMITOYL GLYCINE, LEONTOPODIUM ALPINUM FLOWER/LEAF EXTRACT, CHLORELLA VULGARIS/LUPINUS ALBUS PROTEIN FERMENT, PHOSPHATIDYLCHOLINE, LECITHIN, LINOLENIC ACID, COCOGLYCERIDES, OLEIC ACID, PALMITIC ACID, XANTHAN GUM, CETYL PALMITATE, MANNITOL, TOCOPHEROL, STEARIC ACID, BEHENYL ALCOHOL, HYDROXYACETOPHENONE, CAPRYLYL GLYCOL, CETYL ALCOHOL, TETRAMETHYL ACETYLOCTAHYDRONAPHTHALENES, POLYGLYCERYL-10 LAURATE, SODIUM BENZOATE, LAURYL ALCOHOL, MYRISTYL ALCOHOL, PARFUM (FRAGRANCE), CITRIC ACID, BENZOIC ACID, DEHYDROACETIC ACID, POTASSIUM SORBATE, PHENOXYETHANOL, GLYCINE SOJA (SOYBEAN) OIL, ALPHA-ISOMETHYL IONONE, GERANIOL, BENZYL ALCOHOL, PINENE, LIMONENE, LINALOOL, LINALYL ACETATE, CITRONELLOL, HEXYL CINNAMAL, POGOSTEMON CABLIN OIL Revitalising Hydro Cream: INGREDIENTS: AQUA (WATER), GLYCERIN, CAPRYLIC/CAPRIC TRIGLYCERIDE, ISOPROPYL PALMITATE, COCO-CAPRYLATE/CAPRATE, HYDROGENATED COCO-GLYCERIDES, SORBITAN STEARATE, SUCROSE COCOATE, PALMITOYL GLYCINE, LEONTOPODIUM ALPINUM FLOWER/LEAF EXTRACT, NEPHELIUM LAPPACEUM PEEL EXTRACT, CHLORELLA VULGARIS/LUPINUS ALBUS PROTEIN FERMENT, BRASSICA CAMPESTRIS (RAPESEED) STEROLS, LYSOLECITHIN, SODIUM STEAROYL GLUTAMATE, SIMMONDSIA CHINENSIS (JOJOBA) SEED OIL, PHOSPHATIDYLCHOLINE, PULLULAN, SCLEROTIUM GUM, XANTHAN GUM, MANNITOL , HYDROXYACETOPHENONE, CETEARYL ALCOHOL, CETYL ALCOHOL, CITRIC ACID, SODIUM ACRYLATE/SODIUM ACRYLOYLDIMETHYL TAURATE COPOLYMER, POLYGLYCERYL-10 LAURATE, POLYGLYCERYL-6 LAURATE, POLYGLYCERIN-6, SORBITAN OLEATE, SORBITAN ISOSTEARATE, C15-19 ALKANE, SILICA, TOCOPHEROL, PHENOXYETHANOL, BENZOIC ACID, DEHYDROACETIC ACID, SODIUM BENZOATE, POTASSIUM SORBATE, PARFUM (FRAGRANCE), POGOSTEMON CABLIN OIL, TETRAMETHYL ACETYLOCTAHYDRONAPHTHALENES, ALPHA-ISOMETHYL IONONE, GERANIOL, PINENE, LIMONENE, LINALOOL, LINALYL ACETATE, CITRONELLOL, HEXYL CINNAMAL, BENZYL ALCOHOL",yes,yes,ja
Skin Care Set Méthode Régénérante,en,https://image.labiosthetique.com/i/square-1440/m2-product:skin_care_set_m_thode_r_g_n_rante_411771_1Set_5d0ee68.jpg/feed-media.jpg,https://www.labiosthetique.de/skin-care-set-methode-regenerante,/skin-care-set-methode-regenerante,012902,"The Méthode Régénérante Set offers comprehensive anti-aging care. A mild cleanser, a hydrating toner, a light cream and a rich cream activate regeneration, strengthen the skin barrier and make the skin look smooth, healthy and youthfully fresh.","42,50 €",0,1 set,Skin care,"In the morning and evening, apply Rich Micellar Cleansing Cream to the face, neck and décolleté, lather it with water and rinse it off thoroughly. Immediately afterwards, apply Revitalising Hydro Toner to the still slightly moist skin. Depending on the current needs of the skin, finish the care routine with the hydrating Revitalising Hydro Cream or the rich Revitalising Lipid Cream (e.g. Revitalising Hydro Cream in the morning and Revitalising Lipid Cream in the evening).","Rich Micellar Cleansing Cream: INGREDIENTS: AQUA (WATER), GLYCOLIPIDS, CETEARYL ALCOHOL, HYDROGENATED CASTOR OIL, PALMITIC ACID, STEARIC ACID, SORBITOL, CAESALPINIA SPINOSA GUM, PHENOXYETHANOL, DECYL OLEATE, C12-16 ALCOHOLS, HYDROGENATED LECITHIN, PARFUM (FRAGRANCE), ARGININE, BENZOIC ACID, ETHYLHEXYLGLYCERIN, DEHYDROACETIC ACID, TETRAMETHYL ACETYLOCTAHYDRONAPHTHALENES, ALPHA-ISOMETHYL IONONE, TOCOPHEROL Revitalising Hydro Toner: INGREDIENTS: AQUA (WATER), ALCOHOL DENAT., GLYCERIN, SORBITOL, PANTHENOL, SODIUM GLUCONATE, SODIUM LACTATE, SACCHARIDE ISOMERATE, GLUCOMANNAN, CHLORELLA VULGARIS/LUPINUS ALBUS PROTEIN FERMENT, CITRIC ACID, SODIUM CITRATE, SODIUM BENZOATE, POTASSIUM SORBATE, BENZOIC ACID Revitalising Lipid Cream: INGREDIENTS: AQUA (WATER), GLYCERIN, SQUALANE, RICINUS COMMUNIS (CASTOR) SEED OIL, SIMMONDSIA CHINENSIS (JOJOBA) SEED OIL, GLYCERYL STEARATE, GLYCERYL STEARATE CITRATE, HYDROGENATED COCO-GLYCERIDES, CETEARYL ALCOHOL, LINOLEIC ACID, PALMITOYL GLYCINE, LEONTOPODIUM ALPINUM FLOWER/LEAF EXTRACT, CHLORELLA VULGARIS/LUPINUS ALBUS PROTEIN FERMENT, PHOSPHATIDYLCHOLINE, LECITHIN, LINOLENIC ACID, COCOGLYCERIDES, OLEIC ACID, PALMITIC ACID, XANTHAN GUM, CETYL PALMITATE, MANNITOL, TOCOPHEROL, STEARIC ACID, BEHENYL ALCOHOL, HYDROXYACETOPHENONE, CAPRYLYL GLYCOL, CETYL ALCOHOL, TETRAMETHYL ACETYLOCTAHYDRONAPHTHALENES, POLYGLYCERYL-10 LAURATE, SODIUM BENZOATE, LAURYL ALCOHOL, MYRISTYL ALCOHOL, PARFUM (FRAGRANCE), CITRIC ACID, BENZOIC ACID, DEHYDROACETIC ACID, POTASSIUM SORBATE, PHENOXYETHANOL, GLYCINE SOJA (SOYBEAN) OIL, ALPHA-ISOMETHYL IONONE, GERANIOL, BENZYL ALCOHOL, PINENE, LIMONENE, LINALOOL, LINALYL ACETATE, CITRONELLOL, HEXYL CINNAMAL, POGOSTEMON CABLIN OIL Revitalising Hydro Cream: INGREDIENTS: AQUA (WATER), GLYCERIN, CAPRYLIC/CAPRIC TRIGLYCERIDE, ISOPROPYL PALMITATE, COCO-CAPRYLATE/CAPRATE, HYDROGENATED COCO-GLYCERIDES, SORBITAN STEARATE, SUCROSE COCOATE, PALMITOYL GLYCINE, LEONTOPODIUM ALPINUM FLOWER/LEAF EXTRACT, NEPHELIUM LAPPACEUM PEEL EXTRACT, CHLORELLA VULGARIS/LUPINUS ALBUS PROTEIN FERMENT, BRASSICA CAMPESTRIS (RAPESEED) STEROLS, LYSOLECITHIN, SODIUM STEAROYL GLUTAMATE, SIMMONDSIA CHINENSIS (JOJOBA) SEED OIL, PHOSPHATIDYLCHOLINE, PULLULAN, SCLEROTIUM GUM, XANTHAN GUM, MANNITOL , HYDROXYACETOPHENONE, CETEARYL ALCOHOL, CETYL ALCOHOL, CITRIC ACID, SODIUM ACRYLATE/SODIUM ACRYLOYLDIMETHYL TAURATE COPOLYMER, POLYGLYCERYL-10 LAURATE, POLYGLYCERYL-6 LAURATE, POLYGLYCERIN-6, SORBITAN OLEATE, SORBITAN ISOSTEARATE, C15-19 ALKANE, SILICA, TOCOPHEROL, PHENOXYETHANOL, BENZOIC ACID, DEHYDROACETIC ACID, SODIUM BENZOATE, POTASSIUM SORBATE, PARFUM (FRAGRANCE), POGOSTEMON CABLIN OIL, TETRAMETHYL ACETYLOCTAHYDRONAPHTHALENES, ALPHA-ISOMETHYL IONONE, GERANIOL, PINENE, LIMONENE, LINALOOL, LINALYL ACETATE, CITRONELLOL, HEXYL CINNAMAL, BENZYL ALCOHOL",yes,yes,ja
BELAVANCE® Nail Hardener,de,https://image.labiosthetique.com/i/square-1440/m2-product:belavance_nail_hardener_413024_8ml_fab2ecc.jpg/feed-media.jpg,https://www.labiosthetique.de/belavancer-nail-hardener,/belavancer-nail-hardener,020652,"Der BELAVANCE® Nail Hardener kräftigt weiche, brüchige Nägel von der Wurzel bis zur Spitze und sorgt bereits nach kurzer Zeit für deutlich festere und glattere Nägel.","19,00 €",0,8 ml,Make-Up,Als Kurbehandlung zwei Mal pro Woche auf den gesamten Nagel auftragen. Vor jeder erneuten Anwendung vollständig entfernen. Als pflegenden Klarlack in zwei Schichten auftragen oder als Unterlack unter BELAVANCE® Brilliant Nail verwenden.,"BUTYL ACETATE, ETHYL ACETATE, NITROCELLULOSE, ADIPIC ACID/NEOPENTYL GLYCOL/TRIMELLITIC ANHYDRIDE COPOLYMER, ACETYL TRIBUTYL CITRATE, ISOPROPYL ALCOHOL, SILICA, ACRYLATES COPOLYMER, GLYCOLIC ACID, N-BUTYL ALCOHOL, DIMETHYL SULFONE, HEXANAL, DIMETHYL OXOBENZO DIOXASILANE, CI 77891 (TITANIUM DIOXIDE), LITHOTHAMNIOM CALCAREUM EXTRACT, MANNITOL, AQUA (WATER), DIATOMACEOUS EARTH, ZINC SULFATE, TOCOPHEROL",no,yes,ja
BELAVANCE® Nail Hardener,en,https://image.labiosthetique.com/i/square-1440/m2-product:belavance_nail_hardener_413024_8ml_fab2ecc.jpg/feed-media.jpg,https://www.labiosthetique.de/belavancer-nail-hardener,/belavancer-nail-hardener,020652,"BELAVANCE® Nail Hardener strengthens soft, brittle nails from the roots to the tips and makes them much firmer and smoother in no time at all.","19,00 €",0,8 ml,Make-up,Apply to the entire nail twice a week as a course of treatment. Remove completely before the next application. Apply two coats as a caring clear polish or apply under BELAVANCE® Brilliant Nail as a base coat.,"BUTYL ACETATE, ETHYL ACETATE, NITROCELLULOSE, ADIPIC ACID/NEOPENTYL GLYCOL/TRIMELLITIC ANHYDRIDE COPOLYMER, ACETYL TRIBUTYL CITRATE, ISOPROPYL ALCOHOL, SILICA, ACRYLATES COPOLYMER, GLYCOLIC ACID, N-BUTYL ALCOHOL, DIMETHYL SULFONE, HEXANAL, DIMETHYL OXOBENZO DIOXASILANE, CI 77891 (TITANIUM DIOXIDE), LITHOTHAMNIOM CALCAREUM EXTRACT, MANNITOL, AQUA (WATER), DIATOMACEOUS EARTH, ZINC SULFATE, TOCOPHEROL",no,yes,ja
Tinted Eyebrow Gel Dark Brown,de,https://image.labiosthetique.com/i/square-1440/m2-product:tinted_eyebrow_gel_dark_brown_247581_4ml_f5574dd.jpg/feed-media.jpg,https://www.labiosthetique.de/tinted-eyebrow-gel?childSku=4040218836349,/tinted-eyebrow-gel?childSku=4040218836349,017002,"Das getönte Gel sorgt für perfekt modellierte, voller wirkende Augenbrauen, füllt Lücken auf und fixiert mit natürlichem Matt-Finish.","25,00 €",0,4 ml,Make-Up,Die Augenbrauen in Wuchsrichtung mit dem Applikatorbürstchen und der passenden Farbe des Tinted Eyebrow Gel einfärben und in die gewünschte Form bürsten. Eventuelle Lücken mit der gleichen Textur und einem feinen Pinsel (#6 oder #7) auffüllen.,"ISODODECANE, MICA, TRIMETHYLSILOXYSILICATE, ETHYLENE/PROPYLENE/STYRENE COPOLYMER, CI 77499 (IRON OXIDES), DISTEARDIMONIUM HECTORITE, CI 77491 (IRON OXIDES), CI 77492 (IRON OXIDES), PROPYLENE CARBONATE, CI 77891 (TITANIUM DIOXIDE), TRIETHOXYCAPRYLYLSILANE, BUTYLENE/ETHYLENE/STYRENE COPOLYMER, PENTAERYTHRITYL TETRA-DI-T-BUTYL HYDROXYHYDROCINNAMATE, ALUMINUM HYDROXIDE",no,yes,ja
Tinted Eyebrow Gel Dark Brown,en,https://image.labiosthetique.com/i/square-1440/m2-product:tinted_eyebrow_gel_dark_brown_247581_4ml_f5574dd.jpg/feed-media.jpg,https://www.labiosthetique.de/tinted-eyebrow-gel?childSku=4040218836349,/tinted-eyebrow-gel?childSku=4040218836349,017002,"The tinted gel provides perfectly modelled, full looking brows, fills in gaps and fixes the brows with a natural matte finish.","25,00 €",0,4 ml,Make-up,"With the matching shade of Tinted Eyebrow Gel, brush the eyebrows in the direction of hair growth into the desired shape with the applicator brush. Fill in any gaps with the same texture and a fine brush (#6 or #7).","ISODODECANE, MICA, TRIMETHYLSILOXYSILICATE, ETHYLENE/PROPYLENE/STYRENE COPOLYMER, CI 77499 (IRON OXIDES), DISTEARDIMONIUM HECTORITE, CI 77491 (IRON OXIDES), CI 77492 (IRON OXIDES), PROPYLENE CARBONATE, CI 77891 (TITANIUM DIOXIDE), TRIETHOXYCAPRYLYLSILANE, BUTYLENE/ETHYLENE/STYRENE COPOLYMER, PENTAERYTHRITYL TETRA-DI-T-BUTYL HYDROXYHYDROCINNAMATE, ALUMINUM HYDROXIDE",no,yes,ja
Colour Protection Shine Restoring Conditioning Fluid,de,https://image.labiosthetique.com/i/square-1440/m2-product:colour_protection_shine_restoring_conditioning_fluid_333513_125ml_cd7d939.jpg/feed-media.jpg,https://www.labiosthetique.de/colour-protection-shine-restoring-conditioning-fluid,/colour-protection-shine-restoring-conditioning-fluid,120549,"Das Leave-in Fluid mit integriertem Hitzeschutz nährt und pflegt das Haar tiefenwirksam. Es bietet umfangreichen Schutz vor negativen Umwelteinflüssen und Hitzeschäden, verhindert frühzeitigen Farbverlust und verleiht seidigen Glanz.","29,50 €","236,00 € / 1 l",125 ml,Haar- & Kopfhautpflege,Nach der Haarwäsche im handtuchtrockenen Haar verteilen und leicht einkneten. Nicht ausspülen.,"AQUA (WATER), CETEARYL ALCOHOL, PROPANEDIOL, LAURYL ALCOHOL, ISODODECANE, BEHENTRIMONIUM METHOSULFATE, HEPTYL UNDECYLENATE, PHENOXYETHANOL, PARFUM (FRAGRANCE), NEOPENTYL GLYCOL DIHEPTANOATE, BUTYLENE GLYCOL, HYDROXYPROPYL GUAR HYDROXYPROPYLTRIMONIUM CHLORIDE, CETEARYL ISONONANOATE, TRITICUM VULGARE GERM OIL, TETRAMETHYL ACETYLOCTAHYDRONAPHTHALENES, CAPRYLIC/CAPRIC TRIGLYCERIDE, HYDROLYZED WHEAT PROTEIN, SILK, ETHYLHEXYLGLYCERIN, LINOLEIC ACID, DIGLUCOSYL GALLIC ACID, LIMONENE, CITRUS AURANTIUM BERGAMIA (BERGAMOT) PEEL OIL, LINALOOL, TRITICUM VULGARE (WHEAT) BRAN EXTRACT, TRITICUM VULGARE GERM EXTRACT, CRAMBE MARITIMA LEAF EXTRACT, LINALYL ACETATE, 1,2-HEXANEDIOL, CAPRYLYL GLYCOL, HEXAMETHYLINDANOPYRAN, PINENE, SODIUM BENZOATE, GERANIOL, CAMELLIA OLEIFERA SEED OIL, CITRONELLOL, BENZYL BENZOATE, TOCOPHERYL ACETATE, TOCOPHEROL",yes,yes,ja
Colour Protection Shine Restoring Conditioning Fluid,en,https://image.labiosthetique.com/i/square-1440/m2-product:colour_protection_shine_restoring_conditioning_fluid_333513_125ml_cd7d939.jpg/feed-media.jpg,https://www.labiosthetique.de/colour-protection-shine-restoring-conditioning-fluid,/colour-protection-shine-restoring-conditioning-fluid,120549,"The leave-in fluid with integrated heat protection nourishes and conditions the hair down to the roots. It offers comprehensive protection against negative environmental influences and heat damage, prevents premature colour loss and provides silky shine.","29,50 €","236,00 € / 1 l",125 ml,Hair & scalp care,"After washing, distribute into towel-dried hair and lightly knead in. Do not rinse out.","AQUA (WATER), CETEARYL ALCOHOL, PROPANEDIOL, LAURYL ALCOHOL, ISODODECANE, BEHENTRIMONIUM METHOSULFATE, HEPTYL UNDECYLENATE, PHENOXYETHANOL, PARFUM (FRAGRANCE), NEOPENTYL GLYCOL DIHEPTANOATE, BUTYLENE GLYCOL, HYDROXYPROPYL GUAR HYDROXYPROPYLTRIMONIUM CHLORIDE, CETEARYL ISONONANOATE, TRITICUM VULGARE GERM OIL, TETRAMETHYL ACETYLOCTAHYDRONAPHTHALENES, CAPRYLIC/CAPRIC TRIGLYCERIDE, HYDROLYZED WHEAT PROTEIN, SILK, ETHYLHEXYLGLYCERIN, LINOLEIC ACID, DIGLUCOSYL GALLIC ACID, LIMONENE, CITRUS AURANTIUM BERGAMIA (BERGAMOT) PEEL OIL, LINALOOL, TRITICUM VULGARE (WHEAT) BRAN EXTRACT, TRITICUM VULGARE GERM EXTRACT, CRAMBE MARITIMA LEAF EXTRACT, LINALYL ACETATE, 1,2-HEXANEDIOL, CAPRYLYL GLYCOL, HEXAMETHYLINDANOPYRAN, PINENE, SODIUM BENZOATE, GERANIOL, CAMELLIA OLEIFERA SEED OIL, CITRONELLOL, BENZYL BENZOATE, TOCOPHERYL ACETATE, TOCOPHEROL",yes,yes,ja
Volumising Root Booster,de,https://image.labiosthetique.com/i/square-1440/m2-product:volumising_root_booster_398063_200ml_cf5a300.jpg/feed-media.jpg,https://www.labiosthetique.de/volumising-root-booster,/volumising-root-booster,110017,Die Mousse für gezieltes Ansatzvolumen und lang anhaltende Fülle im ganzen Haar mit starkem Halt und ohne Silikone.,"27,50 €","137,50 € / 1 l",200 ml,Styling,Vor Gebrauch schütteln und direkt aus der Sprühdose auf die Ansätze sowie bei Bedarf auch auf die Längen geben und leicht ins feuchte Haar einarbeiten. Anschließend wie gewünscht stylen.,"AQUA (WATER), DIMETHYL ETHER, VP/VA COPOLYMER, PHENOXYETHANOL, PANTHENOL, CARBOMER, TRIETHANOLAMINE, PARFUM (FRAGRANCE), PEG-40 HYDROGENATED CASTOR OIL, ETHYLHEXYLGLYCERIN, TETRAMETHYL ACETYLOCTAHYDRONAPHTHALENES, LIMONENE, LINALOOL, LINALYL ACETATE, HYDROGEN PEROXIDE, GERANIOL, CITRONELLOL, PINENE, COUMARIN, TOCOPHEROL",yes,yes,ja
Volumising Root Booster,en,https://image.labiosthetique.com/i/square-1440/m2-product:volumising_root_booster_398063_200ml_cf5a300.jpg/feed-media.jpg,https://www.labiosthetique.de/volumising-root-booster,/volumising-root-booster,110017,"Formally Volume Booster - new design, unchanged formula: The mousse for targeted volume and long-lasting fullness throughout the hair with strong hold and without silicones.","27,50 €","137,50 € / 1 l",200 ml,Styling,"Shake before use and apply directly from the spray can to the roots and, if required, to the lengths and work lightly into damp hair. Then style as desired.","AQUA (WATER), DIMETHYL ETHER, VP/VA COPOLYMER, PHENOXYETHANOL, PANTHENOL, CARBOMER, TRIETHANOLAMINE, PARFUM (FRAGRANCE), PEG-40 HYDROGENATED CASTOR OIL, ETHYLHEXYLGLYCERIN, TETRAMETHYL ACETYLOCTAHYDRONAPHTHALENES, LIMONENE, LINALOOL, LINALYL ACETATE, HYDROGEN PEROXIDE, GERANIOL, CITRONELLOL, PINENE, COUMARIN, TOCOPHEROL",yes,yes,ja
Calming Aroma Complex ,de,https://image.labiosthetique.com/i/square-1440/m2-product:calming_aroma_complex_382647_30ml_49d53df.jpg/feed-media.jpg,https://www.labiosthetique.de/calming-aroma-complex,/calming-aroma-complex,120115,"Der Aromakomplex nutzt die therapeutischen Kräfte etherischer Öle, um empfindliche Kopfhaut in ihr gesundes Gleichgewicht zurückzubringen und das allgemeine Wohlbefinden zu stärken. Für alle Liebhaber von Visarôme Dynamique E wird dies Ihr neues Lieblingsprodukt.","33,00 €","1.100,00 € / 1 l",30 ml,Haar- & Kopfhautpflege,"Mehrmals wöchentlich den Inhalt von 1 bis 1,5 Pipetten (ca. 1 ml) auf der Kopfhaut verteilen und mit den Fingerkuppen leicht einmassieren.","ALCOHOL DENAT., C9-12 ALKANE, NEOPENTYL GLYCOL DIHEPTANOATE, PARFUM (FRAGRANCE), COCO-CAPRYLATE/CAPRATE, OCTYLDODECANOL, LINALOOL, LINALYL ACETATE, LIMONENE, CITRUS AURANTIUM AMARA (BITTER ORANGE) LEAF/TWIG OIL, CITRUS AURANTIUM BERGAMIA (BERGAMOT) FRUIT OIL, CITRUS AURANTIUM DULCIS (ORANGE) PEEL OIL, CITRUS AURANTIUM BERGAMIA (BERGAMOT) PEEL OIL, CITRUS AURANTIUM PEEL OIL, DIPROPYLENE GLYCOL, OLIBANUM, TERPINEOL, MENTHOL, CITRUS NOBILIS (MANDARIN ORANGE) PEEL OIL, CORIDOTHYMUS CAPITATUS OIL, ISOCAMPHENYL CYCLOHEXANOL MIXED ISOMERS, THYMUS VULGARIS (THYME) LEAF OIL, PINENE, GERANIOL, GERANYL ACETATE, LEPTOSPERMUM SCOPARIUM BRANCH/LEAF OIL, ROSA DAMASCENA FLOWER EXTRACT, MAGNOLIA OFFICINALIS BARK EXTRACT, PIPER NIGRUM (PEPPER) SEED EXTRACT, ROSE FLOWER OIL/EXTRAKT, BETA-CARYOPHYLLENE, ALPHA-TERPINENE, CITRAL, TOCOPHEROL, TERPINOLENE, CARVONE",yes,yes,ja
Calming Aroma Complex ,en,https://image.labiosthetique.com/i/square-1440/m2-product:calming_aroma_complex_382647_30ml_49d53df.jpg/feed-media.jpg,https://www.labiosthetique.de/calming-aroma-complex,/calming-aroma-complex,120115,The aroma complex utilises the therapeutic powers of essential oils to restore sensitive scalps to their healthy balance and strengthen general well-being. For all lovers of Visarôme Dynamique E this will be your new favorite product.,"33,00 €","1.100,00 € / 1 l",30 ml,Hair & scalp care,Apply the contents of 1 to 1.5 pipettes (approx. 1 ml) to the scalp several times a week and massage in gently with your fingertips.,"ALCOHOL DENAT., C9-12 ALKANE, NEOPENTYL GLYCOL DIHEPTANOATE, PARFUM (FRAGRANCE), COCO-CAPRYLATE/CAPRATE, OCTYLDODECANOL, LINALOOL, LINALYL ACETATE, LIMONENE, CITRUS AURANTIUM AMARA (BITTER ORANGE) LEAF/TWIG OIL, CITRUS AURANTIUM BERGAMIA (BERGAMOT) FRUIT OIL, CITRUS AURANTIUM DULCIS (ORANGE) PEEL OIL, CITRUS AURANTIUM BERGAMIA (BERGAMOT) PEEL OIL, CITRUS AURANTIUM PEEL OIL, DIPROPYLENE GLYCOL, OLIBANUM, TERPINEOL, MENTHOL, CITRUS NOBILIS (MANDARIN ORANGE) PEEL OIL, CORIDOTHYMUS CAPITATUS OIL, ISOCAMPHENYL CYCLOHEXANOL MIXED ISOMERS, THYMUS VULGARIS (THYME) LEAF OIL, PINENE, GERANIOL, GERANYL ACETATE, LEPTOSPERMUM SCOPARIUM BRANCH/LEAF OIL, ROSA DAMASCENA FLOWER EXTRACT, MAGNOLIA OFFICINALIS BARK EXTRACT, PIPER NIGRUM (PEPPER) SEED EXTRACT, ROSE FLOWER OIL/EXTRAKT, BETA-CARYOPHYLLENE, ALPHA-TERPINENE, CITRAL, TOCOPHEROL, TERPINOLENE, CARVONE",yes,yes,ja
Pro Performance Mousse,de,https://image.labiosthetique.com/i/square-1440/m2-product:pro_performance_mousse_410504_200ml_03f651b.jpg/feed-media.jpg,https://www.labiosthetique.de/pro-performance-mousse,/pro-performance-mousse,110033,Als Liebling der Friseure ist die pflegende Mousse die ideale Basis für natürlich gesunde Looks mit Definition und Glanz. Dank pflanzlichem Hitzeschutz gelingen Stylings mit dem Hitzetool besonders schonend und lang anhaltend.,"25,00 €","125,00 € / 1 l",200 ml,Styling,Pro Performance Mousse ins feuchte Haar einarbeiten und wie gewünscht stylen. Kann für Fresh-ups auch im trockenen Haar angewendet werden.,"AQUA (WATER), BUTANE, VP/VA COPOLYMER, PROPANE, POLYQUATERNIUM-11, PHENOXYETHANOL, BRASSICA CAMPESTRIS/ALEURITES FORDI OIL COPOLYMER, ETHYLHEXYL SALICYLATE, COCO-GLUCOSIDE , PANTHENOL, HYDROLYZED WHEAT PROTEIN, CITRUS AURANTIUM BERGAMIA (BERGAMOT) PEEL OIL, COCAMIDOPROPYL BETAINE, ETHYLHEXYL GLYCERIN, PARFUM (FRAGRANCE), SODIUM CHLORIDE, TETRAMETHYL ACETYLOCTAHYDRONAPHTHALENES, CITRIC ACID, LIMONENE, LINALOOL, LINALYL ACETATE, PINENE, TERPINEOL, TOCOPHEROL",yes,yes,ja
Pro Performance Mousse,en,https://image.labiosthetique.com/i/square-1440/m2-product:pro_performance_mousse_410504_200ml_03f651b.jpg/feed-media.jpg,https://www.labiosthetique.de/pro-performance-mousse,/pro-performance-mousse,110033,The caring mousse is the ideal basis for naturally healthy looks with definition and shine. It uses plant-based heat protection to make styling with a heat tool particularly gentle on the hair and provides a long-lasting effect.,"25,00 €","125,00 € / 1 l",200 ml,Styling,Work Pro Performance Mousse into damp hair and style as desired. The mousse can also be applied to dry hair to freshen up styles.,"AQUA (WATER), BUTANE, VP/VA COPOLYMER, PROPANE, POLYQUATERNIUM-11, PHENOXYETHANOL, BRASSICA CAMPESTRIS/ALEURITES FORDI OIL COPOLYMER, ETHYLHEXYL SALICYLATE, COCO-GLUCOSIDE , PANTHENOL, HYDROLYZED WHEAT PROTEIN, CITRUS AURANTIUM BERGAMIA (BERGAMOT) PEEL OIL, COCAMIDOPROPYL BETAINE, ETHYLHEXYL GLYCERIN, PARFUM (FRAGRANCE), SODIUM CHLORIDE, TETRAMETHYL ACETYLOCTAHYDRONAPHTHALENES, CITRIC ACID, LIMONENE, LINALOOL, LINALYL ACETATE, PINENE, TERPINEOL, TOCOPHEROL",yes,yes,ja
Deep Moisturising Mask,de,https://image.labiosthetique.com/i/square-1440/m2-product:deep_moisturising_mask_403726_75ml_0ed6bcc.jpg/feed-media.jpg,https://www.labiosthetique.de/deep-moisturising-mask,/deep-moisturising-mask,027079,"Die intensiv Feuchtigkeit spendende Maske nutzt potente Wirkstoffe auf pflanzlicher Basis, um die schützende Hautbarriere zu stärken und den Feuchtigkeitshaushalt der Haut sofort und lang anhaltend zu verbessern.","34,00 €","453,33 € / 1 l",75 ml,Hautpflege,"Großzügig auf die gereinigte und tonisierte Haut von Gesicht, Hals und Dekolleté auftragen. 10–15 Minuten einwirken lassen, dann wieder abnehmen. Alternativ als Overnight-Maske über Nacht einwirken lassen. Eventuelle Reste in die Haut einmassieren.","AQUA (WATER), GLYCERIN, CETEARYL ALCOHOL, PROPYLENE GLYCOL, CAPRYLIC/CAPRIC TRIGLYCERIDE, CETEARYL ETHYLHEXANOATE, FRUCTOOLIGOSACCHARIDES, NIACINAMIDE, BETA VULGARIS (BEET) ROOT EXTRACT, POTASSIUM LACTATE, LACTIC ACID, ISOPROPYL MYRISTATE, SODIUM CETEARYL SULFATE, TOCOPHEROL, ETHYLHEXYLGLYCERIN, PHENOXYETHANOL, PARFUM (FRAGRANCE), TETRAMETHYL ACETYLOCTAHYDRONAPHTHALENES, LIMONENE, CITRUS LIMON (LEMON) PEEL OIL, CITRONELLOL, PINENE",yes,yes,ja
Deep Moisturising Mask,en,https://image.labiosthetique.com/i/square-1440/m2-product:deep_moisturising_mask_403726_75ml_0ed6bcc.jpg/feed-media.jpg,https://www.labiosthetique.de/deep-moisturising-mask,/deep-moisturising-mask,027079,The intensively hydrating mask uses potent plant-based active ingredients to strengthen the protective skin barrier and to instantly and lastingly improve the skin’s moisture balance.,"34,00 €","453,33 € / 1 l",75 ml,Skin care,"Apply a generous amount to the cleansed and toned skin of the face, neck and décolleté. Leave to take effect for 10–15 minutes, then remove. Alternatively leave to take effect throughout the night as an overnight mask. Massage any residue into the skin.","AQUA (WATER), GLYCERIN, CETEARYL ALCOHOL, PROPYLENE GLYCOL, CAPRYLIC/CAPRIC TRIGLYCERIDE, CETEARYL ETHYLHEXANOATE, FRUCTOOLIGOSACCHARIDES, NIACINAMIDE, BETA VULGARIS (BEET) ROOT EXTRACT, POTASSIUM LACTATE, LACTIC ACID, ISOPROPYL MYRISTATE, SODIUM CETEARYL SULFATE, TOCOPHEROL, ETHYLHEXYLGLYCERIN, PHENOXYETHANOL, PARFUM (FRAGRANCE), TETRAMETHYL ACETYLOCTAHYDRONAPHTHALENES, LIMONENE, CITRUS LIMON (LEMON) PEEL OIL, CITRONELLOL, PINENE",yes,yes,ja
Spa Nourishing Foot Cream,de,https://image.labiosthetique.com/i/square-1440/m2-product:spa_nourishing_foot_cream_417067_75ml_7ef7dc0.jpg/feed-media.jpg,https://www.labiosthetique.de/spa-nourishing-foot-cream,/spa-nourishing-foot-cream,001607,Reichhaltige Pflegecreme mit 10 % Urea für trockene Füße.,"18,50 €","246,67 € / 1 l",75 ml,Hautpflege,"Mindestens einmal täglich auf die gereinigten, trockenen Füße auftragen und sorgfältig einmassieren.","AQUA (WATER), UREA, CETEARYL ALCOHOL, CANOLA OIL, GLYCERIN, SODIUM LACTATE, CETEARYL GLUCOSIDE, BUTYROSPERMUM PARKII (SHEA) BUTTER, ISOPROPYL PALMITATE, PENTAERYTHRITYL DISTEARATE, SODIUM STEAROYL GLUTAMATE, INULIN, PARFUM (FRAGRANCE), SODIUM CETEARYL SULFATE, LACTIC ACID, ALPHA-GLUCAN OLIGOSACCHARIDE, SODIUM BENZOATE, ALLANTOIN, TETRAMETHYL ACETYLOCTAHYDRONAPHTHALENES, POTASSIUM SORBATE, LIMONENE, CITRUS LIMON PEEL OIL, CITRUS AURANTIUM PEEL OIL, PINENE, CITRAL, DISODIUM PHOSPHATE, LEMONGRASS OIL, LINALOOL, POTASSIUM PHOSPHATE, CITRIC ACID",yes,no,ja
Spa Nourishing Foot Cream,en,https://image.labiosthetique.com/i/square-1440/m2-product:spa_nourishing_foot_cream_417067_75ml_7ef7dc0.jpg/feed-media.jpg,https://www.labiosthetique.de/spa-nourishing-foot-cream,/spa-nourishing-foot-cream,001607,Intensive care cream for dry feet – perfect body care!,"18,50 €","246,67 € / 1 l",75 ml,Skin care,"Apply Spa Nourishing Foot Cream at least once a day in the morning and/or evening to cleansed, dry feet and carefully massage in.","AQUA (WATER), UREA, CETEARYL ALCOHOL, CANOLA OIL, GLYCERIN, SODIUM LACTATE, CETEARYL GLUCOSIDE, BUTYROSPERMUM PARKII (SHEA) BUTTER, ISOPROPYL PALMITATE, PENTAERYTHRITYL DISTEARATE, SODIUM STEAROYL GLUTAMATE, INULIN, PARFUM (FRAGRANCE), SODIUM CETEARYL SULFATE, LACTIC ACID, ALPHA-GLUCAN OLIGOSACCHARIDE, SODIUM BENZOATE, ALLANTOIN, TETRAMETHYL ACETYLOCTAHYDRONAPHTHALENES, POTASSIUM SORBATE, LIMONENE, CITRUS LIMON PEEL OIL, CITRUS AURANTIUM PEEL OIL, PINENE, CITRAL, DISODIUM PHOSPHATE, LEMONGRASS OIL, LINALOOL, POTASSIUM PHOSPHATE, CITRIC ACID",yes,no,ja
Homme Texture Pomade,de,https://image.labiosthetique.com/i/square-1440/m2-product:homme_texture_pomade_413151_75ml_948d104.jpg/feed-media.jpg,https://www.labiosthetique.de/homme-texture-pomade-1,/homme-texture-pomade-1,110216,"Wasserbasiert und unkompliziert: Die moderne Pomade schafft flexible, remodellierbare Styles mit natürlicher Textur, aufbaubarem Halt und seidenmattem bis mattem Finish.","29,00 €","386,67 € / 1 l",75 ml,Styling,Ins trockene oder feuchte Haar einarbeiten.,"AQUA (WATER), CETEARETH-25, CERA ALBA (BEESWAX), PEG-7 GLYCERYL COCOATE, PEG-40 HYDROGENATED CASTOR OIL, POLYSORBATE 20, DICAPRYLYL CARBONATE, PVP, PARFUM (FRAGRANCE), PHENOXYETHANOL, CAPRYLOYL GLYCINE, TETRAMETHYL ACETYLOCTAHYDRONAPHTHALENES, SODIUM POLYPHOSPHATE, ETHYLHEXYLGLYCERIN, LINALOOL, LIMONENE, LINALYL ACETATE, PINENE, CITRUS AURANTIUM BERGAMIA (BERGAMOT) PEEL OIL, CITRUS AURANTIUM PEEL OIL, GERANIOL, LAVANDULA OIL/EXTRACT, CITRUS LIMON PEEL OIL, TERPINEOL, COUMARIN, CITRAL, BETA-CARYOPHYLLENE, CAMPHOR, ROSE KETONES, VANILLIN, TOCOPHEROL",yes,no,ja
Homme Texture Pomade,en,https://image.labiosthetique.com/i/square-1440/m2-product:homme_texture_pomade_413151_75ml_948d104.jpg/feed-media.jpg,https://www.labiosthetique.de/homme-texture-pomade-1,/homme-texture-pomade-1,110216,"Water-based and uncomplicated: The modern pomade creates flexible styles that can be remodelled with natural texture, buildable hold and a silky matte to matte finish.","29,00 €","386,67 € / 1 l",75 ml,Styling,Work into dry or damp hair.,"AQUA (WATER), CETEARETH-25, CERA ALBA (BEESWAX), PEG-7 GLYCERYL COCOATE, PEG-40 HYDROGENATED CASTOR OIL, POLYSORBATE 20, DICAPRYLYL CARBONATE, PVP, PARFUM (FRAGRANCE), PHENOXYETHANOL, CAPRYLOYL GLYCINE, TETRAMETHYL ACETYLOCTAHYDRONAPHTHALENES, SODIUM POLYPHOSPHATE, ETHYLHEXYLGLYCERIN, LINALOOL, LIMONENE, LINALYL ACETATE, PINENE, CITRUS AURANTIUM BERGAMIA (BERGAMOT) PEEL OIL, CITRUS AURANTIUM PEEL OIL, GERANIOL, LAVANDULA OIL/EXTRACT, CITRUS LIMON PEEL OIL, TERPINEOL, COUMARIN, CITRAL, BETA-CARYOPHYLLENE, CAMPHOR, ROSE KETONES, VANILLIN, TOCOPHEROL",yes,no,ja
N°9 Lidschattenpinsel,de,https://image.labiosthetique.com/i/square-1440/m2-product:n_9_lidschattenpinsel_394494_1St_ck_97e968d.jpg/feed-media.jpg,https://www.labiosthetique.de/n-9-lidschattenpinsel,/n-9-lidschattenpinsel,031691,Zum Auftragen von Lidschatten und zum gezielten Setzen von Akzenten: softer Löffelpinsel aus besonders hygienischem Synthetikhaar,"15,00 €",0,1 pcs,Make-Up,Mit dem Pinsel Farbpigmente aufnehmen und in der Lidfalte und entlang des Wimpernrandes verteilen und schattieren.,keine Angabe,no,no,ja
N°9 Eyeshadow brush,en,https://image.labiosthetique.com/i/square-1440/m2-product:n_9_lidschattenpinsel_394494_1St_ck_97e968d.jpg/feed-media.jpg,https://www.labiosthetique.de/n-9-lidschattenpinsel,/n-9-lidschattenpinsel,031691,For applying eyeshadow and targeted application of accents: soft spoon brush made of particularly hygienic synthetic hair.,"15,00 €",0,1 pcs,Make-up,"Use the brush to pick up colour pigments, and distribute and shade in the lid crease and along the edge of the lashes.",not specified,no,no,ja
Sensual Lipstick Brilliant B237 Baroque Rose,de,https://image.labiosthetique.com/i/square-1440/m2-product:sensual_lipstick_brilliant_b237_baroque_rose_324263_3_3g_01cef32.jpg/feed-media.jpg,https://www.labiosthetique.de/sensual-lipstick-brilliant?childSku=4040218830347,/sensual-lipstick-brilliant?childSku=4040218830347,019852,Der Lippenstift pflegt mit wertvollen Ölen und sorgt für einen filmreifen Kussmund.,"26,50 €",0,"3,3 g",Make-Up,Sensual Lipstick Brilliant einfach auf die Lippen auftragen und schimmern. Ein Lippenpinsel sorgt für ein noch präziseres Ergebnis. Durch sanftes Nachziehen der Lippenkontur in einem farblich auf den Lippenstift abgestimmten Konturenstift lässt sich die brillante Farbwirkung intensivieren.,"POLYGLYCERYL-2 TRIISOSTEARATE, CAPRYLIC/CAPRIC TRIGLYCERIDE, MICA, CI 77891 (TITANIUM DIOXIDE), HELIANTHUS ANNUUS (SUNFLOWER) SEED WAX, CANDELILLA CERA (EUPHORBIA CERIFERA WAX), CI 77491 (IRON OXIDES), ETHYL VANILLIN, PENTAERYTHRITYL TETRA-DI-T-BUTYL HYDROXYHYDROCINNAMATE, SILICA, AROMA (FLAVOR), CI 15850 (RED 7 LAKE), ASCORBYL PALMITATE, TOCOPHEROL, DISTEARDIMONIUM HECTORITE, POLYHYDROXYSTEARIC ACID, BENZYL ALCOHOL, ALUMINUM CALCIUM SODIUM SILICATE, TIN OXIDE",yes,yes,ja
Sensual Lipstick Brilliant B237 Baroque Rose,en,https://image.labiosthetique.com/i/square-1440/m2-product:sensual_lipstick_brilliant_b237_baroque_rose_324263_3_3g_01cef32.jpg/feed-media.jpg,https://www.labiosthetique.de/sensual-lipstick-brilliant?childSku=4040218830347,/sensual-lipstick-brilliant?childSku=4040218830347,019852,The lipstick contains high-quality conditioning oils for a film star pout.,"26,50 €",0,"3,3 g",Make-up,Simply apply Sensual Lipstick Brilliant to the lips for shimmering shine. A lip brush provides a more precise application. Gently outline the lip line with a lip liner to match the colour of the lipstick for more intense colour brilliance.,"POLYGLYCERYL-2 TRIISOSTEARATE, CAPRYLIC/CAPRIC TRIGLYCERIDE, MICA, CI 77891 (TITANIUM DIOXIDE), HELIANTHUS ANNUUS (SUNFLOWER) SEED WAX, CANDELILLA CERA (EUPHORBIA CERIFERA WAX), CI 77491 (IRON OXIDES), ETHYL VANILLIN, PENTAERYTHRITYL TETRA-DI-T-BUTYL HYDROXYHYDROCINNAMATE, SILICA, AROMA (FLAVOR), CI 15850 (RED 7 LAKE), ASCORBYL PALMITATE, TOCOPHEROL, DISTEARDIMONIUM HECTORITE, POLYHYDROXYSTEARIC ACID, BENZYL ALCOHOL, ALUMINUM CALCIUM SODIUM SILICATE, TIN OXIDE",yes,yes,ja
Curl Activating Conditioning Spray,de,https://image.labiosthetique.com/i/square-1440/m2-product:curl_activating_conditioning_spray_247197_200ml_aa62d1f.jpg/feed-media.jpg,https://www.labiosthetique.de/curl-activating-conditioning-spray,/curl-activating-conditioning-spray,120565,"Die einfach anzuwendende Sprühlotion konditioniert und aktiviert Locken, verhilft ihnen zu springlebendiger Vitalität und verleiht Sprungkraft mit flexiblem Halt.","24,50 €","122,50 € / 1 l",200 ml,Haar- & Kopfhautpflege,"Nach der Haarwäsche gleichmäßig ins feuchte Haar sprühen. Nicht ausspülen. Curl Activating Conditioning Spray eignet sich für alle Lockenstylings und ist ideal zum Fingerstyling, Lufttrocknen oder zum Trocknen mit dem Diffusor.","AQUA (WATER), GLYCERIN, POLYQUATERNIUM-10, METHYL GLUCETH-10, MAGNESIUM SULFATE, PARFUM (FRAGRANCE), PANTHENOL, PEG-40 HYDROGENATED CASTOR OIL, TRIDECETH-9, LACTIC ACID, SODIUM BENZOATE, PG-HYDROXYETHYLCELLULOSE COCODIMONIUM CHLORIDE, PROPYLENE GLYCOL, POTASSIUM SORBATE, TETRAMETHYL ACETYLOCTAHYDRONAPHTHALENES, PHENOXYETHANOL, LIMONENE, HYDROLYZED WHEAT PROTEIN, LINALOOL, HEXAMETHYLINDANOPYRAN, SERINE, SODIUM LACTATE, SORBITOL, TEA-LACTATE, UREA, LINALYL ACETATE, BENZYL SALICYLATE, ALPHA-ISOMETHYL IONONE, CITRIC ACID, PINENE, CITRONELLOL, SODIUM CHLORIDE, COUMARIN, CITRUS LIMON (LEMON) PEEL OIL, POGOSTEMON CABLIN OIL, SCLAREOL, ALLANTOIN",yes,yes,ja
Curl Activating Conditioning Spray,en,https://image.labiosthetique.com/i/square-1440/m2-product:curl_activating_conditioning_spray_247197_200ml_aa62d1f.jpg/feed-media.jpg,https://www.labiosthetique.de/curl-activating-conditioning-spray,/curl-activating-conditioning-spray,120565,"The easy to apply spray lotion conditions and activates curls, helps them to gain more vitality and gives them bounce with flexible hold.","24,50 €","122,50 € / 1 l",200 ml,Hair & scalp care,"After washing, spray evenly into damp hair. Leave-in product. Curl Activating Conditioning Spray is suitable for all curly styles, and is ideal for finger styling, air-drying or drying with a diffuser.","AQUA (WATER), GLYCERIN, POLYQUATERNIUM-10, METHYL GLUCETH-10, MAGNESIUM SULFATE, PARFUM (FRAGRANCE), PANTHENOL, PEG-40 HYDROGENATED CASTOR OIL, TRIDECETH-9, LACTIC ACID, SODIUM BENZOATE, PG-HYDROXYETHYLCELLULOSE COCODIMONIUM CHLORIDE, PROPYLENE GLYCOL, POTASSIUM SORBATE, TETRAMETHYL ACETYLOCTAHYDRONAPHTHALENES, PHENOXYETHANOL, LIMONENE, HYDROLYZED WHEAT PROTEIN, LINALOOL, HEXAMETHYLINDANOPYRAN, SERINE, SODIUM LACTATE, SORBITOL, TEA-LACTATE, UREA, LINALYL ACETATE, BENZYL SALICYLATE, ALPHA-ISOMETHYL IONONE, CITRIC ACID, PINENE, CITRONELLOL, SODIUM CHLORIDE, COUMARIN, CITRUS LIMON (LEMON) PEEL OIL, POGOSTEMON CABLIN OIL, SCLAREOL, ALLANTOIN",yes,yes,ja
Natural Skin 2/2 Medium Beige,de,https://image.labiosthetique.com/i/square-1440/m2-product:natural_skin_2_2_medium_beige_390393_30ml_cfc3772.jpg/feed-media.jpg,https://www.labiosthetique.de/natural-skin?childSku=4040218841947,/natural-skin?childSku=4040218841947,021703,"Mit mittlerer Deckkraft, feuchtigkeitsspendenden und pflegenden Komponenten schafft die zarte Foundation einen seidig glatten, natürlich ebenmäßigen Teint.","42,50 €",0,30 ml,Make-Up,Nach der Gesichtspflege mit den Fingern oder mit einem Make-up-Schwämmchen oder -Pinsel auftragen und verblenden.,"AQUA (WATER), CI 77891 (TITANIUM DIOXIDE), CAPRYLIC/CAPRIC TRIGLYCERIDE, ETHYLHEXYL SALICYLATE, PENTYLENE GLYCOL, SILICA, ALCOHOL DENAT., SQUALANE, STEARIC ACID, PALMITIC ACID, CI 77492 (IRON OXIDES), GLYCOL STEARATE, MYRISTYL MYRISTATE, CETEARYL ALCOHOL, CI 77491 (IRON OXIDES), SODIUM CETEARYL SULFATE, ETHYLHEXYL PALMITATE, TOCOPHERYL ACETATE, CI 77499 (IRON OXIDES), XANTHAN GUM, PARFUM (FRAGRANCE), HYDROLYZED JOJOBA ESTERS, HELIANTHUS ANNUUS (SUNFLOWER) SEED OIL, MYRISTIC ACID, SODIUM HYDROXIDE, ARACHIDIC ACID, TOCOPHEROL, JOJOBA ESTERS, CITRONELLOL, TRIHYDROXYSTEARIN, DIMETHYL PHENETHYL ACETATE, ALUMINA, MAGNESIUM OXIDE, TERPINEOL, VANILLIN, HEXYL CINNAMAL, ALPHA-ISOMETHYL IONONE, SODIUM HYALURONATE, GLUCOMANNAN",yes,yes,nein
Natural Skin 2/2 Medium Beige,en,https://image.labiosthetique.com/i/square-1440/m2-product:natural_skin_2_2_medium_beige_390393_30ml_cfc3772.jpg/feed-media.jpg,https://www.labiosthetique.de/natural-skin?childSku=4040218841947,/natural-skin?childSku=4040218841947,021703,"With medium coverage, moisturising and conditioning components, the delicate foundation creates a silky smooth, naturally even complexion.","42,50 €",0,30 ml,Make-up,"After face care, apply and blend with the fingers or with a make-up sponge or brush.","AQUA (WATER), CI 77891 (TITANIUM DIOXIDE), CAPRYLIC/CAPRIC TRIGLYCERIDE, ETHYLHEXYL SALICYLATE, PENTYLENE GLYCOL, SILICA, ALCOHOL DENAT., SQUALANE, STEARIC ACID, PALMITIC ACID, CI 77492 (IRON OXIDES), GLYCOL STEARATE, MYRISTYL MYRISTATE, CETEARYL ALCOHOL, CI 77491 (IRON OXIDES), SODIUM CETEARYL SULFATE, ETHYLHEXYL PALMITATE, TOCOPHERYL ACETATE, CI 77499 (IRON OXIDES), XANTHAN GUM, PARFUM (FRAGRANCE), HYDROLYZED JOJOBA ESTERS, HELIANTHUS ANNUUS (SUNFLOWER) SEED OIL, MYRISTIC ACID, SODIUM HYDROXIDE, ARACHIDIC ACID, TOCOPHEROL, JOJOBA ESTERS, CITRONELLOL, TRIHYDROXYSTEARIN, DIMETHYL PHENETHYL ACETATE, ALUMINA, MAGNESIUM OXIDE, TERPINEOL, VANILLIN, HEXYL CINNAMAL, ALPHA-ISOMETHYL IONONE, SODIUM HYALURONATE, GLUCOMANNAN",yes,yes,nein
Volume Strengthening Conditioning Spray,de,https://image.labiosthetique.com/i/square-1440/m2-product:volume_strengthening_conditioning_spray_247451_150ml_206c9e3.jpg/feed-media.jpg,https://www.labiosthetique.de/volume-strengthening-conditioning-spray,/volume-strengthening-conditioning-spray,120922,"Der praktische Leave-in Conditioner versorgt das Haar im Nu mit Pflege und Feuchtigkeit, ohne es zu beschweren. Er schützt vor Hitzeschäden, sorgt für flexiblen Halt und schwereloses Volumen.","31,50 €","210,00 € / 1 l",150 ml,Haar- & Kopfhautpflege,Für maximales Volumen gleichmäßig in das handtuchtrockene Haar sprühen. Anschließend kämmen und föhnen oder wie gewohnt stylen.,"AQUA (WATER), ALCOHOL DENAT., POLYQUATERNIUM-11, HEXYLENE GLYCOL , LACTIC ACID, PENTYLENE GLYCOL, PEG-40 HYDROGENATED CASTOR OIL, TRIDECETH-9, PARFUM (FRAGRANCE), SODIUM BENZOATE, HYDROLYZED RICE BRAN PROTEIN, HYDROLYZED SOY PROTEIN, KAPPAPHYCUS ALVAREZII EXTRACT, PANTHENOL, LAMINARIA SACCHARINA EXTRACT, PROPYLENE GLYCOL, HYDROXYPROPYL OXIDIZED STARCH PG-TRIMONIUM CHLORIDE, CETRIMONIUM CHLORIDE, TETRAMETHYL ACETYLOCTAHYDRONAPHTHALENES, GLYCINE, STARCH HYDROXYPROPYLTRIMONIUM CHLORIDE, HEXADECANOLACTONE, ACACIA SENEGAL GUM, PULLULAN, SORBITOL, TREHALOSE, BENZYL SALICYLATE, ALPHA-ISOMETHYL IONONE, SODIUM LACTATE, LIMONENE, PHENOXYETHANOL, SODIUM CHLORIDE, UREA, CITRUS AURANTIUM BERGAMIA (BERGAMOT) PEEL OIL, LINALYL ACETATE, GLYCERIN, PINENE, CITRIC ACID, LINALOOL, ETHYLHEXYLGLYCERIN, LEVULINIC ACID, PLANKTON EXTRACT, P-ANISIC ACID",yes,yes,ja
Volume Strengthening Conditioning Spray,en,https://image.labiosthetique.com/i/square-1440/m2-product:volume_strengthening_conditioning_spray_247451_150ml_206c9e3.jpg/feed-media.jpg,https://www.labiosthetique.de/volume-strengthening-conditioning-spray,/volume-strengthening-conditioning-spray,120922,"This practical leave-in conditioner cares for and moisturises the hair in a flash, without weighing it down. It protects against heat damage and provides flexible hold and weightless volume.","31,50 €","210,00 € / 1 l",150 ml,Hair & scalp care,"For maximum volume, spray evenly into towel-dried hair, then comb and blow-dry or style as usual.","AQUA (WATER), ALCOHOL DENAT., POLYQUATERNIUM-11, HEXYLENE GLYCOL , LACTIC ACID, PENTYLENE GLYCOL, PEG-40 HYDROGENATED CASTOR OIL, TRIDECETH-9, PARFUM (FRAGRANCE), SODIUM BENZOATE, HYDROLYZED RICE BRAN PROTEIN, HYDROLYZED SOY PROTEIN, KAPPAPHYCUS ALVAREZII EXTRACT, PANTHENOL, LAMINARIA SACCHARINA EXTRACT, PROPYLENE GLYCOL, HYDROXYPROPYL OXIDIZED STARCH PG-TRIMONIUM CHLORIDE, CETRIMONIUM CHLORIDE, TETRAMETHYL ACETYLOCTAHYDRONAPHTHALENES, GLYCINE, STARCH HYDROXYPROPYLTRIMONIUM CHLORIDE, HEXADECANOLACTONE, ACACIA SENEGAL GUM, PULLULAN, SORBITOL, TREHALOSE, BENZYL SALICYLATE, ALPHA-ISOMETHYL IONONE, SODIUM LACTATE, LIMONENE, PHENOXYETHANOL, SODIUM CHLORIDE, UREA, CITRUS AURANTIUM BERGAMIA (BERGAMOT) PEEL OIL, LINALYL ACETATE, GLYCERIN, PINENE, CITRIC ACID, LINALOOL, ETHYLHEXYLGLYCERIN, LEVULINIC ACID, PLANKTON EXTRACT, P-ANISIC ACID",yes,yes,ja
glam + colour Iced Espresso .21 .BA Colouring Mask,de,https://image.labiosthetique.com/i/square-1440/m2-product:glam_colour_iced_espresso_.21_.ba_colouring_mask_381801_200ml_cf5a4ed.jpg/feed-media.jpg,https://www.labiosthetique.de/glam-colour-iced-espresso-21-ba-colouring-mask,/glam-colour-iced-espresso-21-ba-colouring-mask,038222,Die Haarmaske mit Farbpigmenten und Farbschutz wirkt intensiv pflegend und verleiht braunem Haar einen kühlen Espresso-Ton mit leuchtenden Reflexen.,"37,50 €","187,50 € / 1 l",200 ml,Haar- & Kopfhautpflege,"Die Colouring Mask unter Verwendung der beigefügten Handschuhe gleichmäßig im gewaschenen, handtuchtrockenen Haar verteilen. Je nach gewünschter Intensität 3-10 Minuten einwirken lassen, anschließend gründlich ausspülen.","AQUA (WATER), BEHENAMIDOPROPYL DIMETHYLAMINE, DICAPRYLYL ETHER , NEOPENTYL GLYCOL DIHEPTANOATE, PROPYLENE GLYCOL, INULIN, DICOCOYL PENTAERYTHRITYL DISTEARYL CITRATE , CETEARYL ALCOHOL, LACTIC ACID, LAURYL ALCOHOL, PARFUM (FRAGRANCE), BEHENTRIMONIUM METHOSULFATE, CETRIMONIUM CHLORIDE, GUAR HYDROXYPROPYLTRIMONIUM CHLORIDE, HC BLUE NO. 2, BENZOIC ACID, GLYCERIN, TETRAMETHYL ACETYLOCTAHYDRONAPHTHALENES, BASIC YELLOW 57, BUTYLENE GLYCOL, HC BLUE NO. 16, CITRUS AURANTIUM BERGAMIA (BERGAMOT) PEEL OIL, LIMONENE, HC YELLOW NO. 2, BASIC BROWN 17, BASIC RED 76, N,N´-BIS(2-HYDROXYETHYL)-2-NITRO-P-PHENYLENEDIAMINE, LINALOOL, HELIANTHUS ANNUUS (SUNFLOWER) SEED EXTRACT, LINALYL ACETATE, GERANIOL, TERPINEOL, CITRONELLOL, ORYZA SATIVA (RICE) SEED PROTEIN, PINENE, CITRIC ACID, ORYZA SATIVA (RICE) EXTRACT, GLUCONOLACTONE , SODIUM BENZOATE, CALCIUM GLUCONATE",yes,yes,ja
glam + colour Iced Espresso .21 .BA Colouring Mask,en,https://image.labiosthetique.com/i/square-1440/m2-product:glam_colour_iced_espresso_.21_.ba_colouring_mask_381801_200ml_cf5a4ed.jpg/feed-media.jpg,https://www.labiosthetique.de/glam-colour-iced-espresso-21-ba-colouring-mask,/glam-colour-iced-espresso-21-ba-colouring-mask,038222,The hair mask with colour pigments and colour protection has an intensive conditioning effect and gives brown hair a cool espresso tone with luminous highlights.,"37,50 €","187,50 € / 1 l",200 ml,Hair & scalp care,"Apply the Colouring Mask evenly to washed, towel-dried hair using the enclosed gloves. Leave on for 3-10 minutes depending on the desired intensity, then rinse thoroughly.","AQUA (WATER), BEHENAMIDOPROPYL DIMETHYLAMINE, DICAPRYLYL ETHER , NEOPENTYL GLYCOL DIHEPTANOATE, PROPYLENE GLYCOL, INULIN, DICOCOYL PENTAERYTHRITYL DISTEARYL CITRATE , CETEARYL ALCOHOL, LACTIC ACID, LAURYL ALCOHOL, PARFUM (FRAGRANCE), BEHENTRIMONIUM METHOSULFATE, CETRIMONIUM CHLORIDE, GUAR HYDROXYPROPYLTRIMONIUM CHLORIDE, HC BLUE NO. 2, BENZOIC ACID, GLYCERIN, TETRAMETHYL ACETYLOCTAHYDRONAPHTHALENES, BASIC YELLOW 57, BUTYLENE GLYCOL, HC BLUE NO. 16, CITRUS AURANTIUM BERGAMIA (BERGAMOT) PEEL OIL, LIMONENE, HC YELLOW NO. 2, BASIC BROWN 17, BASIC RED 76, N,N´-BIS(2-HYDROXYETHYL)-2-NITRO-P-PHENYLENEDIAMINE, LINALOOL, HELIANTHUS ANNUUS (SUNFLOWER) SEED EXTRACT, LINALYL ACETATE, GERANIOL, TERPINEOL, CITRONELLOL, ORYZA SATIVA (RICE) SEED PROTEIN, PINENE, CITRIC ACID, ORYZA SATIVA (RICE) EXTRACT, GLUCONOLACTONE , SODIUM BENZOATE, CALCIUM GLUCONATE",yes,yes,ja
Colour Protection Shine Restoring Softening Shampoo,de,https://image.labiosthetique.com/i/square-1440/m2-product:colour_protection_shine_restoring_softening_shampoo_389997_100ml_05bc930.jpg/feed-media.jpg,https://www.labiosthetique.de/colour-protection-shine-restoring-softening-shampoo?childSku=4040218873047,/colour-protection-shine-restoring-softening-shampoo?childSku=4040218873047,120737,"Das milde Shampoo reinigt coloriertes, strapaziertes Haar und versorgt es mit Feuchtigkeit und Pflege. Die Haarfarbe ist vor Pigmentverlust geschützt und kann ihre Brillanz länger bewahren.","16,00 €","160,00 € / 1 l",100 ml,Haar- & Kopfhautpflege,Gleichmäßig im Haar und auf der Kopfhaut verteilen und einmassieren. Anschließend gründlich ausspülen.,"AQUA (WATER), SODIUM LAURETH SULFATE, COCAMIDOPROPYL BETAINE, SODIUM CHLORIDE, PARFUM (FRAGRANCE), POLYQUATERNIUM-10, DIMETHYLPABAMIDOPROPYL LAURDIMONIUM TOSYLATE, SODIUM BENZOATE, TROMETHAMINE, PANTHENOL, BENZOIC ACID, GLYCERIN, BUTYLENE GLYCOL, TETRAMETHYL ACETYLOCTAHYDRONAPHTHALENES, HELIANTHUS ANNUUS (SUNFLOWER) SEED EXTRACT, HEXAMETHYLINDANOPYRAN, CITRUS AURANTIUM BERGAMIA (BERGAMOT) PEEL OIL, LIMONENE, ALPHA-ISOMETHYL IONONE, LINALOOL, LINALYL ACETATE, SODIUM ACETATE, CITRIC ACID, ISOPROPYL ALCOHOL",yes,no,ja
Colour Protection Shine Restoring Softening Shampoo,en,https://image.labiosthetique.com/i/square-1440/m2-product:colour_protection_shine_restoring_softening_shampoo_389997_100ml_05bc930.jpg/feed-media.jpg,https://www.labiosthetique.de/colour-protection-shine-restoring-softening-shampoo?childSku=4040218873047,/colour-protection-shine-restoring-softening-shampoo?childSku=4040218873047,120737,"The mild shampoo cares for coloured, stressed hair and provides it with moisture and care. It protects the hair colour against pigment loss and maintains its brilliance for longer.","16,00 €","160,00 € / 1 l",100 ml,Hair & scalp care,"Evenly distribute into the hair and onto the scalp and massage in, then rinse out thoroughly.","AQUA (WATER), SODIUM LAURETH SULFATE, COCAMIDOPROPYL BETAINE, SODIUM CHLORIDE, PARFUM (FRAGRANCE), POLYQUATERNIUM-10, DIMETHYLPABAMIDOPROPYL LAURDIMONIUM TOSYLATE, SODIUM BENZOATE, TROMETHAMINE, PANTHENOL, BENZOIC ACID, GLYCERIN, BUTYLENE GLYCOL, TETRAMETHYL ACETYLOCTAHYDRONAPHTHALENES, HELIANTHUS ANNUUS (SUNFLOWER) SEED EXTRACT, HEXAMETHYLINDANOPYRAN, CITRUS AURANTIUM BERGAMIA (BERGAMOT) PEEL OIL, LIMONENE, ALPHA-ISOMETHYL IONONE, LINALOOL, LINALYL ACETATE, SODIUM ACETATE, CITRIC ACID, ISOPROPYL ALCOHOL",yes,no,ja
Silky Mineral Powder 2/4 Medium Peach,de,https://image.labiosthetique.com/i/square-1440/m2-product:silky_mineral_powder_2_4_medium_peach_247789_12g_19e3da6.jpg/feed-media.jpg,https://www.labiosthetique.de/silky-mineral-powder?childSku=4040218835946,/silky-mineral-powder?childSku=4040218835946,018205,"Das lose Mineral-Puder fixiert das Make-up und zaubert als Puder mit puren Mineral-Pigmenten eine Haut, so rein, frisch und luxuriös wie reinste Seide.","31,00 €",0,12 g,Make-Up,Zum Fixieren und zur Verbesserung der Haltbarkeit des Make-ups: Silky Mineral Powder mit der flauschigen Quaste hauchzart auf das Gesicht stäuben. Für ein deckenderes Ergebnis: Silky Mineral Powder mit dem Belavance Kabuki-Pinsel durch leichtes Eindrehen in Kreisbewegungen in die Haut einarbeiten.,"MICA, ZINC STEARATE, KAOLIN, BORON NITRIDE, SYNTHETIC FLUORPHLOGOPITE, MAGNESIUM MYRISTATE, CI 77492 (IRON OXIDES), CI 77491 (IRON OXIDES), CI 77499 (IRON OXIDES), DEHYDROACETIC ACID, STEARIC ACID",yes,yes,ja
Silky Mineral Powder 2/4 Medium Peach,en,https://image.labiosthetique.com/i/square-1440/m2-product:silky_mineral_powder_2_4_medium_peach_247789_12g_19e3da6.jpg/feed-media.jpg,https://www.labiosthetique.de/silky-mineral-powder?childSku=4040218835946,/silky-mineral-powder?childSku=4040218835946,018205,The loose mineral powder fixes your make-up and its pure mineral pigments magically give you a skin as fresh and luxurious as the purest skin.,"31,00 €",0,12 g,Make-up,"For fixing and improving your make-up’s durability: Delicately use the fluffy powder puff to finely dust Silky Mineral Powder on to your face. For more coverage: Use the Belavance kabuki brush to work Silky Mineral Powder into the skin with lightly twisting, circular motions.","MICA, ZINC STEARATE, KAOLIN, BORON NITRIDE, SYNTHETIC FLUORPHLOGOPITE, MAGNESIUM MYRISTATE, CI 77492 (IRON OXIDES), CI 77491 (IRON OXIDES), CI 77499 (IRON OXIDES), DEHYDROACETIC ACID, STEARIC ACID",yes,yes,ja
Clarifying Aroma Complex,de,https://image.labiosthetique.com/i/square-1440/m2-product:clarifying_aroma_complex_384894_10ml_06a3f1c.jpg/feed-media.jpg,https://www.labiosthetique.de/clarifying-aroma-complex,/clarifying-aroma-complex,003081,"Das aromatisch duftende Konzentrat aus ausgesuchten etherischen Ölen wirkt klärend auf Haut und Seele. Das Hautbild bei fettiger, unreiner Haut erscheint ausgeglichen und sichtbar reiner. Für alle Liebhaber von Visarôme Intoxiné wird dies Ihr neues Lieblingsprodukt.","36,00 €","3.600,00 € / 1 l",10 ml,Hautpflege,Aroma Complex zur Energetisierung der Gesichtshaut. Täglich oder mehrmals wöchentlich 2-3 Tropfen nach der Reinigung auf der Gesichtshaut verteilen und leicht mit den Fingerkuppen einmassieren. Kann auch punktuell an den Energiepunkten im Gesicht angewendet werden.,"DICAPRYLYL CARBONATE, ALCOHOL DENAT., PARFUM (FRAGRANCE), LIMONENE, CITRUS AURANTIUM PEEL OIL, CITRUS AURANTIUM DULCIS (ORANGE) PEEL OIL, CITRUS AURANTIUM BERGAMIA (BERGAMOT) PEEL OIL, CITRUS AURANTIUM BERGAMIA (BERGAMOT) FRUIT OIL, CINNAMOMUM ZEYLANICUM BARK OIL, LINALOOL, LINALYL ACETATE, TOCOPHEROL, CINNAMAL, PINENE, CITRUS LIMON (LEMON) PEEL OIL, TERPINEOL, EUGENOL, ROSE FLOWER OIL/EXTRAKT, BETA-CARYOPHYLLENE, ANTHEMIS NOBILIS FLOWER OIL, ROSA DAMASCENA FLOWER EXTRACT, CARVONE, CINNAMYL ALCOHOL, ALPHA-TERPINENE, CITRAL, GERANIOL, BENZYL BENZOATE",no,yes,ja
Clarifying Aroma Complex,en,https://image.labiosthetique.com/i/square-1440/m2-product:clarifying_aroma_complex_384894_10ml_06a3f1c.jpg/feed-media.jpg,https://www.labiosthetique.de/clarifying-aroma-complex,/clarifying-aroma-complex,003081,"The aromatically scented concentrate made from selected essential oils has a clarifying effect on the skin and soul. The complexion of oily, blemished skin appears balanced and visibly clearer. For all lovers of Visarôme Intoxiné this will be your new favorite product.","36,00 €","3.600,00 € / 1 l",10 ml,Skin care,Aroma Complex for clarifying and balancing the facial skin. Apply 2-3 drops to the facial skin daily or several times a week after cleansing and massage in gently with the fingertips. Can also be applied selectively to energy points on the face.,"DICAPRYLYL CARBONATE, ALCOHOL DENAT., PARFUM (FRAGRANCE), LIMONENE, CITRUS AURANTIUM PEEL OIL, CITRUS AURANTIUM DULCIS (ORANGE) PEEL OIL, CITRUS AURANTIUM BERGAMIA (BERGAMOT) PEEL OIL, CITRUS AURANTIUM BERGAMIA (BERGAMOT) FRUIT OIL, CINNAMOMUM ZEYLANICUM BARK OIL, LINALOOL, LINALYL ACETATE, TOCOPHEROL, CINNAMAL, PINENE, CITRUS LIMON (LEMON) PEEL OIL, TERPINEOL, EUGENOL, ROSE FLOWER OIL/EXTRAKT, BETA-CARYOPHYLLENE, ANTHEMIS NOBILIS FLOWER OIL, ROSA DAMASCENA FLOWER EXTRACT, CARVONE, CINNAMYL ALCOHOL, ALPHA-TERPINENE, CITRAL, GERANIOL, BENZYL BENZOATE",no,yes,ja
Balancing Lipokerine A Shampoo,de,https://image.labiosthetique.com/i/square-1440/m2-product:balancing_lipokerine_a_shampoo_408067_100ml_c6828ca.jpg/feed-media.jpg,https://www.labiosthetique.de/balancing-lipokerine-a-shampoo?childSku=4040218890846,/balancing-lipokerine-a-shampoo?childSku=4040218890846,120679,"Das ausgleichende Shampoo reinigt ebenso schonend wie gründlich, befreit die Kopfhaut von überschüssigem Talg, reguliert die Talgproduktion und verhindert das schnelle Nachfetten der Haare. Kopfhaut und Haar erhalten ein sofortiges Frischegefühl. Für alle Liebhaber von Shampooing Lipokerine A wird dies Ihr neues Lieblingsprodukt.","16,00 €","160,00 € / 1 l",100 ml,Haar- & Kopfhautpflege,"Gleichmäßig im feuchten Haar und auf der Kopfhaut verteilen, kurz einwirken lassen und gründlich ausspülen.","AQUA (WATER), SODIUM LAURETH SULFATE, LAURYL GLUCOSIDE , SODIUM LAUROYL OAT AMINO ACIDS, CAPRYLYL/CAPRYL GLUCOSIDE, GLYCERIN, SODIUM BENZOATE, PARFUM (FRAGRANCE), LACTIC ACID, TETRAMETHYL ACETYLOCTAHYDRONAPHTHALENES, PEG-7 GLYCERYL COCOATE, HYDROXYPROPYL OXIDIZED STARCH PG-TRIMONIUM CHLORIDE, PEG-150 PENTAERYTHRITYL TETRASTEARATE, SODIUM CITRATE, PHENOXYETHANOL, SARCOSINE, STARCH HYDROXYPROPYLTRIMONIUM CHLORIDE, TETRASODIUM EDTA, OCTYLDODECANOL, SODIUM LACTATE, LIMONENE, CITRUS LIMON (LEMON) PEEL OIL, PINENE, BENZOIC ACID, POLYSORBATE 20, SODIUM CHLORIDE, UREA, ETHYLHEXYLGLYCERIN, LEVULINIC ACID, LEPTOSPERMUM SCOPARIUM BRANCH/LEAF OIL, P-ANISIC ACID, MAGNOLIA OFFICINALIS BARK EXTRACT, PIPER NIGRUM (PEPPER) SEED EXTRACT",yes,yes,ja
Balancing Lipokerine A Shampoo,en,https://image.labiosthetique.com/i/square-1440/m2-product:balancing_lipokerine_a_shampoo_408067_100ml_c6828ca.jpg/feed-media.jpg,https://www.labiosthetique.de/balancing-lipokerine-a-shampoo?childSku=4040218890846,/balancing-lipokerine-a-shampoo?childSku=4040218890846,120679,"The balancing shampoo has both a gentle and a thorough cleansing effect, frees the scalp from excessive sebum, regulates sebum production and prevents the hair from rapidly becoming oily. It provides the scalp and hair with an instant feeling of freshness.","16,00 €","160,00 € / 1 l",100 ml,Hair & scalp care,"Distribute evenly in moist hair and on the scalp, briefly leave to take effect, then rinse out thoroughly.","AQUA (WATER), SODIUM LAURETH SULFATE, LAURYL GLUCOSIDE , SODIUM LAUROYL OAT AMINO ACIDS, CAPRYLYL/CAPRYL GLUCOSIDE, GLYCERIN, SODIUM BENZOATE, PARFUM (FRAGRANCE), LACTIC ACID, TETRAMETHYL ACETYLOCTAHYDRONAPHTHALENES, PEG-7 GLYCERYL COCOATE, HYDROXYPROPYL OXIDIZED STARCH PG-TRIMONIUM CHLORIDE, PEG-150 PENTAERYTHRITYL TETRASTEARATE, SODIUM CITRATE, PHENOXYETHANOL, SARCOSINE, STARCH HYDROXYPROPYLTRIMONIUM CHLORIDE, TETRASODIUM EDTA, OCTYLDODECANOL, SODIUM LACTATE, LIMONENE, CITRUS LIMON (LEMON) PEEL OIL, PINENE, BENZOIC ACID, POLYSORBATE 20, SODIUM CHLORIDE, UREA, ETHYLHEXYLGLYCERIN, LEVULINIC ACID, LEPTOSPERMUM SCOPARIUM BRANCH/LEAF OIL, P-ANISIC ACID, MAGNOLIA OFFICINALIS BARK EXTRACT, PIPER NIGRUM (PEPPER) SEED EXTRACT",yes,yes,ja
Sun Care Cream Sensitive SPF 50+,de,https://image.labiosthetique.com/i/square-1440/m2-product:sun_care_cream_sensitive_spf_50_413099_200ml_02b05c1.jpg/feed-media.jpg,https://www.labiosthetique.de/sun-care-cream-sensitive-50?childSku=4040218891546,/sun-care-cream-sensitive-50?childSku=4040218891546,002354,"Mit einer Kombination aus effektiven, hoch dosierten UV-Filtern und zellaktiven natürlichen Wirkstoffen schützt die wasserfeste, parfümfreie Creme die Haut vor sonnenbedingter Schädigung.","48,00 €","240,00 € / 1 l",200 ml,Hautpflege,"Vor der Sonnenexposition großzügig auf die Haut auftragen, auch an schwer erreichbaren Stellen, und einziehen lassen. Geringe Auftragsmengen reduzieren die Schutzleistung erheblich.","AQUA (WATER), PROPYLHEPTYL CAPRYLATE, DIETHYLAMINO HYDROXYBENZOYL HEXYL BENZOATE, C12-15 ALKYL BENZOATE, DIISOPROPYL ADIPATE, BIS-ETHYLHEXYLOXYPHENOL METHOXYPHENYL TRIAZINE, METHYLENE BIS-BENZOTRIAZOLYL TETRAMETHYLBUTYLPHENOL (NANO), TRIS-BIPHENYL TRIAZINE (NANO), SORBITOL, ETHYLHEXYL TRIAZONE, TRIMETHYLPENTANEDIOL/ADIPIC ACID/GLYCERIN CROSSPOLYMER, CERA ALBA (BEESWAX), C14-22 ALCOHOLS, SODIUM STEAROYL LACTYLATE, ETHYL FERULATE, ROSMARINUS OFFICINALIS (ROSEMARY) LEAF EXTRACT , SODIUM STEAROYL GLUTAMATE, HELIANTHUS ANNUUS (SUNFLOWER) SEED OIL, DECYL GLUCOSIDE, ACRYLATES/C10-30 ALKYL ACRYLATE CROSSPOLYMER, HYDROXYACETOPHENONE, C12-20 ALKYL GLUCOSIDE, TROMETHAMINE, SODIUM POLYPHOSPHATE, XANTHAN GUM, BUTYLENE GLYCOL, DISODIUM PHOSPHATE, PROPYLENE GLYCOL, TOCOPHEROL, PHENOXYETHANOL, BENZOIC ACID, DEHYDROACETIC ACID",yes,no,ja
Sun Care Cream Sensitive SPF 50+,en,https://image.labiosthetique.com/i/square-1440/m2-product:sun_care_cream_sensitive_spf_50_413099_200ml_02b05c1.jpg/feed-media.jpg,https://www.labiosthetique.de/sun-care-cream-sensitive-50?childSku=4040218891546,/sun-care-cream-sensitive-50?childSku=4040218891546,002354,"With a combination of effective, highly dosed UV filters and cell-active natural active ingredients, the waterproof, perfume-free cream protects the skin against sun-induced damage.","48,00 €","240,00 € / 1 l",200 ml,Skin care,"Before sun exposure, apply generously to the skin, including areas that are difficult to reach, and allow to absorb. Low application quantities considerably reduce the protective effect.","AQUA (WATER), PROPYLHEPTYL CAPRYLATE, DIETHYLAMINO HYDROXYBENZOYL HEXYL BENZOATE, C12-15 ALKYL BENZOATE, DIISOPROPYL ADIPATE, BIS-ETHYLHEXYLOXYPHENOL METHOXYPHENYL TRIAZINE, METHYLENE BIS-BENZOTRIAZOLYL TETRAMETHYLBUTYLPHENOL (NANO), TRIS-BIPHENYL TRIAZINE (NANO), SORBITOL, ETHYLHEXYL TRIAZONE, TRIMETHYLPENTANEDIOL/ADIPIC ACID/GLYCERIN CROSSPOLYMER, CERA ALBA (BEESWAX), C14-22 ALCOHOLS, SODIUM STEAROYL LACTYLATE, ETHYL FERULATE, ROSMARINUS OFFICINALIS (ROSEMARY) LEAF EXTRACT , SODIUM STEAROYL GLUTAMATE, HELIANTHUS ANNUUS (SUNFLOWER) SEED OIL, DECYL GLUCOSIDE, ACRYLATES/C10-30 ALKYL ACRYLATE CROSSPOLYMER, HYDROXYACETOPHENONE, C12-20 ALKYL GLUCOSIDE, TROMETHAMINE, SODIUM POLYPHOSPHATE, XANTHAN GUM, BUTYLENE GLYCOL, DISODIUM PHOSPHATE, PROPYLENE GLYCOL, TOCOPHEROL, PHENOXYETHANOL, BENZOIC ACID, DEHYDROACETIC ACID",yes,no,ja
Bürste Ceramic C-2000,de,https://image.labiosthetique.com/i/square-1440/m2-product:b_rste_ceramic_c_2000_247427_1St_ck_49771e0.jpg/feed-media.jpg,https://www.labiosthetique.de/keramikbuerste-c-2000,/keramikbuerste-c-2000,042597,"Diese Bürste werden Sie lieben: Keramikbürste mit ionisierenden Borsten für eine antistatische Wirkung, mehr Glanz, schnelles Trocknen und mehr Volumen.","49,00 €",0,1 pcs,"Haar- & Kopfhautpflege,Styling","Das Haar halbtrocken föhnen und anschließend strähnenweise die Bürste am Haaransatz ansetzen, unter Spannung halten und den Föhn auf den Bürstenkörper richten. Das Haar erst auf hoher Stufe und für einen längeren Halt anschließend kalt föhnen.",keine Angabe,no,no,ja
Ceramic Hair Brush C-2000,en,https://image.labiosthetique.com/i/square-1440/m2-product:b_rste_ceramic_c_2000_247427_1St_ck_49771e0.jpg/feed-media.jpg,https://www.labiosthetique.de/keramikbuerste-c-2000,/keramikbuerste-c-2000,042597,"You will love this brush: ceramic brush with ionising bristles for an antistatic effect, more shine, fast drying and more volume.","49,00 €",0,1 pcs,"Hair & scalp care,Styling","Blow-dry the hair till half-dry and then, strand by strand, place the brush at the hair roots, hold tight in the hair and direct the hairdryer at the brush body. Blow-dry the hair on a high setting and for longer hold blast it with the cool shot setting.",not specified,no,no,ja
Shape Clay,de,https://image.labiosthetique.com/i/square-1440/m2-product:shape_clay_368323_75ml_a852fa0.jpg/feed-media.jpg,https://www.labiosthetique.de/shape-clay,/shape-clay,110166,Formgebende Stylingpaste für seidenmatte und griffige Looks.,"26,00 €","346,67 € / 1 l",75 ml,Styling,"Shape Clay ins trockene Haar einarbeiten, um die ganze Frisur oder einzelne Strähnen zu akzentuieren.","AQUA (WATER), CETEARYL ALCOHOL, LANOLIN CERA (LANOLIN WAX), PROPYLENE GLYCOL, LANOLIN ALCOHOL, GLYCERYL STEARATE, KAOLIN, PEG-8 BEESWAX, PVP, CERA ALBA (BEESWAX), PEG-40 HYDROGENATED CASTOR OIL, PHENOXYETHANOL, DIMETHICONE, PARFUM (FRAGRANCE), TROMETHAMINE, LACTIC ACID, TETRAMETHYL ACETYLOCTAHYDRONAPHTHALENES, ACRYLATES/STEARETH-20 METHACRYLATE COPOLYMER, ETHYLHEXYLGLYCERIN, TETRASODIUM EDTA, HEXAMETHYLINDANOPYRAN, LIMONENE, LINALYL ACETATE, PINENE, LINALOOL, CITRONELLOL, SODIUM LAURYL SULFATE, CITRUS LIMON PEEL OIL, GERANIOL, CITRAL, TOCOPHEROL",no,no,ja
Shape Clay,en,https://image.labiosthetique.com/i/square-1440/m2-product:shape_clay_368323_75ml_a852fa0.jpg/feed-media.jpg,https://www.labiosthetique.de/shape-clay,/shape-clay,110166,Shaping styling paste for silky matt and non-slip looks.,"26,00 €","346,67 € / 1 l",75 ml,Styling,Work Shape Clay into dry hair to accentuate the entire hairstyle or individual strands.,"AQUA (WATER), CETEARYL ALCOHOL, LANOLIN CERA (LANOLIN WAX), PROPYLENE GLYCOL, LANOLIN ALCOHOL, GLYCERYL STEARATE, KAOLIN, PEG-8 BEESWAX, PVP, CERA ALBA (BEESWAX), PEG-40 HYDROGENATED CASTOR OIL, PHENOXYETHANOL, DIMETHICONE, PARFUM (FRAGRANCE), TROMETHAMINE, LACTIC ACID, TETRAMETHYL ACETYLOCTAHYDRONAPHTHALENES, ACRYLATES/STEARETH-20 METHACRYLATE COPOLYMER, ETHYLHEXYLGLYCERIN, TETRASODIUM EDTA, HEXAMETHYLINDANOPYRAN, LIMONENE, LINALYL ACETATE, PINENE, LINALOOL, CITRONELLOL, SODIUM LAURYL SULFATE, CITRUS LIMON PEEL OIL, GERANIOL, CITRAL, TOCOPHEROL",no,no,ja
Mattifying Grip Spray,de,https://image.labiosthetique.com/i/square-1440/m2-product:mattifying_grip_spray_398117_100ml_dfd1f55.jpg/feed-media.jpg,https://www.labiosthetique.de/mattifying-grip-spray,/mattifying-grip-spray,110144,"Die mikrofeine Sprühformel sorgt für griffiges Ansatzvolumen, Struktur und ein mattes Finish.","29,00 €","290,00 € / 1 l",100 ml,Styling,"Vor Gebrauch gut schütteln. Gleichmäßig ins trockene Haar sprühen, trocknen lassen oder kurz anföhnen.","AQUA (WATER), ALCOHOL DENAT., GLYCERIN, SILICA, LITHIUM MAGNESIUM SODIUM SILICATE, SILICA SILYLATE, PEG-12 DIMETHICONE, PARFUM (FRAGRANCE), TETRASODIUM PYROPHOSPHATE, MAGNESIUM SULFATE, TETRAMETHYL ACETYLOCTAHYDRONAPHTHALENES, LIMONENE, LINALOOL, LINALYL ACETATE, GERANIOL, CITRONELLOL",no,yes,ja
Mattifying Grip Spray,en,https://image.labiosthetique.com/i/square-1440/m2-product:mattifying_grip_spray_398117_100ml_dfd1f55.jpg/feed-media.jpg,https://www.labiosthetique.de/mattifying-grip-spray,/mattifying-grip-spray,110144,"The micro-fine spray formula provides volume, structure and a matt finish.","29,00 €","290,00 € / 1 l",100 ml,Styling,"Shake well before use. Spray evenly into dry hair, leave to dry or blow-dry briefly.","AQUA (WATER), ALCOHOL DENAT., GLYCERIN, SILICA, LITHIUM MAGNESIUM SODIUM SILICATE, SILICA SILYLATE, PEG-12 DIMETHICONE, PARFUM (FRAGRANCE), TETRASODIUM PYROPHOSPHATE, MAGNESIUM SULFATE, TETRAMETHYL ACETYLOCTAHYDRONAPHTHALENES, LIMONENE, LINALOOL, LINALYL ACETATE, GERANIOL, CITRONELLOL",no,yes,ja
Revitalising Capsules,de,https://image.labiosthetique.com/i/square-1440/m2-product:revitalising_capsules_389019_7Kapseln_5da1b36.jpg/feed-media.jpg,https://www.labiosthetique.de/revitalising-capsules?childSku=4040218872545,/revitalising-capsules?childSku=4040218872545,002351,"Die Revitalising Capsules komplettieren das ausgewogene Pflegekonzept von Méthode Régénérante. Jede Lipid-Kapsel enthält einen hochwirksamen Cocktail wertvoller Öle, die tiefenwirksam revitalisieren, intensiv pflegen und ein seidiges Hautgefühl verleihen. Für alle Liebhaber von La Capsule wird dies Ihr neues Lieblingsprodukt.","16,50 €",0,7 capsules,Hautpflege,"Eine Kapsel öffnen und das enthaltene Pflegeöl mit den Fingerspitzen sanft auf die gereinigte, tonisierte Haut auftragen. Bei trockener Haut täglich morgens und/oder abends den Inhalt einer Kapsel auftragen. Bei normaler Haut 2- bis 4-mal wöchentlich morgens oder abends anwenden. Bei fettiger Haut 1- bis 2-mal wöchentlich abends anwenden. Bei Bedarf kann nach einigen Minuten Einwirkzeit eine zusätzliche Pflege oder Make-up aufgetragen werden.","C9-12 ALKANE, C13-15 ALKANE, MACADAMIA INTEGRIFOLIA SEED OIL, COCO-CAPRYLATE/CAPRATE, DIMETHICONOL, BORAGO OFFICINALIS SEED OIL, ALARIA ESCULENTA EXTRACT, CRAMBE ABYSSINICA SEED OIL, BETA-CAROTENE, XANTHOPHYLL, TOCOPHEROL, ROSMARINUS OFFICINALIS (ROSEMARY) LEAF EXTRACT , HELIANTHUS ANNUUS (SUNFLOWER) SEED OIL, CAPRYLIC/CAPRIC TRIGLYCERIDE, PARFUM (FRAGRANCE), TETRAMETHYL ACETYLOCTAHYDRONAPHTHALENES, ALPHA-ISOMETHYL IONONE, GERANIOL, BENZYL ALCOHOL, PINENE, LIMONENE, LINALOOL, LINALYL ACETATE, CITRONELLOL, HEXYL CINNAMAL, POGOSTEMON CABLIN OIL",no,no,ja
Revitalising Capsules,en,https://image.labiosthetique.com/i/square-1440/m2-product:revitalising_capsules_389019_7Kapseln_5da1b36.jpg/feed-media.jpg,https://www.labiosthetique.de/revitalising-capsules?childSku=4040218872545,/revitalising-capsules?childSku=4040218872545,002351,"Revitalising Capsules complete the balanced Méthode Régénérante care concept. Each lipid capsule contains a high-quality cocktail of valuable oils that revitalise the skin deep down, provide intensive care and leave the skin feeling silky soft.","16,50 €",0,7 capsules,Skin care,"Open a capsule and apply its care oil to the cleansed and toned skin of the face, neck and décolleté.","C9-12 ALKANE, C13-15 ALKANE, MACADAMIA INTEGRIFOLIA SEED OIL, COCO-CAPRYLATE/CAPRATE, DIMETHICONOL, BORAGO OFFICINALIS SEED OIL, ALARIA ESCULENTA EXTRACT, CRAMBE ABYSSINICA SEED OIL, BETA-CAROTENE, XANTHOPHYLL, TOCOPHEROL, ROSMARINUS OFFICINALIS (ROSEMARY) LEAF EXTRACT , HELIANTHUS ANNUUS (SUNFLOWER) SEED OIL, CAPRYLIC/CAPRIC TRIGLYCERIDE, PARFUM (FRAGRANCE), TETRAMETHYL ACETYLOCTAHYDRONAPHTHALENES, ALPHA-ISOMETHYL IONONE, GERANIOL, BENZYL ALCOHOL, PINENE, LIMONENE, LINALOOL, LINALYL ACETATE, CITRONELLOL, HEXYL CINNAMAL, POGOSTEMON CABLIN OIL",no,no,ja
Eyeshadow Pen Tropical Breeze,de,https://image.labiosthetique.com/i/square-1440/m2-product:eyeshadow_pen_tropical_breeze_411719_1_4g_77a387f.jpg/feed-media.jpg,https://www.labiosthetique.de/eyeshadow-pen?childSku=4040218889345,/eyeshadow-pen?childSku=4040218889345,016395,"Als Lidschatten oder Eyeliner anwendbar: Eyeshadow Pen mit cremig weicher Textur, die sich einfach auftragen und verblenden lässt","23,50 €",0,"1,4 g",Make-Up,Den Eyeshadow Pen als Lidschatten auf das gesamte Oberlid oder als Eyeliner entlang des Wimpernkranzes auftragen. Mit den Fingern oder einem Pinsel lässt sich die Farbe auch einfach verblenden. Tipp: Für Smokey Eyes den Lidschatten am äußeren Lidrand intensiver auftragen und nach oben hin verblenden.,"DIMETHICONE, MICA, SILICA, CI 77891 (TITANIUM DIOXIDE), ISOAMYL COCOATE, SUCROSE TETRASTEARATE TRIACETATE, POLYBUTENE, HYDROGENATED JOJOBA OIL, SYNTHETIC WAX, TRIMETHYLSILOXYSILICATE/DIMETHICONOL CROSSPOLYMER, GLYCERYL CAPRYLATE, SILICA SILYLATE, CI 77491 (IRON OXIDES), CI 77510 (FERRIC FERROCYANIDE), PENTAERYTHRITYL TETRA-DI-T-BUTYL HYDROXYHYDROCINNAMATE, CI 42090 (BLUE 1 LAKE), CI 19140 (YELLOW 5 LAKE), CI 77492 (IRON OXIDES), CI 77288 (CHROMIUM OXIDE GREEN), ETHYLENE/METHACRYLATE COPOLYMER, ISOPROPYL TITANIUM TRIISOSTEARATE/METHICONE CROSSPOLYMER",no,yes,ja
Eyeshadow Pen Tropical Breeze,en,https://image.labiosthetique.com/i/square-1440/m2-product:eyeshadow_pen_tropical_breeze_411719_1_4g_77a387f.jpg/feed-media.jpg,https://www.labiosthetique.de/eyeshadow-pen?childSku=4040218889345,/eyeshadow-pen?childSku=4040218889345,016395,Can be used as an eyeshadow or an liner: Eyeshadow Pen with a soft and creamy texture that is easy to apply and blend,"23,50 €",0,"1,4 g",Make-up,Apply the Eyeshadow Pen as an eyeshadow to the whole top lid or as an eyeliner along the lashes. The colour is easy to blend with the fingers or a brush.,"DIMETHICONE, MICA, SILICA, CI 77891 (TITANIUM DIOXIDE), ISOAMYL COCOATE, SUCROSE TETRASTEARATE TRIACETATE, POLYBUTENE, HYDROGENATED JOJOBA OIL, SYNTHETIC WAX, TRIMETHYLSILOXYSILICATE/DIMETHICONOL CROSSPOLYMER, GLYCERYL CAPRYLATE, SILICA SILYLATE, CI 77491 (IRON OXIDES), CI 77510 (FERRIC FERROCYANIDE), PENTAERYTHRITYL TETRA-DI-T-BUTYL HYDROXYHYDROCINNAMATE, CI 42090 (BLUE 1 LAKE), CI 19140 (YELLOW 5 LAKE), CI 77492 (IRON OXIDES), CI 77288 (CHROMIUM OXIDE GREEN), ETHYLENE/METHACRYLATE COPOLYMER, ISOPROPYL TITANIUM TRIISOSTEARATE/METHICONE CROSSPOLYMER",no,yes,ja
Long Hair  Silky Detangling Spray,de,https://image.labiosthetique.com/i/square-1440/m2-product:long_hair_silky_detangling_spray_418090_100ml_cb167af.jpg/feed-media.jpg,https://www.labiosthetique.de/long-hair-silky-detangling-spray,/long-hair-silky-detangling-spray,120656,"Die innovative Leave-in Sprühpflege entwirrt langes Haar sofort und verbessert die Kämmbarkeit in feuchtem und trockenem Haar. Sie schützt vor Haarbruch, Frizz und Stylinghitze und bewahrt die Haarstruktur selbst bei nächtlicher Reibung.","29,00 €","290,00 € / 1 l",100 ml,Haar- & Kopfhautpflege,Je nach Bedarf ins handtuchtrockene oder trockene Haar sprühen. Nicht ausspülen. Ideal auch als Pflege über Nacht.,"AQUA (WATER), PROPYLENE GLYCOL, DICAPRYLYL CARBONATE, CETEARYL ALCOHOL, GLYCERYL STEARATE, PHENOXYETHANOL, HYDROLYZED OAT PROTEIN, GLYCERIN, CARYODENDRON ORINOCENSE SEED OIL, OLEA EUROPAEA (OLIVE) LEAF EXTRACT, GLYCERYL OLEATE, PARFUM (FRAGRANCE), OLEA EUROPAEA FRUIT OIL, FRUCTOOLIGOSACCHARIDES, ETHYLHEXYLGLYCERIN, BETA VULGARIS (BEET) ROOT EXTRACT, PENTYLENE GLYCOL, TETRAMETHYL ACETYLOCTAHYDRONAPHTHALENES, ACACIA SENEGAL GUM, XANTHAN GUM, ILEX PARAGUARIENSIS LEAF EXTRACT, LIMONENE, ALPHA-ISOMETHYL IONONE, BENZYL ALCOHOL, POTASSIUM SORBATE, SODIUM BENZOATE, CITRUS AURANTIUM BERGAMIA (BERGAMOT) PEEL OIL, CYCLODEXTRIN, POTASSIUM LACTATE, CITRIC ACID, LINALOOL, LACTIC ACID, LINALYL ACETATE, PINENE, CITRONELLOL, GERANIOL, TERPINEOL, CYAMOPSIS TETRAGONOLOBA (GUAR) GUM, TOCOPHEROL, PHYTIC ACID, BENZYL ALCOHOL",no,yes,ja
Long Hair  Silky Detangling Spray,en,https://image.labiosthetique.com/i/square-1440/m2-product:long_hair_silky_detangling_spray_418090_100ml_cb167af.jpg/feed-media.jpg,https://www.labiosthetique.de/long-hair-silky-detangling-spray,/long-hair-silky-detangling-spray,120656,"The innovative leave-in care spray instantly detangles long hair and improves the combability of damp and dry hair. It protects against hair breakage, frizz and styling heat and it preserves the hair structure, even in the case of pillow friction at night.","29,00 €","290,00 € / 1 l",100 ml,Hair & scalp care,Spray into towel-dried or dry hair as needed. Do not rinse out. Also ideal for overnight care.,"AQUA (WATER), PROPYLENE GLYCOL, DICAPRYLYL CARBONATE, CETEARYL ALCOHOL, GLYCERYL STEARATE, PHENOXYETHANOL, HYDROLYZED OAT PROTEIN, GLYCERIN, CARYODENDRON ORINOCENSE SEED OIL, OLEA EUROPAEA (OLIVE) LEAF EXTRACT, GLYCERYL OLEATE, PARFUM (FRAGRANCE), OLEA EUROPAEA FRUIT OIL, FRUCTOOLIGOSACCHARIDES, ETHYLHEXYLGLYCERIN, BETA VULGARIS (BEET) ROOT EXTRACT, PENTYLENE GLYCOL, TETRAMETHYL ACETYLOCTAHYDRONAPHTHALENES, ACACIA SENEGAL GUM, XANTHAN GUM, ILEX PARAGUARIENSIS LEAF EXTRACT, LIMONENE, ALPHA-ISOMETHYL IONONE, BENZYL ALCOHOL, POTASSIUM SORBATE, SODIUM BENZOATE, CITRUS AURANTIUM BERGAMIA (BERGAMOT) PEEL OIL, CYCLODEXTRIN, POTASSIUM LACTATE, CITRIC ACID, LINALOOL, LACTIC ACID, LINALYL ACETATE, PINENE, CITRONELLOL, GERANIOL, TERPINEOL, CYAMOPSIS TETRAGONOLOBA (GUAR) GUM, TOCOPHEROL, PHYTIC ACID, BENZYL ALCOHOL",no,yes,ja
Spa Wellness Hair Shampoo,de,https://image.labiosthetique.com/i/square-1440/m2-product:spa_wellness_hair_shampoo_329921_50ml_cb8b736.jpg/feed-media.jpg,https://www.labiosthetique.de/spa-wellness-hair-shampoo?childSku=4040218855944,/spa-wellness-hair-shampoo?childSku=4040218855944,120716,Wellness-Shampoo für die tägliche Haarwäsche,"9,50 €","190,00 € / 1 l",50 ml,Haar- & Kopfhautpflege,Eine haselnussgroße Menge im feuchten Haar verteilen und aufschäumen. Die Kopfhaut dabei mit den Fingerspitzen massieren. Mit reichlich warmem Wasser ausspülen.,"AQUA (WATER), LAURYL GLUCOSIDE , SODIUM LAURETH SULFATE, SODIUM LAUROYL OAT AMINO ACIDS, PARFUM (FRAGRANCE), BETAINE, HYDROXYPROPYL GUAR HYDROXYPROPYLTRIMONIUM CHLORIDE, FRUCTOOLIGOSACCHARIDES, ALPHA-GLUCAN OLIGOSACCHARIDE, BETA VULGARIS (BEET) ROOT EXTRACT, INULIN, MARIS SAL (SEA SALT), PHENOXYETHANOL, SODIUM BENZOATE, SODIUM GLUCONATE, SODIUM LACTATE, COCO-GLUCOSIDE , GLYCERYL OLEATE, LACTIC ACID, TETRAMETHYL ACETYLOCTAHYDRONAPHTHALENES, TROMETHAMINE, LIMONENE, SODIUM CITRATE, BENZOIC ACID, CITRUS LIMON PEEL OIL, SODIUM POLYPHOSPHATE, CITRUS AURANTIUM PEEL OIL, DEHYDROACETIC ACID, CITRIC ACID, POTASSIUM LACTATE, TETRASODIUM EDTA, PINENE, CITRAL, ETHYLHEXYLGLYCERIN, TOCOPHEROL, HYDROGENATED VEGETABLE GLYCERIDES CITRATE, LECITHIN, ASCORBYL PALMITATE",yes,no,ja
Spa Wellness Hair Shampoo,en,https://image.labiosthetique.com/i/square-1440/m2-product:spa_wellness_hair_shampoo_329921_50ml_cb8b736.jpg/feed-media.jpg,https://www.labiosthetique.de/spa-wellness-hair-shampoo?childSku=4040218855944,/spa-wellness-hair-shampoo?childSku=4040218855944,120716,Wellness shampoo for daily hair-washing.,"9,50 €","190,00 € / 1 l",50 ml,Hair & scalp care,Distribute a hazelnut-sized amount into damp hair and lather while massaging the scalp with your fingertips. Rinse out with plenty of warm water.,"AQUA (WATER), LAURYL GLUCOSIDE , SODIUM LAURETH SULFATE, SODIUM LAUROYL OAT AMINO ACIDS, PARFUM (FRAGRANCE), BETAINE, HYDROXYPROPYL GUAR HYDROXYPROPYLTRIMONIUM CHLORIDE, FRUCTOOLIGOSACCHARIDES, ALPHA-GLUCAN OLIGOSACCHARIDE, BETA VULGARIS (BEET) ROOT EXTRACT, INULIN, MARIS SAL (SEA SALT), PHENOXYETHANOL, SODIUM BENZOATE, SODIUM GLUCONATE, SODIUM LACTATE, COCO-GLUCOSIDE , GLYCERYL OLEATE, LACTIC ACID, TETRAMETHYL ACETYLOCTAHYDRONAPHTHALENES, TROMETHAMINE, LIMONENE, SODIUM CITRATE, BENZOIC ACID, CITRUS LIMON PEEL OIL, SODIUM POLYPHOSPHATE, CITRUS AURANTIUM PEEL OIL, DEHYDROACETIC ACID, CITRIC ACID, POTASSIUM LACTATE, TETRASODIUM EDTA, PINENE, CITRAL, ETHYLHEXYLGLYCERIN, TOCOPHEROL, HYDROGENATED VEGETABLE GLYCERIDES CITRATE, LECITHIN, ASCORBYL PALMITATE",yes,no,ja
Spa Rich Firming Body Butter,de,https://image.labiosthetique.com/i/square-1440/m2-product:spa_rich_firming_body_butter_329719_200ml_efe4835.jpg/feed-media.jpg,https://www.labiosthetique.de/spa-rich-firming-body-butter,/spa-rich-firming-body-butter,002544,Reichhaltige Kontur formende Körperbutter,"48,00 €","240,00 € / 1 l",200 ml,Hautpflege,Die reichhaltige Kontur formende Körperbutter täglich nach dem Duschen oder Baden auf die Körperhaut auftragen und sanft kreisend einmassieren.,"AQUA (WATER), BUTYROSPERMUM PARKII (SHEA) BUTTER, HYDROGENATED COCO-GLYCERIDES, CAPRYLIC/CAPRIC TRIGLYCERIDE, CETEARYL ALCOHOL, GLYCERYL STEARATE, COCOS NUCIFERA (COCONUT) OIL, DIPROPYLENE GLYCOL, STEARIC ACID, PARFUM (FRAGRANCE), SODIUM LAUROYL GLUTAMATE, HYDROXYPROPYL METHYLCELLULOSE, CETYL PALMITATE, COCOGLYCERIDES, XANTHAN GUM, PHENOXYETHANOL, PULLULAN, MARIS AQUA (SEA WATER), TETRAMETHYL ACETYLOCTAHYDRONAPHTHALENES, GLYCERIN, FRUCTAN, CYNARA SCOLYMUS LEAF EXTRACT, BENZOIC ACID, DECYL GLUCOSIDE, TOCOPHEROL, CITRUS LIMON (LEMON) PEEL OIL, LIMONENE, BENZYL SALICYLATE, DEHYDROACETIC ACID, HEXADECANOLACTONE, PHENETHYL ALCOHOL, PORPHYRIDIUM CRUENTUM EXTRACT, ALPHA-ISOMETHYL IONONE, CITRIC ACID, LAMINARIA DIGITATA EXTRACT, PINENE, GLUCOSE, HELIANTHUS ANNUUS (SUNFLOWER) SEED OIL, CHLORELLA VULGARIS EXTRACT, CITRAL, LINALOOL, SACCHARIDE ISOMERATE, FARNESOL, CAFFEINE, ETHYLHEXYLGLYCERIN, XANTHINE",yes,yes,ja
Spa Rich Firming Body Butter,en,https://image.labiosthetique.com/i/square-1440/m2-product:spa_rich_firming_body_butter_329719_200ml_efe4835.jpg/feed-media.jpg,https://www.labiosthetique.de/spa-rich-firming-body-butter,/spa-rich-firming-body-butter,002544,Rich contour-forming body butter,"48,00 €","240,00 € / 1 l",200 ml,Skin care,Apply the rich contour-forming body butter to the skin daily after showering or bathing and gently massage in with circling motions.,"AQUA (WATER), BUTYROSPERMUM PARKII (SHEA) BUTTER, HYDROGENATED COCO-GLYCERIDES, CAPRYLIC/CAPRIC TRIGLYCERIDE, CETEARYL ALCOHOL, GLYCERYL STEARATE, COCOS NUCIFERA (COCONUT) OIL, DIPROPYLENE GLYCOL, STEARIC ACID, PARFUM (FRAGRANCE), SODIUM LAUROYL GLUTAMATE, HYDROXYPROPYL METHYLCELLULOSE, CETYL PALMITATE, COCOGLYCERIDES, XANTHAN GUM, PHENOXYETHANOL, PULLULAN, MARIS AQUA (SEA WATER), TETRAMETHYL ACETYLOCTAHYDRONAPHTHALENES, GLYCERIN, FRUCTAN, CYNARA SCOLYMUS LEAF EXTRACT, BENZOIC ACID, DECYL GLUCOSIDE, TOCOPHEROL, CITRUS LIMON (LEMON) PEEL OIL, LIMONENE, BENZYL SALICYLATE, DEHYDROACETIC ACID, HEXADECANOLACTONE, PHENETHYL ALCOHOL, PORPHYRIDIUM CRUENTUM EXTRACT, ALPHA-ISOMETHYL IONONE, CITRIC ACID, LAMINARIA DIGITATA EXTRACT, PINENE, GLUCOSE, HELIANTHUS ANNUUS (SUNFLOWER) SEED OIL, CHLORELLA VULGARIS EXTRACT, CITRAL, LINALOOL, SACCHARIDE ISOMERATE, FARNESOL, CAFFEINE, ETHYLHEXYLGLYCERIN, XANTHINE",yes,yes,ja
Structure Repair Nourishing Conditioning Spray,de,https://image.labiosthetique.com/i/square-1440/m2-product:structure_repair_nourishing_conditioning_spray_352833_200ml_917e418.jpg/feed-media.jpg,https://www.labiosthetique.de/structure-repair-nourishing-conditioning-spray-120669,/structure-repair-nourishing-conditioning-spray-120669,120669,"Sofort beim Aufsprühen nährt das intensiv pflegende Leave-in Spray angegriffenes Haar mit wertvollen Ölen, gleicht Strukturschäden aus und erleichtert das Kämmen. Für ein ultra weiches, glänzendes Ergebnis ohne Auswaschen.","32,00 €","160,00 € / 1 l",200 ml,Haar- & Kopfhautpflege,Ins handtuchtrockene Haar sprühen. Nicht ausspülen. Vor Gebrauch schütteln.,"AQUA (WATER), PEG-12 DIMETHICONE, DIMETHICONE, POLYQUATERNIUM-16, PHENYL TRIMETHICONE, BENZYL ALCOHOL, GLYCERIN, CARYODENDRON ORINOCENSE SEED OIL, DIMETHICONOL, PARFUM (FRAGRANCE), ANASTATICA HIEROCHUNTICA EXTRACT, DIMETHICONE CROSSPOLYMER, LACTIC ACID, HYDROLYZED WHEAT PROTEIN, LIMNANTHES ALBA (MEADOWFOAM) SEED OIL, TETRAMETHYL ACETYLOCTAHYDRONAPHTHALENES, DEHYDROACETIC ACID, LIMONENE, CITRUS AURANTIUM BERGAMIA (BERGAMOT) PEEL OIL, LINALOOL, AVENA STRIGOSA SEED EXTRACT , LECITHIN, CITRUS LIMON (LEMON) PEEL OIL, LINALYL ACETATE, CITRONELLOL, LACTOBACILLUS FERMENT, PINENE, TERPINEOL, GERANIOL, POTASSIUM SORBATE, CITRIC ACID",no,yes,ja
Structure Repair Nourishing Conditioning Spray,en,https://image.labiosthetique.com/i/square-1440/m2-product:structure_repair_nourishing_conditioning_spray_352833_200ml_917e418.jpg/feed-media.jpg,https://www.labiosthetique.de/structure-repair-nourishing-conditioning-spray-120669,/structure-repair-nourishing-conditioning-spray-120669,120669,"The moment it is sprayed on, the intensively conditioning leave-in spray nourishes damaged hair with valuable oils, balances out structural damage and makes the hair easier to comb. It provides an ultra-soft, shiny result and does not need to be rinsed out.","32,00 €","160,00 € / 1 l",200 ml,Hair & scalp care,Spray into towel-dried hair. Do not rinse out. Shake before use.,"AQUA (WATER), PEG-12 DIMETHICONE, DIMETHICONE, POLYQUATERNIUM-16, PHENYL TRIMETHICONE, BENZYL ALCOHOL, GLYCERIN, CARYODENDRON ORINOCENSE SEED OIL, DIMETHICONOL, PARFUM (FRAGRANCE), ANASTATICA HIEROCHUNTICA EXTRACT, DIMETHICONE CROSSPOLYMER, LACTIC ACID, HYDROLYZED WHEAT PROTEIN, LIMNANTHES ALBA (MEADOWFOAM) SEED OIL, TETRAMETHYL ACETYLOCTAHYDRONAPHTHALENES, DEHYDROACETIC ACID, LIMONENE, CITRUS AURANTIUM BERGAMIA (BERGAMOT) PEEL OIL, LINALOOL, AVENA STRIGOSA SEED EXTRACT , LECITHIN, CITRUS LIMON (LEMON) PEEL OIL, LINALYL ACETATE, CITRONELLOL, LACTOBACILLUS FERMENT, PINENE, TERPINEOL, GERANIOL, POTASSIUM SORBATE, CITRIC ACID",no,yes,ja
Styling Fluid,de,https://image.labiosthetique.com/i/square-1440/m2-product:styling_fluid_398081_250ml_05c8ac2.jpg/feed-media.jpg,https://www.labiosthetique.de/styling-fluid-1,/styling-fluid-1,110611,"Festigungsfluid für elastischen Halt, optimale Formbarkeit und ein perfekt definiertes Finish.","28,00 €","112,00 € / 1 l",250 ml,Styling,Styling Fluid gleichmäßig oder partiell ins feuchte Haar geben und mit den Händen oder dem Kamm einarbeiten. Anschließend in Form föhnen oder lufttrocknen lassen.,"AQUA (WATER), POLYQUATERNIUM-37, HEXYLENE GLYCOL , POLYQUATERNIUM-11, PEG-40 HYDROGENATED CASTOR OIL, PHENOXYETHANOL, PARFUM (FRAGRANCE), PANTHENOL, POLYQUATERNIUM-7, HYDROLYZED WHEAT PROTEIN, ETHYLHEXYLGLYCERIN, TETRASODIUM EDTA, ISOPROPYL ALCOHOL, LACTIC ACID, TETRAMETHYL ACETYLOCTAHYDRONAPHTHALENES, LIMONENE, LINALOOL, CITRIC ACID, SODIUM BENZOATE, LINALYL ACETATE, GERANIOL, CITRONELLOL, PINENE, COUMARIN, ANISE ALCOHOL, DIMETHYL PHENETHYL ACETATE, TOCOPHEROL",yes,yes,ja
Styling Fluid,en,https://image.labiosthetique.com/i/square-1440/m2-product:styling_fluid_398081_250ml_05c8ac2.jpg/feed-media.jpg,https://www.labiosthetique.de/styling-fluid-1,/styling-fluid-1,110611,"Firming fluid for elastic hold, optimal formability and a perfectly defined finish.","28,00 €","112,00 € / 1 l",250 ml,Styling,Apply Styling Fluid evenly or partially to damp hair and work into the hair with your hands or a comb. Then blow-dry into shape or leave to air-dry.,"AQUA (WATER), POLYQUATERNIUM-37, HEXYLENE GLYCOL , POLYQUATERNIUM-11, PEG-40 HYDROGENATED CASTOR OIL, PHENOXYETHANOL, PARFUM (FRAGRANCE), PANTHENOL, POLYQUATERNIUM-7, HYDROLYZED WHEAT PROTEIN, ETHYLHEXYLGLYCERIN, TETRASODIUM EDTA, ISOPROPYL ALCOHOL, LACTIC ACID, TETRAMETHYL ACETYLOCTAHYDRONAPHTHALENES, LIMONENE, LINALOOL, CITRIC ACID, SODIUM BENZOATE, LINALYL ACETATE, GERANIOL, CITRONELLOL, PINENE, COUMARIN, ANISE ALCOHOL, DIMETHYL PHENETHYL ACETATE, TOCOPHEROL",yes,yes,ja
Automatic Pencil for Eyes K28 Indigo,de,https://image.labiosthetique.com/i/square-1440/m2-product:automatic_pencil_for_eyes_k28_indigo_342833_0_35g_7ab6414.jpg/feed-media.jpg,https://www.labiosthetique.de/automatic-pencil-for-eyes?childSku=4040218883244,/automatic-pencil-for-eyes?childSku=4040218883244,017371,Der wasserfeste Lidstift sorgt mit seiner unschlagbaren Textur für farbintensive und lang anhaltende Augenblicke.,"24,50 €",0,"0,35 g",Make-Up,"Automatic Pencil for Eyes aus der Automatikhülle herausdrehen und die Augen, je nach Wunsch und Augenform, am unteren und/oder oberen Wimpernansatz akzentuieren. Achtung: der Stift kann nicht zurückgedreht werden!","MICA, C9-12 ALKANE, BIS-BEHENYL/ISOSTEARYL/PHYTOSTERYL DIMER DILINOLEYL DIMER DILINOLEATE, CI 77510 (FERRIC FERROCYANIDE), SUCROSE TETRASTEARATE TRIACETATE, HYDROGENATED CASTOR OIL, SYNTHETIC WAX, CI 77891 (TITANIUM DIOXIDE), CI 77007 (ULTRAMARINES), COPERNICIA CERIFERA CERA (CARNAUBA WAX), CI 77499 (IRON OXIDES), POLYGLYCERYL-4 DIISOSTEARATE/POLYHYDROXYSTEARATE/SEBACATE, SILICA, DISTEARDIMONIUM HECTORITE, TOCOPHEROL, KAOLIN, PROPYLENE CARBONATE, CI 77492 (IRON OXIDES)",yes,yes,ja
Automatic Pencil for Eyes K28 Indigo,en,https://image.labiosthetique.com/i/square-1440/m2-product:automatic_pencil_for_eyes_k28_indigo_342833_0_35g_7ab6414.jpg/feed-media.jpg,https://www.labiosthetique.de/automatic-pencil-for-eyes?childSku=4040218883244,/automatic-pencil-for-eyes?childSku=4040218883244,017371,The waterproof eyeliner features an unbeatable texture for intense colour and long-lasting eye make-up.,"24,50 €",0,"0,35 g",Make-up,"Retract Automatic Pencil for Eyes and, depending on your desired look and eye shape, accentuate the bottom and/or top lashes. Caution: you cannot twist the pencil back into the case!","MICA, C9-12 ALKANE, BIS-BEHENYL/ISOSTEARYL/PHYTOSTERYL DIMER DILINOLEYL DIMER DILINOLEATE, CI 77510 (FERRIC FERROCYANIDE), SUCROSE TETRASTEARATE TRIACETATE, HYDROGENATED CASTOR OIL, SYNTHETIC WAX, CI 77891 (TITANIUM DIOXIDE), CI 77007 (ULTRAMARINES), COPERNICIA CERIFERA CERA (CARNAUBA WAX), CI 77499 (IRON OXIDES), POLYGLYCERYL-4 DIISOSTEARATE/POLYHYDROXYSTEARATE/SEBACATE, SILICA, DISTEARDIMONIUM HECTORITE, TOCOPHEROL, KAOLIN, PROPYLENE CARBONATE, CI 77492 (IRON OXIDES)",yes,yes,ja
Curl Activating Repair Mask,de,https://image.labiosthetique.com/i/square-1440/m2-product:curl_activating_repair_mask_247193_100ml_be7cadb.jpg/feed-media.jpg,https://www.labiosthetique.de/curl-activating-repair-mask,/curl-activating-repair-mask,120367,Die intensiv pflegende Haarmaske repariert und stabilisiert die Lockenstruktur mit natürlichen Nährstoffen und schützt die Haaroberfläche vor Witterungs- und Umwelteinflüssen.,"23,50 €","235,00 € / 1 l",100 ml,Haar- & Kopfhautpflege,"Gleichmäßig im gewaschenen Haar verteilen, 10 Minuten einwirken lassen und anschließend gründlich ausspülen.","AQUA (WATER), CETEARYL ALCOHOL, PENTYLENE GLYCOL, BEHENTRIMONIUM METHOSULFATE, PANTHENOL, DIMETHYLPABAMIDOPROPYL LAURDIMONIUM TOSYLATE, PHYTANTRIOL, BENZOIC ACID, PARFUM (FRAGRANCE), CETRIMONIUM CHLORIDE, CITRUS AURANTIUM DULCIS PEEL CERA (ORANGE PEEL WAX), HYDROLYZED WHEAT PROTEIN, SODIUM POLYPHOSPHATE, TETRAMETHYL ACETYLOCTAHYDRONAPHTHALENES, LIMONENE, CITRIC ACID, LINALOOL, HEXAMETHYLINDANOPYRAN, SODIUM BENZOATE",yes,yes,ja
Curl Activating Repair Mask,en,https://image.labiosthetique.com/i/square-1440/m2-product:curl_activating_repair_mask_247193_100ml_be7cadb.jpg/feed-media.jpg,https://www.labiosthetique.de/curl-activating-repair-mask,/curl-activating-repair-mask,120367,"The deep-conditioning hair mask repairs and stabilises the curl structure with natural nutrients, and protects the hair surface from weather and environmental influences.","23,50 €","235,00 € / 1 l",100 ml,Hair & scalp care,"Evenly distribute into washed hair, leave in for 10 minutes, and then rinse thoroughly.","AQUA (WATER), CETEARYL ALCOHOL, PENTYLENE GLYCOL, BEHENTRIMONIUM METHOSULFATE, PANTHENOL, DIMETHYLPABAMIDOPROPYL LAURDIMONIUM TOSYLATE, PHYTANTRIOL, BENZOIC ACID, PARFUM (FRAGRANCE), CETRIMONIUM CHLORIDE, CITRUS AURANTIUM DULCIS PEEL CERA (ORANGE PEEL WAX), HYDROLYZED WHEAT PROTEIN, SODIUM POLYPHOSPHATE, TETRAMETHYL ACETYLOCTAHYDRONAPHTHALENES, LIMONENE, CITRIC ACID, LINALOOL, HEXAMETHYLINDANOPYRAN, SODIUM BENZOATE",yes,yes,ja
Rich Micellar Cleansing Cream,de,https://image.labiosthetique.com/i/square-1440/m2-product:rich_micellar_cleansing_cream_382753_200ml_e9997a3.jpg/feed-media.jpg,https://www.labiosthetique.de/rich-micellar-cleansing-cream,/rich-micellar-cleansing-cream,004482,"Die unkomplizierte, aber gründliche Mizellenreinigung mit der Rich Micellar Cleansing Cream befreit die Haut sanft von Schmutz und Make-up und hinterlässt ein gepflegtes Hautgefühl. Für alle Liebhaber von Clair de Teint Jeunesse wird dies Ihr neues Lieblingsprodukt.","36,50 €","182,50 € / 1 l",200 ml,Hautpflege,"Rich Micellar Cleansing Cream morgens und abends gleichmäßig auf Gesicht, Hals und Dekolleté auftragen. Mit etwas Wasser entsteht eine zarte, cremige Emulsion, die alle Schmutzpartikel aufnimmt. Nach gründlichem Abspülen hinterlässt sie ein gepflegtes und entspanntes Hautgefühl.","AQUA (WATER), GLYCOLIPIDS, CETEARYL ALCOHOL, HYDROGENATED CASTOR OIL, PALMITIC ACID, STEARIC ACID, SORBITOL, CAESALPINIA SPINOSA GUM, PHENOXYETHANOL, DECYL OLEATE, C12-16 ALCOHOLS, HYDROGENATED LECITHIN, PARFUM (FRAGRANCE), ARGININE, BENZOIC ACID, ETHYLHEXYLGLYCERIN, DEHYDROACETIC ACID, TETRAMETHYL ACETYLOCTAHYDRONAPHTHALENES, ALPHA-ISOMETHYL IONONE, TOCOPHEROL",yes,yes,ja
Rich Micellar Cleansing Cream,en,https://image.labiosthetique.com/i/square-1440/m2-product:rich_micellar_cleansing_cream_382753_200ml_e9997a3.jpg/feed-media.jpg,https://www.labiosthetique.de/rich-micellar-cleansing-cream,/rich-micellar-cleansing-cream,004482,The uncomplicated but thorough micellar cleansing with the Rich Micellar Cleansing Cream gently removes dirt and make-up from the skin and leaves it feeling nourished. For all lovers of Clair de Teint Jeunesse this will be your new favorite product.,"36,50 €","182,50 € / 1 l",200 ml,Skin care,"Apply Rich Micellar Cleansing Cream evenly to the face, neck and décolleté in the morning and evening. Add a little water to create a delicate, creamy emulsion that absorbs all dirt particles. After thorough rinsing, it leaves the skin feeling nourished and relaxed.","AQUA (WATER), GLYCOLIPIDS, CETEARYL ALCOHOL, HYDROGENATED CASTOR OIL, PALMITIC ACID, STEARIC ACID, SORBITOL, CAESALPINIA SPINOSA GUM, PHENOXYETHANOL, DECYL OLEATE, C12-16 ALCOHOLS, HYDROGENATED LECITHIN, PARFUM (FRAGRANCE), ARGININE, BENZOIC ACID, ETHYLHEXYLGLYCERIN, DEHYDROACETIC ACID, TETRAMETHYL ACETYLOCTAHYDRONAPHTHALENES, ALPHA-ISOMETHYL IONONE, TOCOPHEROL",yes,yes,ja
Bürste Ceramic & Ion 45mm,de,https://image.labiosthetique.com/i/square-1440/m2-product:b_rste_ceramic_ion_45mm_247437_1St_ck_5f0e2ce.jpg/feed-media.jpg,https://www.labiosthetique.de/buerste-ceramic-ion-45mm,/buerste-ceramic-ion-45mm,043755,"Seidiger Glanz und perfektes Styling: Universelle Rundbürste mit ionisierenden Borsten, die eine statische Aufladung der Haare reduzieren.","22,00 €",0,1 pcs,"Haar- & Kopfhautpflege,Styling","Das Haar halbtrocken föhnen und anschließend kleine Partien abteilen. Die Bürste am Haaransatz ansetzen und den Föhn auf den Bürstenkörper richten. Das Haar erst auf hoher Stufe und dann kalt föhnen. Die Bürste kurz im Haar auskühlen lassen, entfernen – voilà!",keine Angabe,no,no,ja
Brush Ceramic & Ion 45mm,en,https://image.labiosthetique.com/i/square-1440/m2-product:b_rste_ceramic_ion_45mm_247437_1St_ck_5f0e2ce.jpg/feed-media.jpg,https://www.labiosthetique.de/buerste-ceramic-ion-45mm,/buerste-ceramic-ion-45mm,043755,Silky shine and perfect styling: universal round brush with ionising bristles that reduce the static charge of the hair.,"22,00 €",0,1 pcs,"Hair & scalp care,Styling","Blow-dry the hair till it is half-dry and then divide into small sections. Place the brush at the hair roots and direct the hairdryer at the brush body. Blow-dry the hair first on a high setting and then blast it with the cool shot setting. Briefly let the brush cool in the hair, remove and voilà!",not specified,no,no,ja
Spa Relaxing Body Wash ,de,https://image.labiosthetique.com/i/square-1440/m2-product:spa_relaxing_body_wash_329767_50ml_ef75ba3.jpg/feed-media.jpg,https://www.labiosthetique.de/spa-relaxing-body-wash?childSku=4040218855142,/spa-relaxing-body-wash?childSku=4040218855142,003132,Entspannende Reinigung für den Körper,"9,50 €","190,00 € / 1 l",50 ml,Hautpflege,"Mit den Händen oder einem Waschhandschuh auf der angefeuchteten Haut verteilen, aufschäumen und mit warmem Wasser abspülen.","AQUA (WATER), LAURYL GLUCOSIDE , SODIUM LAURETH SULFATE, SODIUM LAUROYL OAT AMINO ACIDS, PARFUM (FRAGRANCE), BETAINE, HYDROXYPROPYL GUAR HYDROXYPROPYLTRIMONIUM CHLORIDE, FRUCTOOLIGOSACCHARIDES, ALPHA-GLUCAN OLIGOSACCHARIDE, BETA VULGARIS (BEET) ROOT EXTRACT, INULIN, MARIS SAL (SEA SALT), PHENOXYETHANOL, SODIUM BENZOATE, SODIUM GLUCONATE, SODIUM LACTATE, COCO-GLUCOSIDE , GLYCERYL OLEATE, LACTIC ACID, TETRAMETHYL ACETYLOCTAHYDRONAPHTHALENES, TROMETHAMINE, LIMONENE, SODIUM CITRATE, BENZOIC ACID, CITRUS LIMON PEEL OIL, SODIUM POLYPHOSPHATE, CITRUS AURANTIUM PEEL OIL, DEHYDROACETIC ACID, CITRIC ACID, POTASSIUM LACTATE, TETRASODIUM EDTA, PINENE, CITRAL, ETHYLHEXYLGLYCERIN, TOCOPHEROL, HYDROGENATED VEGETABLE GLYCERIDES CITRATE, LECITHIN, ASCORBYL PALMITATE",yes,no,ja
Spa Relaxing Body Wash ,en,https://image.labiosthetique.com/i/square-1440/m2-product:spa_relaxing_body_wash_329767_50ml_ef75ba3.jpg/feed-media.jpg,https://www.labiosthetique.de/spa-relaxing-body-wash?childSku=4040218855142,/spa-relaxing-body-wash?childSku=4040218855142,003132,Relaxing cleansing for the body,"9,50 €","190,00 € / 1 l",50 ml,Skin care,"Distribute on moistened skin with the hands or a washing mitt, lather and then rinse off with warm water.","AQUA (WATER), LAURYL GLUCOSIDE , SODIUM LAURETH SULFATE, SODIUM LAUROYL OAT AMINO ACIDS, PARFUM (FRAGRANCE), BETAINE, HYDROXYPROPYL GUAR HYDROXYPROPYLTRIMONIUM CHLORIDE, FRUCTOOLIGOSACCHARIDES, ALPHA-GLUCAN OLIGOSACCHARIDE, BETA VULGARIS (BEET) ROOT EXTRACT, INULIN, MARIS SAL (SEA SALT), PHENOXYETHANOL, SODIUM BENZOATE, SODIUM GLUCONATE, SODIUM LACTATE, COCO-GLUCOSIDE , GLYCERYL OLEATE, LACTIC ACID, TETRAMETHYL ACETYLOCTAHYDRONAPHTHALENES, TROMETHAMINE, LIMONENE, SODIUM CITRATE, BENZOIC ACID, CITRUS LIMON PEEL OIL, SODIUM POLYPHOSPHATE, CITRUS AURANTIUM PEEL OIL, DEHYDROACETIC ACID, CITRIC ACID, POTASSIUM LACTATE, TETRASODIUM EDTA, PINENE, CITRAL, ETHYLHEXYLGLYCERIN, TOCOPHEROL, HYDROGENATED VEGETABLE GLYCERIDES CITRATE, LECITHIN, ASCORBYL PALMITATE",yes,no,ja
Essentiel Classic Shampoo,de,https://image.labiosthetique.com/i/square-1440/m2-product:essentiel_classic_shampoo_247241_100ml_793ea71.jpg/feed-media.jpg,https://www.labiosthetique.de/essentiel-classic-shampoo?childSku=4040218856842,/essentiel-classic-shampoo?childSku=4040218856842,120896,"Das milde, zart duftende Pflegeshampoo bietet sanfte Reinigung, für die tägliche Haarwäsche und die ganze Familie.","10,50 €","105,00 € / 1 l",100 ml,Haar- & Kopfhautpflege,Gleichmäßig im feuchten Haar und auf der Kopfhaut verteilen und einmassieren. Anschließend gründlich ausspülen.,"AQUA (WATER), SODIUM LAURETH SULFATE, PROPYLENE GLYCOL, COCO-BETAINE, BETAINE, SODIUM CHLORIDE, DISODIUM COCOAMPHODIACETATE , PHENOXYETHANOL, PARFUM (FRAGRANCE), SODIUM BENZOATE, POLYQUATERNIUM-7, BENZOIC ACID, POLYQUATERNIUM-10, SODIUM POLYPHOSPHATE, TETRAMETHYL ACETYLOCTAHYDRONAPHTHALENES, LACTIC ACID, DEHYDROACETIC ACID, TROMETHAMINE, LIMONENE, CITRIC ACID, SODIUM ACETATE, ISOPROPYL ALCOHOL, ETHYLHEXYLGLYCERIN",yes,yes,ja
Essentiel Classic Shampoo,en,https://image.labiosthetique.com/i/square-1440/m2-product:essentiel_classic_shampoo_247241_100ml_793ea71.jpg/feed-media.jpg,https://www.labiosthetique.de/essentiel-classic-shampoo?childSku=4040218856842,/essentiel-classic-shampoo?childSku=4040218856842,120896,"The mild, delicately scented conditioning shampoo offers gentle cleansing for daily hair-washing for the whole family.","10,50 €","105,00 € / 1 l",100 ml,Hair & scalp care,"Evenly distribute into damp hair and on the scalp and massage in, then rinse out thoroughly.","AQUA (WATER), SODIUM LAURETH SULFATE, PROPYLENE GLYCOL, COCO-BETAINE, BETAINE, SODIUM CHLORIDE, DISODIUM COCOAMPHODIACETATE , PHENOXYETHANOL, PARFUM (FRAGRANCE), SODIUM BENZOATE, POLYQUATERNIUM-7, BENZOIC ACID, POLYQUATERNIUM-10, SODIUM POLYPHOSPHATE, TETRAMETHYL ACETYLOCTAHYDRONAPHTHALENES, LACTIC ACID, DEHYDROACETIC ACID, TROMETHAMINE, LIMONENE, CITRIC ACID, SODIUM ACETATE, ISOPROPYL ALCOHOL, ETHYLHEXYLGLYCERIN",yes,yes,ja
Comforting Micellar Cleansing Milk,de,https://image.labiosthetique.com/i/square-1440/m2-product:comforting_micellar_cleansing_milk_391978_50ml_c94cf3d.jpg/feed-media.jpg,https://www.labiosthetique.de/comforting-micellar-cleansing-milk?childSku=4040218868142,/comforting-micellar-cleansing-milk?childSku=4040218868142,003051,"Die milde Reinigungsmilch beruhigt empfindliche Gesichtshaut, während sie Make-up und Schmutz ebenso sanft wie zuverlässig entfernt und ein Austrocknen der Haut verhindert. Für alle Liebhaber von Clair de Teint Sensitif wird dies Ihr neues Lieblingsprodukt.","6,50 €","130,00 € / 1 l",50 ml,Hautpflege,"Die sanfte Reinigungsmilch morgens und abends auf Gesicht, Hals und Dekolleté auftragen, mit etwas Wasser emulgieren und gründlich abspülen.","AQUA (WATER), DECYL OLEATE, CAPRYLIC/CAPRIC TRIGLYCERIDE, C14-22 ALCOHOLS, HYDROGENATED COCO-GLYCERIDES, C12-20 ALKYL GLUCOSIDE, SODIUM LAUROYL OAT AMINO ACIDS, HYDROXYACETOPHENONE, SODIUM STEAROYL GLUTAMATE, XANTHAN GUM, 1,2-HEXANEDIOL, CAPRYLYL GLYCOL",yes,yes,ja
Comforting Micellar Cleansing Milk,en,https://image.labiosthetique.com/i/square-1440/m2-product:comforting_micellar_cleansing_milk_391978_50ml_c94cf3d.jpg/feed-media.jpg,https://www.labiosthetique.de/comforting-micellar-cleansing-milk?childSku=4040218868142,/comforting-micellar-cleansing-milk?childSku=4040218868142,003051,The mild cleansing milk calms sensitive facial skin while removing dirt and make-up both gently and reliably and preventing the skin from drying out. For all lovers of Clair de Teint Sensitif this will be your new favorite product.,"6,50 €","130,00 € / 1 l",50 ml,Skin care,"In the morning and evening, apply the gentle cleansing milk to the face, neck and décolleté, lather with a little water, then rinse off thoroughly.","AQUA (WATER), DECYL OLEATE, CAPRYLIC/CAPRIC TRIGLYCERIDE, C14-22 ALCOHOLS, HYDROGENATED COCO-GLYCERIDES, C12-20 ALKYL GLUCOSIDE, SODIUM LAUROYL OAT AMINO ACIDS, HYDROXYACETOPHENONE, SODIUM STEAROYL GLUTAMATE, XANTHAN GUM, 1,2-HEXANEDIOL, CAPRYLYL GLYCOL",yes,yes,ja
Luxury Liner,de,https://image.labiosthetique.com/i/square-1440/m2-product:luxury_liner_388829_0_55ml_9e3e495.jpg/feed-media.jpg,https://www.labiosthetique.de/luxury-liner,/luxury-liner,017650,"Einzigartige Präzision für spektakulären Glamour: Der Luxury Liner beeindruckt mit einer unvergleichlichen Präzision, die makellose Linien zaubert und so einen spektakulären Glamour Look garantiert.","27,50 €","50,00 € / 1 ml","0,55 ml",Make-Up,"Vor Gebrauch gut schütteln! Den Luxury Liner auf das gereinigte, ölfreie und trockene Augenlid auftragen. Am Wimpernkranz ansetzen und eine präzise Linie ziehen, um das Auge zu definieren. Den Eyelinerstift nach Gebrauch verschließen, um eine Austrocknung zu vermeiden.","AQUA (WATER), BUTYLENE GLYCOL, CI 77266 (BLACK 2)(NANO), STYRENE/ACRYLATES COPOLYMER, ALCOHOL, AMMONIUM ACRYLATES/ACRYLONITROGENS COPOLYMER, PENTYLENE GLYCOL, AMP-ACRYLATES COPOLYMER, PHENOXYETHANOL, SODIUM DEHYDROACETATE, BENTONITE, CITRIC ACID, PVP, SODIUM CITRATE",yes,yes,ja
Luxury Liner,en,https://image.labiosthetique.com/i/square-1440/m2-product:luxury_liner_388829_0_55ml_9e3e495.jpg/feed-media.jpg,https://www.labiosthetique.de/luxury-liner,/luxury-liner,017650,"Unique precision for spectacular glamour: Luxury Liner impresses with unrivalled precision, conjuring up flawless lines and guaranteeing a spectacular glamour look.","27,50 €","50,00 € / 1 ml","0,55 ml",Make-up,"Shake well before use! Apply Luxury Liner to a clean, oil-free and dry eyelid. Apply to the lash line and draw a precise line to define the eye. Close the eyeliner pencil after use to prevent it from drying out.","AQUA (WATER), BUTYLENE GLYCOL, CI 77266 (BLACK 2)(NANO), STYRENE/ACRYLATES COPOLYMER, ALCOHOL, AMMONIUM ACRYLATES/ACRYLONITROGENS COPOLYMER, PENTYLENE GLYCOL, AMP-ACRYLATES COPOLYMER, PHENOXYETHANOL, SODIUM DEHYDROACETATE, BENTONITE, CITRIC ACID, PVP, SODIUM CITRATE",yes,yes,ja
Restoring Lipokerine B Shampoo,de,https://image.labiosthetique.com/i/square-1440/m2-product:restoring_lipokerine_b_shampoo_408078_100ml_b5df7f4.jpg/feed-media.jpg,https://www.labiosthetique.de/restoring-lipokerine-b-shampoo?childSku=4040218892642,/restoring-lipokerine-b-shampoo?childSku=4040218892642,120017,"Das sanft reinigende Shampoo stärkt den natürlichen Hydrolipidfilm der Kopfhaut, unterstützt die Feuchtigkeitsbindung und schützt Kopfhaut und Haar vor dem Austrocknen.","16,00 €","160,00 € / 1 l",100 ml,Haar- & Kopfhautpflege,Gleichmäßig auf der Kopfhaut und im Haar verteilen und kurz einwirken lassen. Anschließend gründlich ausspülen.,"AQUA (WATER), LAURYL GLUCOSIDE , SODIUM LAURETH SULFATE, SODIUM LAUROYL OAT AMINO ACIDS, SODIUM BENZOATE, FRUCTOOLIGOSACCHARIDES, C12-13 ALKYL LACTATE, BETA VULGARIS (BEET) ROOT EXTRACT, PANTHENOL, LACTIC ACID, PARFUM (FRAGRANCE), HYDROXYPROPYL OXIDIZED STARCH PG-TRIMONIUM CHLORIDE, PHENOXYETHANOL, SODIUM POLYPHOSPHATE, TETRAMETHYL ACETYLOCTAHYDRONAPHTHALENES, POTASSIUM LACTATE, STARCH HYDROXYPROPYLTRIMONIUM CHLORIDE, TETRASODIUM EDTA, SODIUM LACTATE, SODIUM CITRATE, ETHYLHEXYLGLYCERIN, LIMONENE, SODIUM CHLORIDE, UREA, GLYCERIN, CITRIC ACID, LEVULINIC ACID, P-ANISIC ACID, TOCOPHEROL",no,no,ja
Restoring Lipokerine B Shampoo,en,https://image.labiosthetique.com/i/square-1440/m2-product:restoring_lipokerine_b_shampoo_408078_100ml_b5df7f4.jpg/feed-media.jpg,https://www.labiosthetique.de/restoring-lipokerine-b-shampoo?childSku=4040218892642,/restoring-lipokerine-b-shampoo?childSku=4040218892642,120017,"The gently cleansing shampoo strengthens the scalp’s hydrolipid film, supports moisture binding and protects the scalp and hair from drying out.","16,00 €","160,00 € / 1 l",100 ml,Hair & scalp care,"Distribute evenly on the scalp and in the hair and briefly leave to take effect, then rinse out thoroughly.","AQUA (WATER), LAURYL GLUCOSIDE , SODIUM LAURETH SULFATE, SODIUM LAUROYL OAT AMINO ACIDS, SODIUM BENZOATE, FRUCTOOLIGOSACCHARIDES, C12-13 ALKYL LACTATE, BETA VULGARIS (BEET) ROOT EXTRACT, PANTHENOL, LACTIC ACID, PARFUM (FRAGRANCE), HYDROXYPROPYL OXIDIZED STARCH PG-TRIMONIUM CHLORIDE, PHENOXYETHANOL, SODIUM POLYPHOSPHATE, TETRAMETHYL ACETYLOCTAHYDRONAPHTHALENES, POTASSIUM LACTATE, STARCH HYDROXYPROPYLTRIMONIUM CHLORIDE, TETRASODIUM EDTA, SODIUM LACTATE, SODIUM CITRATE, ETHYLHEXYLGLYCERIN, LIMONENE, SODIUM CHLORIDE, UREA, GLYCERIN, CITRIC ACID, LEVULINIC ACID, P-ANISIC ACID, TOCOPHEROL",no,no,ja
Essentiel Classic Conditioning Spray,de,https://image.labiosthetique.com/i/square-1440/m2-product:essentiel_classic_conditioning_spray_247237_250ml_7a3660d.jpg/feed-media.jpg,https://www.labiosthetique.de/essentiel-classic-conditioning-spray,/essentiel-classic-conditioning-spray,120718,"Das sofort wirksame Leave-in Spray restrukturiert und stärkt das Haar, pflegt es tiefenwirksam und verleiht flexiblen Halt.","29,50 €","118,00 € / 1 l",250 ml,Haar- & Kopfhautpflege,Ins handtuchtrockene Haar sprühen. Nicht ausspülen. Vor Gebrauch schütteln!,"AQUA (WATER), HYDROLYZED WHEAT PROTEIN, LAUROYL LYSINE, UREA, PHENOXYETHANOL, CITRIC ACID, NEOPENTYL GLYCOL DIHEPTANOATE, DISODIUM COCOAMPHODIACETATE , CARBOMER, DICOCOYL PENTAERYTHRITYL DISTEARYL CITRATE , PARFUM (FRAGRANCE), SODIUM HYDROXIDE, ETHYLHEXYLGLYCERIN, SODIUM CHLORIDE, STARCH HYDROXYPROPYLTRIMONIUM CHLORIDE, SODIUM BENZOATE, HYDROXYPROPYL OXIDIZED STARCH PG-TRIMONIUM CHLORIDE, TETRAMETHYL ACETYLOCTAHYDRONAPHTHALENES, LIMONENE, SODIUM LACTATE, LACTIC ACID, GLYCERIN, LEVULINIC ACID, TOCOPHEROL, P-ANISIC ACID",yes,yes,ja
Essentiel Classic Conditioning Spray,en,https://image.labiosthetique.com/i/square-1440/m2-product:essentiel_classic_conditioning_spray_247237_250ml_7a3660d.jpg/feed-media.jpg,https://www.labiosthetique.de/essentiel-classic-conditioning-spray,/essentiel-classic-conditioning-spray,120718,"The instantly effective leave-in spray restructures and strengthens the hair, conditions it deep down and gives it flexible hold.","29,50 €","118,00 € / 1 l",250 ml,Hair & scalp care,Spray into towel-dried hair. Do not rinse out. Shake before use!,"AQUA (WATER), HYDROLYZED WHEAT PROTEIN, LAUROYL LYSINE, UREA, PHENOXYETHANOL, CITRIC ACID, NEOPENTYL GLYCOL DIHEPTANOATE, DISODIUM COCOAMPHODIACETATE , CARBOMER, DICOCOYL PENTAERYTHRITYL DISTEARYL CITRATE , PARFUM (FRAGRANCE), SODIUM HYDROXIDE, ETHYLHEXYLGLYCERIN, SODIUM CHLORIDE, STARCH HYDROXYPROPYLTRIMONIUM CHLORIDE, SODIUM BENZOATE, HYDROXYPROPYL OXIDIZED STARCH PG-TRIMONIUM CHLORIDE, TETRAMETHYL ACETYLOCTAHYDRONAPHTHALENES, LIMONENE, SODIUM LACTATE, LACTIC ACID, GLYCERIN, LEVULINIC ACID, TOCOPHEROL, P-ANISIC ACID",yes,yes,ja
Shaping Wax Spray,de,https://image.labiosthetique.com/i/square-1440/m2-product:shaping_wax_spray_403572_150ml_f512147.jpg/feed-media.jpg,https://www.labiosthetique.de/shaping-wax-spray,/shaping-wax-spray,110360,Das vielseitige vegane Wachsspray mit pflegendem Arganöl kombiniert flexiblen Halt mit einem pudrig griffigen Finish und seidenmattem Glanz. Für alle Haartypen und Styles zwischen Done und Undone.,"32,00 €","213,33 € / 1 l",150 ml,Styling,"Vor Gebrauch schütteln. Aus 20–30 cm Abstand auf das trockene Haar in die Längen und Spitzen sprühen für mehr Fülle, Textur und Bewegung. Für einen länger anhaltenden Style beliebig oft auffrischen.","DIMETHYL ETHER, ISODODECANE, CERA MICROCRISTALLINA (MICROCRYSTALLINE WAX), ALCOHOL DENAT., ARGANIA SPINOSA (ARGAN) KERNEL OIL, PARFUM (FRAGRANCE), ETHYLHEXYL SALICYLATE, TETRAMETHYL ACETYLOCTAHYDRONAPHTHALENES, CITRUS AURANTIUM BERGAMIA (BERGAMOT) PEEL OIL, LIMONENE, LINALOOL, LINALYL ACETATE",yes,yes,ja
Shaping Wax Spray,en,https://image.labiosthetique.com/i/square-1440/m2-product:shaping_wax_spray_403572_150ml_f512147.jpg/feed-media.jpg,https://www.labiosthetique.de/shaping-wax-spray,/shaping-wax-spray,110360,The versatile wax spray with conditioning argan oil combines flexible hold with powdery grip and silky matte shine. It is suitable for all hair types and styles from done to undone.,"32,00 €","213,33 € / 1 l",150 ml,Styling,"Shake before use. Spray onto the lengths and tips of dry hair from a distance of 20–30 cm for more body, texture and movement. Refresh as often as needed for a longer-lasting style.","DIMETHYL ETHER, ISODODECANE, CERA MICROCRISTALLINA (MICROCRYSTALLINE WAX), ALCOHOL DENAT., ARGANIA SPINOSA (ARGAN) KERNEL OIL, PARFUM (FRAGRANCE), ETHYLHEXYL SALICYLATE, TETRAMETHYL ACETYLOCTAHYDRONAPHTHALENES, CITRUS AURANTIUM BERGAMIA (BERGAMOT) PEEL OIL, LIMONENE, LINALOOL, LINALYL ACETATE",yes,yes,ja
Perfect Volume Waterproof,de,https://image.labiosthetique.com/i/square-1440/m2-product:perfect_volume_waterproof_407914_8ml_6119b8c.jpg/feed-media.jpg,https://www.labiosthetique.de/perfect-volume-waterproof-1,/perfect-volume-waterproof-1,017751,"Die Volumen-Wimperntusche zaubert ultimatives Volumen, verführerischen Glanz und flexiblem Halt - mit sofortigem Wow-Effekt.","27,00 €",0,8 ml,Make-Up,Die Wimpern mit nach unten gerichtetem Blick in einer Zick- Zack-Bewegung vom Ansatz bis zur Spitze mit Perfect Volume tuschen.,"ISODODECANE, CERA ALBA (BEESWAX), CI 77499 (IRON OXIDES), HYDROGENATED POLYCYCLOPENTADIENE, TRIMETHYLSILOXYSILICATE, GLYCERYL DIBEHENATE, TRIBEHENIN, BIS-DIGLYCERYL POLYACYLADIPATE-2, TRIETHYLHEXANOIN, GLYCERYL BEHENATE, DISTEARDIMONIUM HECTORITE, PHENOXYETHANOL, PROPYLENE CARBONATE, ORYZA SATIVA (RICE) BRAN WAX, LECITHIN, TOCOPHEROL, ASCORBYL PALMITATE, CITRIC ACID",no,no,ja
Perfect Volume Waterproof,en,https://image.labiosthetique.com/i/square-1440/m2-product:perfect_volume_waterproof_407914_8ml_6119b8c.jpg/feed-media.jpg,https://www.labiosthetique.de/perfect-volume-waterproof-1,/perfect-volume-waterproof-1,017751,"The volumising mascara provides ultimate volume, seductive shine and flexible hold – for that instant wow effect.","27,00 €",0,8 ml,Make-up,"For best results, first apply Perfect Boost mascara base to the lashes. Then, look down as you apply Perfect Volume mascara in a zig-zag direction from roots to tips.","ISODODECANE, CERA ALBA (BEESWAX), CI 77499 (IRON OXIDES), HYDROGENATED POLYCYCLOPENTADIENE, TRIMETHYLSILOXYSILICATE, GLYCERYL DIBEHENATE, TRIBEHENIN, BIS-DIGLYCERYL POLYACYLADIPATE-2, TRIETHYLHEXANOIN, GLYCERYL BEHENATE, DISTEARDIMONIUM HECTORITE, PHENOXYETHANOL, PROPYLENE CARBONATE, ORYZA SATIVA (RICE) BRAN WAX, LECITHIN, TOCOPHEROL, ASCORBYL PALMITATE, CITRIC ACID",no,no,ja
Velvet Skin 4/4 Deep Peach,de,https://image.labiosthetique.com/i/square-1440/m2-product:velvet_skin_4_4_deep_peach_407855_10g_4111e7d.jpg/feed-media.jpg,https://www.labiosthetique.de/velvet-skin?childSku=4040218893441,/velvet-skin?childSku=4040218893441,021563,"Jederzeit frischer Teint: Die Kompakt Foundation sorgt mit ihrer leichten, samtigen Textur für einen semi-mattem Finish und liefert im Nu ein natürliches, ebenmäßiges Hautbild. Sie verfeinert, statt maskenhaft abzudecken. Das mitgelieferte Schwämmchen ist ideal für unkomplizierte, rasche Touch-ups.","39,50 €",0,10 g,Make-Up,"Die Velvet Skin Foundation mit ihrer zarten, samtigen Textur lässt sich mühelos mit Pinsel, Schwämmchen oder Fingern auftragen und verteilen. In der Gesichtsmitte beginnen und nach außen ausarbeiten. Für ein besonders ebenmäßiges Finish leicht einklopfen und sorgfältig verblenden.","ISONONYL ISONONANOATE, CAPRYLIC/CAPRIC TRIGLYCERIDE, CI 77891 (TITANIUM DIOXIDE), RICINUS COMMUNIS (CASTOR) SEED OIL, TITANIUM DIOXIDE, SYNTHETIC WAX, CI 77492 (IRON OXIDES), MICA, TRIBEHENIN, ALUMINUM STARCH OCTENYLSUCCINATE, SILICA, SYNTHETIC BEESWAX, HYDROGENATED CASTOR OIL, TOCOPHERYL ACETATE, CI 77491 (IRON OXIDES), JOJOBA ESTERS, POLYHYDROXYSTEARIC ACID, HELIANTHUS ANNUUS (SUNFLOWER) SEED OIL, CI 77499 (IRON OXIDES), PENTAERYTHRITYL TETRA-DI-T-BUTYL HYDROXYHYDROCINNAMATE, COPERNICIA CERIFERA CERA (CARNAUBA WAX), ZINGIBER OFFICINALE (GINGER) LEAF CELL EXTRACT, DISTEARDIMONIUM HECTORITE",yes,yes,ja
Velvet Skin 4/4 Deep Peach,en,https://image.labiosthetique.com/i/square-1440/m2-product:velvet_skin_4_4_deep_peach_407855_10g_4111e7d.jpg/feed-media.jpg,https://www.labiosthetique.de/velvet-skin?childSku=4040218893441,/velvet-skin?childSku=4040218893441,021563,"A fresh complexion whenever you need it: With its light, velvety texture, the compact foundation provides a semi-matte finish and achieves a natural and even complexion in no time at all. It refines the complexion instead of just covering it. The sponge that comes with the foundation is ideal for quick and simple touch-ups.","39,50 €",0,10 g,Make-up,"The soft, velvety texture of Velvet Skin foundation can be effortlessly applied and distributed with a brush, sponge or your fingers. Start in the middle of the face and work outwards. For a particularly even finish, lightly tap the foundation into the skin and carefully blend.","ISONONYL ISONONANOATE, CAPRYLIC/CAPRIC TRIGLYCERIDE, CI 77891 (TITANIUM DIOXIDE), RICINUS COMMUNIS (CASTOR) SEED OIL, TITANIUM DIOXIDE, SYNTHETIC WAX, CI 77492 (IRON OXIDES), MICA, TRIBEHENIN, ALUMINUM STARCH OCTENYLSUCCINATE, SILICA, SYNTHETIC BEESWAX, HYDROGENATED CASTOR OIL, TOCOPHERYL ACETATE, CI 77491 (IRON OXIDES), JOJOBA ESTERS, POLYHYDROXYSTEARIC ACID, HELIANTHUS ANNUUS (SUNFLOWER) SEED OIL, CI 77499 (IRON OXIDES), PENTAERYTHRITYL TETRA-DI-T-BUTYL HYDROXYHYDROCINNAMATE, COPERNICIA CERIFERA CERA (CARNAUBA WAX), ZINGIBER OFFICINALE (GINGER) LEAF CELL EXTRACT, DISTEARDIMONIUM HECTORITE",yes,yes,ja
Belesthétique The Supreme Lifting Serum,de,https://image.labiosthetique.com/i/square-1440/m2-product:belesth_tique_the_supreme_lifting_serum_413189_30ml_c796601.jpg/feed-media.jpg,https://www.labiosthetique.de/belesthetique-the-supreme-lifting-serum,/belesthetique-the-supreme-lifting-serum,002168,"The Supreme Lifting Serum sorgt für sichtbar ebenmäßige, jugendliche Strahlkraft. Das schnell einziehende Serum entspannt Mimikfalten, lässt die Gesichtshaut jugendlicher erscheinen und schenkt neue Vitalität, intensive Hydration und eine natürliche, jugendliche Ausstrahlung.","118,00 €","3.933,33 € / 1 l",30 ml,Hautpflege,"Das hochwirksame Gesichtspflegeserum wird auf die noch feuchte, tonisierte Haut von Gesicht, Hals und Dekolleté aufgetragen. Das Serum zieht sehr schnell ein und ist als Unterlage in der Tages- oder Nachtpflegeroutine anwendbar.","AQUA (WATER), GLYCERIN, CETEARYL ALCOHOL, COCO-CAPRYLATE/CAPRATE, PENTAERYTHRITYL DISTEARATE, SQUALANE, CAPRYLIC/CAPRIC TRIGLYCERIDE, GLYCERYL STEARATE, CARYODENDRON ORINOCENSE SEED OIL, LIMNANTHES ALBA (MEADOWFOAM) SEED OIL, POTASSIUM PALMITOYL HYDROLYZED WHEAT PROTEIN, NELUMBO NUCIFERA FLOWER WATER, NYMPHAEA COERULEA FLOWER WATER, IRIS PALLIDA LEAF CELL EXTRACT, SILK, IRIS FLORENTINA ROOT EXTRACT, ASCORBIC ACID, GOLD, GLUTATHIONE, MAGNESIUM PCA, BUTYLENE GLYCOL, XYLITYLGLUCOSIDE, HYDROGENATED CASTOR OIL DIMER DILINOLEATE, ANHYDROXYLITOL, HYDROXYACETOPHENONE, C9-12 ALKANE, MICROCRYSTALLINE CELLULOSE, PARFUM (FRAGRANCE), 1,2-HEXANEDIOL, CAPRYLYL GLYCOL, BRASSICA CAMPESTRIS (RAPESEED) STEROLS, XYLITOL, SPHINGOMONAS FERMENT EXTRACT, BEHENYL ALCOHOL, TETRAMETHYL ACETYLOCTAHYDRONAPHTHALENES, XANTHAN GUM, GLUCOSE, PALMITIC ACID, CELLULOSE, STEARIC ACID, SORBITOL, LIMONENE, CETYL ALCOHOL, CITRUS AURANTIUM BERGAMIA (BERGAMOT) PEEL OIL, LAURYL ALCOHOL, LECITHIN, MYRISTYL ALCOHOL, LINALOOL, PROPANEDIOL, CITRUS LIMON PEEL OIL, LINALYL ACETATE, CITRONELLOL, PINENE, TERPINEOL, GERANIOL, ETHYLHEXYL GLYCERIN",yes,yes,nein
Belesthétique The Supreme Lifting Serum,en,https://image.labiosthetique.com/i/square-1440/m2-product:belesth_tique_the_supreme_lifting_serum_413189_30ml_c796601.jpg/feed-media.jpg,https://www.labiosthetique.de/belesthetique-the-supreme-lifting-serum,/belesthetique-the-supreme-lifting-serum,002168,"The Supreme Lifting Serum achieves visibly even, youthful radiance. The rapidly absorbed serum relaxes mimic lines, makes the facial skin look fresher and provides new vitality, intense hydration and natural, youthful radiance.","118,00 €","3.933,33 € / 1 l",30 ml,Skin care,"Apply the highly effective facial care serum to the still moist, toned skin of the face, neck and décolleté. The serum is absorbed very quickly and can be used as a base for day and night skin care routines.","AQUA (WATER), GLYCERIN, CETEARYL ALCOHOL, COCO-CAPRYLATE/CAPRATE, PENTAERYTHRITYL DISTEARATE, SQUALANE, CAPRYLIC/CAPRIC TRIGLYCERIDE, GLYCERYL STEARATE, CARYODENDRON ORINOCENSE SEED OIL, LIMNANTHES ALBA (MEADOWFOAM) SEED OIL, POTASSIUM PALMITOYL HYDROLYZED WHEAT PROTEIN, NELUMBO NUCIFERA FLOWER WATER, NYMPHAEA COERULEA FLOWER WATER, IRIS PALLIDA LEAF CELL EXTRACT, SILK, IRIS FLORENTINA ROOT EXTRACT, ASCORBIC ACID, GOLD, GLUTATHIONE, MAGNESIUM PCA, BUTYLENE GLYCOL, XYLITYLGLUCOSIDE, HYDROGENATED CASTOR OIL DIMER DILINOLEATE, ANHYDROXYLITOL, HYDROXYACETOPHENONE, C9-12 ALKANE, MICROCRYSTALLINE CELLULOSE, PARFUM (FRAGRANCE), 1,2-HEXANEDIOL, CAPRYLYL GLYCOL, BRASSICA CAMPESTRIS (RAPESEED) STEROLS, XYLITOL, SPHINGOMONAS FERMENT EXTRACT, BEHENYL ALCOHOL, TETRAMETHYL ACETYLOCTAHYDRONAPHTHALENES, XANTHAN GUM, GLUCOSE, PALMITIC ACID, CELLULOSE, STEARIC ACID, SORBITOL, LIMONENE, CETYL ALCOHOL, CITRUS AURANTIUM BERGAMIA (BERGAMOT) PEEL OIL, LAURYL ALCOHOL, LECITHIN, MYRISTYL ALCOHOL, LINALOOL, PROPANEDIOL, CITRUS LIMON PEEL OIL, LINALYL ACETATE, CITRONELLOL, PINENE, TERPINEOL, GERANIOL, ETHYLHEXYL GLYCERIN",yes,yes,nein
BELAVANCE® Cuticle Remover,de,https://image.labiosthetique.com/i/square-1440/m2-product:belavance_cuticle_remover_413027_8ml_587476f.jpg/feed-media.jpg,https://www.labiosthetique.de/belavancer-cuticle-remover,/belavancer-cuticle-remover,020809,"Der BELAVANCE® Cuticle Remover löst die trockene Haut am Nagelrand rasch und schonend, sodass sie sich sanft zurückschieben lässt – für professionelle Maniküre-Ergebnisse zuhause.","19,00 €",0,8 ml,Make-Up,"Den Naturnagel wie gewohnt reinigen. Den Cuticle Remover auf die trockene Nagelhaut auftragen, kurz einwirken lassen, dann die Nagelhaut sanft mit dem Hufstäbchen zurückschieben. Den Cuticle Remover nach der Anwendung gründlich abspülen.","AQUA (WATER), POTASSIUM HYDROXIDE, PROPYLENE GLYCOL, CAPRYLIC/CAPRIC TRIGLYCERIDE, CETYL ALCOHOL, CETETH-2, CETEARETH-20, OCTYLDODECANOL, XANTHAN GUM",yes,yes,ja
BELAVANCE® Cuticle Remover,en,https://image.labiosthetique.com/i/square-1440/m2-product:belavance_cuticle_remover_413027_8ml_587476f.jpg/feed-media.jpg,https://www.labiosthetique.de/belavancer-cuticle-remover,/belavancer-cuticle-remover,020809,BELAVANCE® Cuticle Remover removes the dry skin on the edge of the nails rapidly and gently so that it can be carefully pushed back – for professional manicure results at home.,"19,00 €",0,8 ml,Make-up,"Clean the natural nail as usual. Apply Cuticle Remover to the dry cuticle, briefly leave to take effect, then gently push back the cuticle with the cuticle pusher. Thoroughly rinse off Cuticle Remover after use.","AQUA (WATER), POTASSIUM HYDROXIDE, PROPYLENE GLYCOL, CAPRYLIC/CAPRIC TRIGLYCERIDE, CETYL ALCOHOL, CETETH-2, CETEARETH-20, OCTYLDODECANOL, XANTHAN GUM",yes,yes,ja
Essentiel Classic Hand Cleansing Gel,de,https://image.labiosthetique.com/i/square-1440/m2-product:essentiel_classic_hand_cleansing_gel_247231_75ml_02e0553.jpg/feed-media.jpg,https://www.labiosthetique.de/essentiel-classic-hand-cleansing-gel,/essentiel-classic-hand-cleansing-gel,003905,Das erfrischende Gel mit antibakteriell wirkendem Alkohol ist Ihr ständiger Begleiter für die schnelle Handreinigung zwischendurch - ganz ohne Wasser und Seife.,"7,00 €","93,33 € / 1 l",75 ml,Hautpflege,"Eine haselnussgroße Menge in die Handfläche geben, dann auf der kompletten Hand und bis in die Fingerspitzen verteilen und verreiben.","ALCOHOL DENAT., AQUA (WATER), GLYCERIN, ACRYLATES/C10-30 ALKYL ACRYLATE CROSSPOLYMER, AMINOMETHYL PROPANOL, PARFUM (FRAGRANCE), LIMONENE, CITRUS AURANTIUM PEEL OIL, TETRAMETHYL ACETYLOCTAHYDRONAPHTHALENES, CITRUS LIMON (LEMON) PEEL OIL",yes,no,ja
Essentiel Classic Hand Cleansing Gel,en,https://image.labiosthetique.com/i/square-1440/m2-product:essentiel_classic_hand_cleansing_gel_247231_75ml_02e0553.jpg/feed-media.jpg,https://www.labiosthetique.de/essentiel-classic-hand-cleansing-gel,/essentiel-classic-hand-cleansing-gel,003905,The refreshing gel with antibacterial alcohol is your constant companion for fast hand cleansing on the go – without any soap and water.,"7,00 €","93,33 € / 1 l",75 ml,Skin care,"Squeeze a hazelnut-sized amount into the palm, distribute all over the hand and rub in, right down to the fingertips.","ALCOHOL DENAT., AQUA (WATER), GLYCERIN, ACRYLATES/C10-30 ALKYL ACRYLATE CROSSPOLYMER, AMINOMETHYL PROPANOL, PARFUM (FRAGRANCE), LIMONENE, CITRUS AURANTIUM PEEL OIL, TETRAMETHYL ACETYLOCTAHYDRONAPHTHALENES, CITRUS LIMON (LEMON) PEEL OIL",yes,no,ja
Comforting Hydro Mask,de,https://image.labiosthetique.com/i/square-1440/m2-product:comforting_hydro_mask_392042_75ml_3bdbf86.jpg/feed-media.jpg,https://www.labiosthetique.de/comforting-hydro-mask,/comforting-hydro-mask,003745,"Die beruhigende und regenerierende Maske optimiert den Feuchtigkeitshaushalt der Haut und hilft ihr, ihren wichtigen Aufgaben gesund, resistent und strahlend nachzukommen. Für alle Liebhaber von Masque Hydro Sensitif wird dies Ihr neues Lieblingsprodukt.","34,50 €","460,00 € / 1 l",75 ml,Hautpflege,2–3-mal pro Woche morgens oder abends auf die gereinigte Gesichtshaut auftragen und 10–15 Minuten einwirken lassen. Die Überreste mit lauwarmem Wasser wieder abnehmen.,"AQUA (WATER), GLYCERIN, ISOPROPYL PALMITATE, CAPRYLIC/CAPRIC TRIGLYCERIDE, PENTAERYTHRITYL DISTEARATE, CETEARYL ALCOHOL, CETEARYL GLUCOSIDE , OCTYLDODECANOL, HYDROGENATED COCO-GLYCERIDES, MYRISTYL MYRISTATE, MYROTHAMNUS FLABELLIFOLIA LEAF/STEM EXTRACT, RIBES NIGRUM (BLACK CURRANT) SEED OIL, HELIANTHUS ANNUUS (SUNFLOWER) SEED OIL UNSAPONIFIABLES, CARDIOSPERMUM HALICACABUM FLOWER/LEAF/VINE EXTRACT, LITHOTHAMNIUM CALCAREUM EXTRACT, CHONDRUS CRISPUS (CARRAGEENAN) EXTRACT, ROSMARINUS OFFICINALIS (ROSEMARY) LEAF EXTRACT , BETA-GLUCAN, TOCOPHEROL, HYDROXYACETOPHENONE, POTASSIUM CETYL PHOSPHATE, HELIANTHUS ANNUUS (SUNFLOWER) SEED OIL, 1,2-HEXANEDIOL, CAPRYLYL GLYCOL, PHENOXYETHANOL, SODIUM BENZOATE",yes,yes,ja
Comforting Hydro Mask,en,https://image.labiosthetique.com/i/square-1440/m2-product:comforting_hydro_mask_392042_75ml_3bdbf86.jpg/feed-media.jpg,https://www.labiosthetique.de/comforting-hydro-mask,/comforting-hydro-mask,003745,"The calming and regenerative mask optimises the skin’s moisture content and helps it to remain healthy, resistant and radiant when fulfilling its important tasks. For all lovers of Masque Hydro Sensitif this will be your new favorite product.","34,50 €","460,00 € / 1 l",75 ml,Skin care,"Two to three times a week, apply the mask to the cleansed facial skin in the morning or evening and leave it to take effect for 10–15 minutes. Remove any residue with lukewarm water.","AQUA (WATER), GLYCERIN, ISOPROPYL PALMITATE, CAPRYLIC/CAPRIC TRIGLYCERIDE, PENTAERYTHRITYL DISTEARATE, CETEARYL ALCOHOL, CETEARYL GLUCOSIDE , OCTYLDODECANOL, HYDROGENATED COCO-GLYCERIDES, MYRISTYL MYRISTATE, MYROTHAMNUS FLABELLIFOLIA LEAF/STEM EXTRACT, RIBES NIGRUM (BLACK CURRANT) SEED OIL, HELIANTHUS ANNUUS (SUNFLOWER) SEED OIL UNSAPONIFIABLES, CARDIOSPERMUM HALICACABUM FLOWER/LEAF/VINE EXTRACT, LITHOTHAMNIUM CALCAREUM EXTRACT, CHONDRUS CRISPUS (CARRAGEENAN) EXTRACT, ROSMARINUS OFFICINALIS (ROSEMARY) LEAF EXTRACT , BETA-GLUCAN, TOCOPHEROL, HYDROXYACETOPHENONE, POTASSIUM CETYL PHOSPHATE, HELIANTHUS ANNUUS (SUNFLOWER) SEED OIL, 1,2-HEXANEDIOL, CAPRYLYL GLYCOL, PHENOXYETHANOL, SODIUM BENZOATE",yes,yes,ja
Classic Fanelac Hair Spray,de,https://image.labiosthetique.com/i/square-1440/m2-product:classic_fanelac_hair_spray_398142_50ml_c4ba802.jpg/feed-media.jpg,https://www.labiosthetique.de/classic-fanelac-hair-spray?childSku=4040218869040,/classic-fanelac-hair-spray?childSku=4040218869040,110911,Innerhalb einer sehr kurzen Trocknungszeit fixiert das silikonfreie Non-Aerosol-Haarspray die Frisur mit extrem starkem Halt und lässt sich trotzdem bei Bedarf rückstandslos ausbürsten.,"9,50 €","190,00 € / 1 l",50 ml,Styling,"Classic Fanelac Hair Spray aus 20-30 cm Entfernung auf das trockene Haar sprühen, um die gesamte Frisur oder einzelne Partien zu fixieren.","ALCOHOL DENAT., BUTYL ESTER OF PVM/MA COPOLYMER, AMINOMETHYL PROPANOL, N-BUTYL ALCOHOL, CETEARETH-25, PARFUM (FRAGRANCE), PANTHENOL, TETRAMETHYL ACETYLOCTAHYDRONAPHTHALENES, AQUA (WATER), LIMONENE, LINALOOL, LINALYL ACETATE, GERANIOL, CITRONELLOL, PINENE, COUMARIN, ANISE ALCOHOL, DIMETHYL PHENETHYL ACETATE, CITRIC ACID",yes,yes,ja
Classic Fanelac Hair Spray,en,https://image.labiosthetique.com/i/square-1440/m2-product:classic_fanelac_hair_spray_398142_50ml_c4ba802.jpg/feed-media.jpg,https://www.labiosthetique.de/classic-fanelac-hair-spray?childSku=4040218869040,/classic-fanelac-hair-spray?childSku=4040218869040,110911,"Within a very short drying time, the silicone-free non-aerosol hairspray fixes the hairstyle with an extremely strong hold and can still be brushed out without leaving any residue if required.","9,50 €","190,00 € / 1 l",50 ml,Styling,Spray Classic Fanelac Hair Spray onto dry hair from a distance of 20-30 cm to fix the entire hairstyle or individual sections.,"ALCOHOL DENAT., BUTYL ESTER OF PVM/MA COPOLYMER, AMINOMETHYL PROPANOL, N-BUTYL ALCOHOL, CETEARETH-25, PARFUM (FRAGRANCE), PANTHENOL, TETRAMETHYL ACETYLOCTAHYDRONAPHTHALENES, AQUA (WATER), LIMONENE, LINALOOL, LINALYL ACETATE, GERANIOL, CITRONELLOL, PINENE, COUMARIN, ANISE ALCOHOL, DIMETHYL PHENETHYL ACETATE, CITRIC ACID",yes,yes,ja
Tender Blush Passion Rose,de,https://image.labiosthetique.com/i/square-1440/m2-product:tender_blush_passion_rose_272313_3_5g_c88272d.jpg/feed-media.jpg,https://www.labiosthetique.de/tender-blush?childSku=4040218841039,/tender-blush?childSku=4040218841039,018772,Das elegante Puder-Rouge Tender Blush definiert die Wangenknochen und veredelt die Gesichtszüge.,"30,50 €",0,"3,5 g",Make-Up,Tender Blush mit dem Pinsel oder einem Make-up Schwämmchen gleichmäßig von den Wangen bis zum Haaransatz sanft und in leicht kreisenden Bewegungen verteilen und anschließend verblenden.,"SYNTHETIC FLUORPHLOGOPITE, CALCIUM CARBONATE, ZEOLITE, SILICA, CI 77891 (TITANIUM DIOXIDE), CAPRYLIC/CAPRIC TRIGLYCERIDE, ETHYLHEXYL PALMITATE, ZINC STEARATE, MAGNESIUM MYRISTATE, CETEARYL ETHYLHEXANOATE, OCTYLDODECYL STEAROYL STEARATE, CI 77492 (IRON OXIDES), ETHYLHEXYLGLYCERIN, LAUROYL LYSINE, CI 77499 (IRON OXIDES), CI 15850 (RED 7 LAKE), DEHYDROACETIC ACID, 1,2-HEXANEDIOL, CAPRYLYL GLYCOL, CI 77491 (IRON OXIDES), CI 77007 (ULTRAMARINES), STEARIC ACID, TOCOPHEROL",yes,yes,ja
Tender Blush,en,https://image.labiosthetique.com/i/square-1440/m2-product:tender_blush_passion_rose_272313_3_5g_c88272d.jpg/feed-media.jpg,https://www.labiosthetique.de/tender-blush?childSku=4040218841039,/tender-blush?childSku=4040218841039,018772,The elegant powder blusher Tender Blush defines the cheekbones and enhances your features.,"30,50 €",0,"3,5 g",Make-up,"Use a brush or a make-up sponge to evenly apply Tender Blush from cheeks to hair line, softly distribute in lightly circling motions and then blend.","SYNTHETIC FLUORPHLOGOPITE, CALCIUM CARBONATE, ZEOLITE, SILICA, CI 77891 (TITANIUM DIOXIDE), CAPRYLIC/CAPRIC TRIGLYCERIDE, ETHYLHEXYL PALMITATE, ZINC STEARATE, MAGNESIUM MYRISTATE, CETEARYL ETHYLHEXANOATE, OCTYLDODECYL STEAROYL STEARATE, CI 77492 (IRON OXIDES), ETHYLHEXYLGLYCERIN, LAUROYL LYSINE, CI 77499 (IRON OXIDES), CI 15850 (RED 7 LAKE), DEHYDROACETIC ACID, 1,2-HEXANEDIOL, CAPRYLYL GLYCOL, CI 77491 (IRON OXIDES), CI 77007 (ULTRAMARINES), STEARIC ACID, TOCOPHEROL",yes,yes,ja
Comforting Aroma Concentrate,de,https://image.labiosthetique.com/i/square-1440/m2-product:comforting_aroma_concentrate_386760_30ml_50542b9.jpg/feed-media.jpg,https://www.labiosthetique.de/comforting-aroma-concentrate,/comforting-aroma-concentrate,005864,Das aromatisch duftende Konzentrat aus ausgesuchten etherischen Ölen beruhigt und entspannt im Rahmen einer ganzheitlichen Gesichtsbehandlung sowohl die Seele als auch die Gesichtshaut. Nicht unverdünnt auf die Haut auftragen!,"74,50 €","2.483,33 € / 1 l",30 ml,Hautpflege,"Anwendung im Gesicht : ca. 500 ml warmes Wasser mit 1-5 Tropfen Aroma Concentrate mischen, Kompressentuch eintauchen, auswringen, auf das Gesicht auflegen und tief einatmen. Anwendung als Fußbad : ca. 5 Liter warmes Wasser mit 5 – 20 Tropfen Aroma Concentrate mischen. Füße für 10 – 15 Minuten darin baden. Anwendung als Raumspray : 500 ml Wasser mit 1-10 Tropfen Aroma Concentrate mischen.","ALCOHOL DENAT., DIMETHYL LAURAMIDE/MYRISTAMIDE, PARFUM (FRAGRANCE), LINALOOL, LINALYL ACETATE, CITRUS AURANTIUM AMARA (BITTER ORANGE) LEAF/TWIG OIL, LIMONENE, TERPINEOL, GERANYL ACETATE, GERANIOL, CITRUS AURANTIUM BERGAMIA (BERGAMOT) FRUIT OIL, PINENE, CITRUS AURANTIUM PEEL OIL, CITRUS AURANTIUM FLOWER OIL, CITRUS AURANTIUM AMARA (BITTER ORANGE) FLOWER EXTRACT, CITRUS AURANTIUM DULCIS (ORANGE) PEEL OIL, CITRUS NOBILIS (MANDARIN ORANGE) PEEL OIL, BETA-CARYOPHYLLENE, JASMINE OIL/EXTRACT, ROSE FLOWER OIL/EXTRAKT, CITRAL, FARNESOL, TERPINOLENE, CITRONELLOL, BENZYL BENZOATE",yes,yes,ja
Comforting Aroma Concentrate,en,https://image.labiosthetique.com/i/square-1440/m2-product:comforting_aroma_concentrate_386760_30ml_50542b9.jpg/feed-media.jpg,https://www.labiosthetique.de/comforting-aroma-concentrate,/comforting-aroma-concentrate,005864,The aromatically scented concentrate of selected essential oils soothes and relaxes both the soul and the facial skin as part of a holistic facial treatment. Do not apply undiluted.,"74,50 €","2.483,33 € / 1 l",30 ml,Skin care,"Facial application: Mix approx. 500 ml of warm water with 1–5 drops of Aroma Concentrate, dip a compress in the mixture, wring it out, place it on your face and inhale deeply. As a foot bath: Mix approx. 5 litres of warm water with 5–20 drops of Aroma Concentrate. Soak your feet in the mixture for 10–15 minutes. As a room spray: Mix 500 ml of water with 1–10 drops of Aroma Concentrate.","ALCOHOL DENAT., DIMETHYL LAURAMIDE/MYRISTAMIDE, PARFUM (FRAGRANCE), LINALOOL, LINALYL ACETATE, CITRUS AURANTIUM AMARA (BITTER ORANGE) LEAF/TWIG OIL, LIMONENE, TERPINEOL, GERANYL ACETATE, GERANIOL, CITRUS AURANTIUM BERGAMIA (BERGAMOT) FRUIT OIL, PINENE, CITRUS AURANTIUM PEEL OIL, CITRUS AURANTIUM FLOWER OIL, CITRUS AURANTIUM AMARA (BITTER ORANGE) FLOWER EXTRACT, CITRUS AURANTIUM DULCIS (ORANGE) PEEL OIL, CITRUS NOBILIS (MANDARIN ORANGE) PEEL OIL, BETA-CARYOPHYLLENE, JASMINE OIL/EXTRACT, ROSE FLOWER OIL/EXTRAKT, CITRAL, FARNESOL, TERPINOLENE, CITRONELLOL, BENZYL BENZOATE",yes,yes,ja
Lush Lipstick Cashew,de,https://image.labiosthetique.com/i/square-1440/m2-product:lush_lipstick_cashew_405196_1_8g_7e4a0bf.jpg/feed-media.jpg,https://www.labiosthetique.de/lush-lipstick?childSku=4040218885439,/lush-lipstick?childSku=4040218885439,019569,Der Lush Lipstick hüllt die Lippen in verführerisch frische Farbe und verwöhnt sie mit reichhaltigen Pflegestoffen. Die Stickform und der praktische Drehmechanismus ermöglichen ein unkompliziertes Auftragen - für perfekt gepflegte Lippen und eine schnelle Farbauffrischung zwischendurch.,"25,00 €",0,"1,8 g",Make-Up,Lush Lipstick direkt auf die Lippen auftragen. Dabei von der Mitte nach außen arbeiten. Mehrfaches Auftragen intensiviert das Farbergebnis.,"BIS-BEHENYL/ISOSTEARYL/PHYTOSTERYL DIMER DILINOLEYL DIMER DILINOLEATE, ISOCETYL STEARATE, POLYBUTENE, CANDELILLA CERA HYDROCARBONS, DIISOSTEARYL MALATE, THEOBROMA GRANDIFLORUM SEED BUTTER, SILICA, DIPENTAERYTHRITYL PENTAISONONANOATE, GLYCERYL CITRATE/LACTATE/LINOLEATE/OLEATE, GLYCINE SOJA PROTEIN, MICA, LIMNANTHES ALBA (MEADOWFOAM) SEED OIL, SYNTHETIC FLUORPHLOGOPITE, SYNTHETIC BEESWAX, CI 77891 (TITANIUM DIOXIDE), DIPALMITOYL HYDROXYPROLINE, SIMMONDSIA CHINENSIS (JOJOBA) SEED OIL, COPERNICIA CERIFERA CERA (CARNAUBA WAX), SORBITAN STEARATE, CI 77491 (IRON OXIDES), PENTAERYTHRITYL TETRA-DI-T-BUTYL HYDROXYHYDROCINNAMATE, GLYCYRRHIZA GLABRA LEAF EXTRACT, CI 77492 (IRON OXIDES), PHOSPHOLIPIDS, CI 77499 (IRON OXIDES), CI 15850 (RED 7 LAKE)",yes,yes,ja
Lush Lipstick Cashew,en,https://image.labiosthetique.com/i/square-1440/m2-product:lush_lipstick_cashew_405196_1_8g_7e4a0bf.jpg/feed-media.jpg,https://www.labiosthetique.de/lush-lipstick?childSku=4040218885439,/lush-lipstick?childSku=4040218885439,019569,Lush Lipstick coats the lips with seductively fresh colour and pampers them with rich care ingredients. The stick form and the practical twist mechanism enable uncomplicated application – for perfectly cared-for lips and rapid colour refreshment whenever you need it.,"25,00 €",0,"1,8 g",Make-up,Apply Lush Lipstick directly to the lips. Work from the middle outwards. Multiple applications intensify the colour result.,"BIS-BEHENYL/ISOSTEARYL/PHYTOSTERYL DIMER DILINOLEYL DIMER DILINOLEATE, ISOCETYL STEARATE, POLYBUTENE, CANDELILLA CERA HYDROCARBONS, DIISOSTEARYL MALATE, THEOBROMA GRANDIFLORUM SEED BUTTER, SILICA, DIPENTAERYTHRITYL PENTAISONONANOATE, GLYCERYL CITRATE/LACTATE/LINOLEATE/OLEATE, GLYCINE SOJA PROTEIN, MICA, LIMNANTHES ALBA (MEADOWFOAM) SEED OIL, SYNTHETIC FLUORPHLOGOPITE, SYNTHETIC BEESWAX, CI 77891 (TITANIUM DIOXIDE), DIPALMITOYL HYDROXYPROLINE, SIMMONDSIA CHINENSIS (JOJOBA) SEED OIL, COPERNICIA CERIFERA CERA (CARNAUBA WAX), SORBITAN STEARATE, CI 77491 (IRON OXIDES), PENTAERYTHRITYL TETRA-DI-T-BUTYL HYDROXYHYDROCINNAMATE, GLYCYRRHIZA GLABRA LEAF EXTRACT, CI 77492 (IRON OXIDES), PHOSPHOLIPIDS, CI 77499 (IRON OXIDES), CI 15850 (RED 7 LAKE)",yes,yes,ja
Structure Repair Nourishing Shampoo,de,https://image.labiosthetique.com/i/square-1440/m2-product:structure_repair_nourishing_shampoo_352815_100ml_3515a88.jpg/feed-media.jpg,https://www.labiosthetique.de/structure-repair-nourishing-shampoo?childSku=4040218865738,/structure-repair-nourishing-shampoo?childSku=4040218865738,120532,"Das Feuchtigkeit spendende Shampoo wirkt Struktur ausgleichend und macht trockenes, geschädigtes Haar herrlich geschmeidig und seidig glänzend.","16,00 €","160,00 € / 1 l",100 ml,Haar- & Kopfhautpflege,Gleichmäßig im Haar und auf der Kopfhaut verteilen und einmassieren. Anschließend gründlich ausspülen.,"AQUA (WATER), SODIUM LAURETH SULFATE, LAURYL GLUCOSIDE , DISODIUM COCOAMPHODIACETATE , SODIUM LAUROYL GLUTAMATE, SODIUM CHLORIDE, ANASTATICA HIEROCHUNTICA EXTRACT, LACTIC ACID, SODIUM BENZOATE, GLYCOL DISTEARATE, PARFUM (FRAGRANCE), PROPYLENE GLYCOL, COCAMIDE MEA, HYDROXYPROPYL OXIDIZED STARCH PG-TRIMONIUM CHLORIDE, SODIUM CITRATE, TETRAMETHYL ACETYLOCTAHYDRONAPHTHALENES, HYDROXYPROPYL GUAR HYDROXYPROPYLTRIMONIUM CHLORIDE, STARCH HYDROXYPROPYLTRIMONIUM CHLORIDE, LAURETH-10, SODIUM LACTATE, UREA, LACTOBACILLUS FERMENT, LIMONENE, CITRUS AURANTIUM BERGAMIA (BERGAMOT) PEEL OIL, LINALOOL, ARGANIA SPINOSA (ARGAN) KERNEL OIL, FORMIC ACID, GLYCERIN, LEVULINIC ACID, P-ANISIC ACID",yes,yes,ja
Structure Repair Nourishing Shampoo,en,https://image.labiosthetique.com/i/square-1440/m2-product:structure_repair_nourishing_shampoo_352815_100ml_3515a88.jpg/feed-media.jpg,https://www.labiosthetique.de/structure-repair-nourishing-shampoo?childSku=4040218865738,/structure-repair-nourishing-shampoo?childSku=4040218865738,120532,"The moisturising shampoo has a structure-balancing effect and makes dry, damaged hair wonderfully soft with silky shine.","16,00 €","160,00 € / 1 l",100 ml,Hair & scalp care,"Evenly distribute into the hair and onto the scalp and massage in, then rinse out thoroughly.","AQUA (WATER), SODIUM LAURETH SULFATE, LAURYL GLUCOSIDE , DISODIUM COCOAMPHODIACETATE , SODIUM LAUROYL GLUTAMATE, SODIUM CHLORIDE, ANASTATICA HIEROCHUNTICA EXTRACT, LACTIC ACID, SODIUM BENZOATE, GLYCOL DISTEARATE, PARFUM (FRAGRANCE), PROPYLENE GLYCOL, COCAMIDE MEA, HYDROXYPROPYL OXIDIZED STARCH PG-TRIMONIUM CHLORIDE, SODIUM CITRATE, TETRAMETHYL ACETYLOCTAHYDRONAPHTHALENES, HYDROXYPROPYL GUAR HYDROXYPROPYLTRIMONIUM CHLORIDE, STARCH HYDROXYPROPYLTRIMONIUM CHLORIDE, LAURETH-10, SODIUM LACTATE, UREA, LACTOBACILLUS FERMENT, LIMONENE, CITRUS AURANTIUM BERGAMIA (BERGAMOT) PEEL OIL, LINALOOL, ARGANIA SPINOSA (ARGAN) KERNEL OIL, FORMIC ACID, GLYCERIN, LEVULINIC ACID, P-ANISIC ACID",yes,yes,ja
Long Hair Growth Booster,de,https://image.labiosthetique.com/i/square-1440/m2-product:long_hair_growth_booster_247277_95ml_acf3133.jpg/feed-media.jpg,https://www.labiosthetique.de/long-hair-growth-booster-1,/long-hair-growth-booster-1,120466,"Die hochwirksame Kopfhautpflege stimuliert die Haarwurzel gezielt, steigert die Zellaktivität und fördert ein sichtbar beschleunigtes Haarwachstum – für kräftige, gesunde Haare von Beginn an.","68,00 €","715,79 € / 1 l",95 ml,Haar- & Kopfhautpflege,Den Inhalt von zwei Pipetten scheitelweise auf die Kopfhaut auftragen und sanft einmassieren. Für optimale Ergebnisse mehrmals wöchentlich anwenden.,"AQUA (WATER), BUTYLENE GLYCOL, GLYCERIN, CREATINE, PHENOXYETHANOL, TROMETHAMINE, ARGININE, PPG-26-BUTETH-26, HYDROXYETHYLCELLULOSE, LACTIC ACID, PEG-40 HYDROGENATED CASTOR OIL, GLYCOGEN, BENZOIC ACID, DEHYDROACETIC ACID, LYSINE ASPARTATE, SODIUM SULFITE, PENTYLENE GLYCOL, BIOTIN, TRITICUM VULGARE (WHEAT) BRAN EXTRACT, CORALLINA OFFICINALIS EXTRACT, METHYLPARABEN, APIGENIN, 1,2-HEXANEDIOL, CAPRYLYL GLYCOL, OLEANOLIC ACID, BIOTINOYL TRIPEPTIDE-1",yes,no,ja
Long Hair Growth Booster,en,https://image.labiosthetique.com/i/square-1440/m2-product:long_hair_growth_booster_247277_95ml_acf3133.jpg/feed-media.jpg,https://www.labiosthetique.de/long-hair-growth-booster-1,/long-hair-growth-booster-1,120466,"The highly effective scalp care product specifically stimulates the hair roots, increases cell activity and promotes visibly accelerated hair growth – for strong, healthy hair right from the start.","68,00 €","715,79 € / 1 l",95 ml,Hair & scalp care,"Distribute the contents of two pipettes along the parting of the scalp and lightly massage in. For ideal results, apply several times a week.","AQUA (WATER), BUTYLENE GLYCOL, GLYCERIN, CREATINE, PHENOXYETHANOL, TROMETHAMINE, ARGININE, PPG-26-BUTETH-26, HYDROXYETHYLCELLULOSE, LACTIC ACID, PEG-40 HYDROGENATED CASTOR OIL, GLYCOGEN, BENZOIC ACID, DEHYDROACETIC ACID, LYSINE ASPARTATE, SODIUM SULFITE, PENTYLENE GLYCOL, BIOTIN, TRITICUM VULGARE (WHEAT) BRAN EXTRACT, CORALLINA OFFICINALIS EXTRACT, METHYLPARABEN, APIGENIN, 1,2-HEXANEDIOL, CAPRYLYL GLYCOL, OLEANOLIC ACID, BIOTINOYL TRIPEPTIDE-1",yes,no,ja
Tender Blush Coral Blossom,de,https://image.labiosthetique.com/i/square-1440/m2-product:tender_blush_coral_blossom_272311_3_5g_3a84a85.jpg/feed-media.jpg,https://www.labiosthetique.de/tender-blush?childSku=4040218829037,/tender-blush?childSku=4040218829037,018445,Das elegante Puder-Rouge Tender Blush definiert die Wangenknochen und veredelt die Gesichtszüge.,"30,50 €",0,"3,5 g",Make-Up,Tender Blush mit dem Pinsel oder einem Make-up Schwämmchen gleichmäßig von den Wangen bis zum Haaransatz sanft und in leicht kreisenden Bewegungen verteilen und anschließend verblenden.,"SYNTHETIC FLUORPHLOGOPITE, MICA, CALCIUM SODIUM BOROSILICATE, ZEA MAYS (CORN) STARCH, CI 77891 (TITANIUM DIOXIDE), ZINC STEARATE, DIMETHICONE, OCTYLDODECYL STEAROYL STEARATE, TRIMETHYLSILOXYSILICATE, ETHYLHEXYL GLYCERIN, CI 19140 (YELLOW 5 LAKE), CI 15850 (RED 6), BIS-DIGLYCERYL POLYACYLADIPATE-2, DEHYDROACETIC ACID, DIMETHICONOL, CI 77491 (IRON OXIDES), CI 77499 (IRON OXIDES), CI 15850 (RED 7 LAKE), TIN OXIDE, STEARIC ACID, ALUMINA, TOCOPHEROL",no,yes,nein
Tender Blush Coral Blossom,en,https://image.labiosthetique.com/i/square-1440/m2-product:tender_blush_coral_blossom_272311_3_5g_3a84a85.jpg/feed-media.jpg,https://www.labiosthetique.de/tender-blush?childSku=4040218829037,/tender-blush?childSku=4040218829037,018445,The elegant powder blusher Tender Blush defines the cheekbones and enhances your features.,"30,50 €",0,"3,5 g",Make-up,"Use a brush or a make-up sponge to evenly apply Tender Blush from cheeks to hair line, softly distribute in lightly circling motions and then blend.","SYNTHETIC FLUORPHLOGOPITE, MICA, CALCIUM SODIUM BOROSILICATE, ZEA MAYS (CORN) STARCH, CI 77891 (TITANIUM DIOXIDE), ZINC STEARATE, DIMETHICONE, OCTYLDODECYL STEAROYL STEARATE, TRIMETHYLSILOXYSILICATE, ETHYLHEXYL GLYCERIN, CI 19140 (YELLOW 5 LAKE), CI 15850 (RED 6), BIS-DIGLYCERYL POLYACYLADIPATE-2, DEHYDROACETIC ACID, DIMETHICONOL, CI 77491 (IRON OXIDES), CI 77499 (IRON OXIDES), CI 15850 (RED 7 LAKE), TIN OXIDE, STEARIC ACID, ALUMINA, TOCOPHEROL",no,yes,nein
BELAVANCE® Nail & Cuticle Care,de,https://image.labiosthetique.com/i/square-1440/m2-product:belavance_nail_cuticle_care_260709_9ml_dd56bdf.jpg/feed-media.jpg,https://www.labiosthetique.de/nail-cuticle-care,/nail-cuticle-care,020838,"Intensive Pflege für kräftige, stabile Nägel und geschmeidige Nagelhaut.","18,50 €",0,9 ml,Make-Up,Einmal täglich auf die Nägel auftragen und mit den Fingerspitzen bis in die Nagelhaut einmassieren. Für eine maximale Wirkung auf unlackierte Nägel applizieren.,"CAPRYLIC/CAPRIC TRIGLYCERIDE, PARAFFINUM LIQUIDUM (MINERAL OIL), C12-13 ALKYL LACTATE, PISTACIA LENTISCUS (MASTIC) GUM, PARFUM (FRAGRANCE)",yes,yes,nein
BELAVANCE® Nail & Cuticle Care,en,https://image.labiosthetique.com/i/square-1440/m2-product:belavance_nail_cuticle_care_260709_9ml_dd56bdf.jpg/feed-media.jpg,https://www.labiosthetique.de/nail-cuticle-care,/nail-cuticle-care,020838,"Intensive care for strong, stable nails and smooth cuticles.","18,50 €",0,9 ml,Make-up,"Apply the oil to the nails once a day and massage it into the nails and cuticles. For maximum effect, apply to unpainted nails.","CAPRYLIC/CAPRIC TRIGLYCERIDE, PARAFFINUM LIQUIDUM (MINERAL OIL), C12-13 ALKYL LACTATE, PISTACIA LENTISCUS (MASTIC) GUM, PARFUM (FRAGRANCE)",yes,yes,nein
Powder Spray,de,https://image.labiosthetique.com/i/square-1440/m2-product:powder_spray_398120_200ml_bdb03f8.jpg/feed-media.jpg,https://www.labiosthetique.de/powder-spray?childSku=4040218869637,/powder-spray?childSku=4040218869637,110260,Das perfekte Finish für lässige Matt-Looks mit griffiger Fülle. Für lang anhaltende Styles und zum Auffrischen der Frisur zwischendurch.,"32,00 €","160,00 € / 1 l",200 ml,Styling,Vor Gebrauch gut schütteln. Aus 20-30 cm Entfernung auf die Ansätze oder das gesamte trockene Haar sprühen und mit den Fingern in die gewünschte Form bringen.,"BUTANE, PROPANE, ALCOHOL DENAT., ALUMINUM STARCH OCTENYLSUCCINATE, ISOBUTANE, SILICA, PARFUM (FRAGRANCE), AQUA (WATER), CAPRYLIC/CAPRIC TRIGLYCERIDE, TETRAMETHYL ACETYLOCTAHYDRONAPHTHALENES, STEARALKONIUM HECTORITE, LIMONENE, LINALOOL, PROPYLENE CARBONATE",yes,yes,ja
Powder Spray,en,https://image.labiosthetique.com/i/square-1440/m2-product:powder_spray_398120_200ml_bdb03f8.jpg/feed-media.jpg,https://www.labiosthetique.de/powder-spray?childSku=4040218869637,/powder-spray?childSku=4040218869637,110260,The perfect finish for casual matt looks with a grippy fullness. For long-lasting styles and to freshen up your hair style in between.,"32,00 €","160,00 € / 1 l",200 ml,Styling,Shake well before use. Spray onto the roots or the entire dry hair from a distance of 20-30 cm and mould into the desired shape with your fingers.,"BUTANE, PROPANE, ALCOHOL DENAT., ALUMINUM STARCH OCTENYLSUCCINATE, ISOBUTANE, SILICA, PARFUM (FRAGRANCE), AQUA (WATER), CAPRYLIC/CAPRIC TRIGLYCERIDE, TETRAMETHYL ACETYLOCTAHYDRONAPHTHALENES, STEARALKONIUM HECTORITE, LIMONENE, LINALOOL, PROPYLENE CARBONATE",yes,yes,ja
Energising Aroma Complex,de,https://image.labiosthetique.com/i/square-1440/m2-product:energising_aroma_complex_403666_30ml_65a289b.jpg/feed-media.jpg,https://www.labiosthetique.de/energising-aroma-complex-1,/energising-aroma-complex-1,120071,"Der Aromakomplex nutzt die therapeutischen Kräfte etherischer Öle, um die Kopfhautfunktionen zu stimulieren, trockene Haut zu regenerieren und ein belebendes Wohlgefühl zu verleihen.","33,00 €","1.100,00 € / 1 l",30 ml,Haar- & Kopfhautpflege,"Den Inhalt von 1 bis 1,5 Pipetten (ca. 1 ml) auf der Kopfhaut verteilen und leicht einmassieren.","ALCOHOL DENAT., C9-12 ALKANE, NEOPENTYL GLYCOL DIHEPTANOATE, PARFUM (FRAGRANCE), COCO-CAPRYLATE/CAPRATE, LINALOOL, CITRUS AURANTIUM BERGAMIA (BERGAMOT) PEEL OIL, CITRUS AURANTIUM BERGAMIA (BERGAMOT) FRUIT OIL, LINALYL ACETATE, LAVANDULA OIL/EXTRACT, LIMONENE, BORAGO OFFICINALIS SEED OIL, LAVANDULA HYBRIDA OIL, PELARGONIUM GRAVEOLENS OIL, PELARGONIUM GRAVEOLENS FLOWER OIL, PETROSELINUM CRISPUM (PARSLEY) SEED OIL, TERPINEOL, PINENE, CITRONELLOL, CAMPHOR, GERANIOL, DAUCUS CAROTA SATIVA (CARROT) SEED OIL, JUNIPERUS MEXICANA OIL, LAVANDULA ANGUSTIFOLIA (LAVENDER) OIL, ROSMARINUS OFFICINALIS (ROSEMARY) LEAF OIL, SALVIA SCLAREA (CLARY) EXTRACT, SCLAREOL, BETA-CARYOPHYLLENE, BENZYL ACETATE, ROSA DAMASCENA FLOWER EXTRACT, GERANYL ACETATE, ROSE FLOWER OIL/EXTRAKT, CITRAL, TERPINOLENE, BENZYL ALCOHOL, ALPHA-TERPINENE, ETHYL TRIMETHYLCYCLOPENTENE BUTENOL, TOCOPHEROL",yes,yes,ja
Energising Aroma Complex,en,https://image.labiosthetique.com/i/square-1440/m2-product:energising_aroma_complex_403666_30ml_65a289b.jpg/feed-media.jpg,https://www.labiosthetique.de/energising-aroma-complex-1,/energising-aroma-complex-1,120071,"The aroma complex utilises the therapeutic powers of essential oils to stimulate the scalp functions, regenerate dry skin and provide an invigorating feeling of well-being.","33,00 €","1.100,00 € / 1 l",30 ml,Hair & scalp care,Apply the contents of 1 to 1.5 pipettes (approx. 1 ml) to the scalp and massage in gently.,"ALCOHOL DENAT., C9-12 ALKANE, NEOPENTYL GLYCOL DIHEPTANOATE, PARFUM (FRAGRANCE), COCO-CAPRYLATE/CAPRATE, LINALOOL, CITRUS AURANTIUM BERGAMIA (BERGAMOT) PEEL OIL, CITRUS AURANTIUM BERGAMIA (BERGAMOT) FRUIT OIL, LINALYL ACETATE, LAVANDULA OIL/EXTRACT, LIMONENE, BORAGO OFFICINALIS SEED OIL, LAVANDULA HYBRIDA OIL, PELARGONIUM GRAVEOLENS OIL, PELARGONIUM GRAVEOLENS FLOWER OIL, PETROSELINUM CRISPUM (PARSLEY) SEED OIL, TERPINEOL, PINENE, CITRONELLOL, CAMPHOR, GERANIOL, DAUCUS CAROTA SATIVA (CARROT) SEED OIL, JUNIPERUS MEXICANA OIL, LAVANDULA ANGUSTIFOLIA (LAVENDER) OIL, ROSMARINUS OFFICINALIS (ROSEMARY) LEAF OIL, SALVIA SCLAREA (CLARY) EXTRACT, SCLAREOL, BETA-CARYOPHYLLENE, BENZYL ACETATE, ROSA DAMASCENA FLOWER EXTRACT, GERANYL ACETATE, ROSE FLOWER OIL/EXTRAKT, CITRAL, TERPINOLENE, BENZYL ALCOHOL, ALPHA-TERPINENE, ETHYL TRIMETHYLCYCLOPENTENE BUTENOL, TOCOPHEROL",yes,yes,ja
Intense Formula Hair Laque,de,https://image.labiosthetique.com/i/square-1440/m2-product:intense_formula_hair_laque_398135_300ml_3bca43f.jpg/feed-media.jpg,https://www.labiosthetique.de/intense-formula-hair-laque,/intense-formula-hair-laque,110581,"Der silikonfreie Haarlack fixiert jedes Styling mit extrastarkem Halt, spendet Feuchtigkeit und verleiht ein glänzendes Finish.","22,50 €","75,00 € / 1 l",300 ml,Styling,Intense Formula Hair Laque ins trockene oder noch leicht feuchte Haar sprühen.,"ALCOHOL DENAT., BUTANE, PROPANE, OCTYLACRYLAMIDE/ACRYLATES/BUTYLAMINOETHYL METHACRYLATE COPOLYMER, AMINOMETHYL PROPANOL, TRIETHYL CITRATE, PARFUM (FRAGRANCE), PANTHENOL, PHYTANTRIOL, TETRAMETHYL ACETYLOCTAHYDRONAPHTHALENES, AQUA (WATER), LIMONENE, LINALOOL, LINALYL ACETATE, GERANIOL, CITRONELLOL, PINENE, COUMARIN, CITRIC ACID",yes,no,ja
Intense Formula Hair Laque,en,https://image.labiosthetique.com/i/square-1440/m2-product:intense_formula_hair_laque_398135_300ml_3bca43f.jpg/feed-media.jpg,https://www.labiosthetique.de/intense-formula-hair-laque,/intense-formula-hair-laque,110581,"The silicone-free hair lacquer fixes every style with extra-strong hold, supplies moisture and provides a shiny finish.","22,50 €","75,00 € / 1 l",300 ml,Styling,"Depending on the desired effect, spray Intense Formula Hair Laque into dry or still slightly damp hair.","ALCOHOL DENAT., BUTANE, PROPANE, OCTYLACRYLAMIDE/ACRYLATES/BUTYLAMINOETHYL METHACRYLATE COPOLYMER, AMINOMETHYL PROPANOL, TRIETHYL CITRATE, PARFUM (FRAGRANCE), PANTHENOL, PHYTANTRIOL, TETRAMETHYL ACETYLOCTAHYDRONAPHTHALENES, AQUA (WATER), LIMONENE, LINALOOL, LINALYL ACETATE, GERANIOL, CITRONELLOL, PINENE, COUMARIN, CITRIC ACID",yes,no,ja
Skin Care Set Méthode Clarifiante,de,https://image.labiosthetique.com/i/square-1440/m2-product:skin_care_set_m_thode_clarifiante_411796_1Set_f94c8c3.jpg/feed-media.jpg,https://www.labiosthetique.de/skin-care-set-methode-clarifiante,/skin-care-set-methode-clarifiante,012889,"Das Méthode Clarifiante Set bietet eine ganzheitliche klärende Gesichtspflege-Routine. Ein mildes Reinigungsgel, ein mattierendes Fluid, eine ausgleichende Pflegecreme und ein sanftes Fruchtenzym-Peeling regulieren Talg, beugen Unreinheiten vor und sorgen für ein ebenmäßiges, mattiertes Hautbild.","30,00 €",0,1 set,Hautpflege,"Das Micellar Cleansing Gel morgens und abends auf Gesicht, Hals und Dekolleté auftragen, mit etwas Wasser emulgieren und gründlich abspülen. Anschließend nach Bedarf Clarifying Fruit Exfoliant als zusätzliche Tiefenreinigung mit einem Wattepad unter Aussparung der Augenpartie auftragen. Nicht abwaschen. Die Pflegeroutine je nach dem momentanen Hautbedürfnis mit dem leichten, mattierenden Clarifying Matt Fluid oder der ausgleichenden, befeuchtenden Clarifying Balance Cream abschließen (z.B. Clarifying Matt Fluid am Morgen, Clarifying Balance Cream am Abend).","Micellar Cleansing Gel: INGREDIENTS: AQUA (WATER), PROPANEDIOL, DISODIUM CAPRYLOYL GLUTAMATE, SODIUM LAUROYL SARCOSINATE, COCAMIDOPROPYL BETAINE, XANTHAN GUM, SODIUM CHLORIDE, PROPYLENE GLYCOL, PHENOXYETHANOL, PARFUM (FRAGRANCE), LACTIC ACID, TETRAMETHYL ACETYLOCTAHYDRONAPHTHALENES, GLYCERIN, SODIUM GLUCONATE, SODIUM LACTATE, BENZOIC ACID, DEHYDROACETIC ACID, SODIUM BENZOATE, LIMONENE, CITRUS LIMON (LEMON) PEEL OIL, PINENE Clarifying Fruit Exfoliant: INGREDIENTS: AQUA (WATER), ALCOHOL DENAT., GLYCERIN, VACCINIUM MYRTILLUS FRUIT EXTRACT, DIMETHYL LAURAMIDE/MYRISTAMIDE, SACCHARUM OFFICINARUM (SUGARCANE) EXTRACT, DIPOTASSIUM GLYCYRRHIZATE, CITRUS AURANTIUM DULCIS (ORANGE) FRUIT EXTRACT, CITRUS LIMON (LEMON) FRUIT EXTRACT, PARFUM (FRAGRANCE), ACER SACCHARUM (SUGAR MAPLE) EXTRACT, TETRAMETHYL ACETYLOCTAHYDRONAPHTHALENES, LIMONENE, CITRUS LIMON (LEMON) PEEL OIL, PINENE Clarifying Balance Cream: INGREDIENTS: AQUA (WATER), SQUALANE, CETEARYL ALCOHOL, GLYCERYL STEARATE CITRATE, GLYCERIN, CAPRYLIC/CAPRIC TRIGLYCERIDE, DI-C12-13 ALKYL MALATE, MAGNOLIA OFFICINALIS BARK EXTRACT, PIPER NIGRUM (PEPPER) SEED EXTRACT, ROSMARINUS OFFICINALIS (ROSEMARY) LEAF EXTRACT , LEPTOSPERMUM SCOPARIUM BRANCH/LEAF OIL, BETA-CARYOPHYLLENE, TOCOPHEROL, OCTYLDODECANOL, HYDROLYZED SOY PROTEIN, CAESALPINIA SPINOSA GUM, HYDROXYACETOPHENONE, HELIANTHUS ANNUUS (SUNFLOWER) SEED OIL, PHENOXYETHANOL, GLYCERYL CAPRYLATE, PARFUM (FRAGRANCE), TETRAMETHYL ACETYLOCTAHYDRONAPHTHALENES, BENZOIC ACID, DEHYDROACETIC ACID, ETHYL FERULATE, LIMONENE, CITRUS LIMON (LEMON) PEEL OIL, PINENE, LINALOOL, CITRAL Clarifying Matt Fluid: INGREDIENTS: AQUA (WATER), DICAPRYLYL CARBONATE, COCO-CAPRYLATE/CAPRATE, PENTYLENE GLYCOL, SIMMONDSIA CHINENSIS (JOJOBA) SEED OIL, PROPANEDIOL, OCTYLDODECANOL, CETYL PALMITATE, POLYGLYCERYL-4 CAPRATE, POLYGLYCERYL-6 CAPRYLATE, PIPER NIGRUM (PEPPER) SEED EXTRACT, MAGNOLIA OFFICINALIS BARK EXTRACT, BIOFLAVONOIDS, LEPTOSPERMUM SCOPARIUM BRANCH/LEAF OIL, GLYCOLIC ACID, PHENOXYETHANOL, XANTHAN GUM, ACACIA SENEGAL GUM, SODIUM STEAROYL GLUTAMATE, PARFUM (FRAGRANCE), LACTIC ACID, TETRAMETHYL ACETYLOCTAHYDRONAPHTHALENES, ETHYLHEXYLGLYCERIN, SODIUM MAGNESIUM SILICATE, CITRIC ACID, LIMONENE, CITRUS LIMON (LEMON) PEEL OIL, PINENE, TOCOPHEROL, BETA-CARYOPHYLLENE, LINALOOL, CITRAL",no,yes,ja
Skin Care Set Méthode Clarifiante,en,https://image.labiosthetique.com/i/square-1440/m2-product:skin_care_set_m_thode_clarifiante_411796_1Set_f94c8c3.jpg/feed-media.jpg,https://www.labiosthetique.de/skin-care-set-methode-clarifiante,/skin-care-set-methode-clarifiante,012889,"The Méthode Clarifiante Set offers a holistic, clarifying facial care routine. A mild cleansing gel, a mattifying fluid, a balancing care cream and a gentle fruit enzyme peel regulate sebum, prevent impurities and provide an even, mattified complexion.","30,00 €",0,1 set,Skin care,"In the morning and evening, apply Micellar Cleansing Gel to the face, neck and décolleté, lather it with a little water and rinse it off thoroughly. Where needed, next use a cotton pad to apply Clarifying Fruit Exfoliant to the face for additional deep cleansing, leaving out the eye area. Do not rinse it off. Depending on the current needs of the skin, complete the care routine with the light, mattifying Clarifying Matt Fluid or the balancing, hydrating Clarifying Balance Cream (e.g. Clarifying Matt Fluid in the morning and Clarifying Balance Cream in the evening).","Micellar Cleansing Gel: INGREDIENTS: AQUA (WATER), PROPANEDIOL, DISODIUM CAPRYLOYL GLUTAMATE, SODIUM LAUROYL SARCOSINATE, COCAMIDOPROPYL BETAINE, XANTHAN GUM, SODIUM CHLORIDE, PROPYLENE GLYCOL, PHENOXYETHANOL, PARFUM (FRAGRANCE), LACTIC ACID, TETRAMETHYL ACETYLOCTAHYDRONAPHTHALENES, GLYCERIN, SODIUM GLUCONATE, SODIUM LACTATE, BENZOIC ACID, DEHYDROACETIC ACID, SODIUM BENZOATE, LIMONENE, CITRUS LIMON (LEMON) PEEL OIL, PINENE Clarifying Fruit Exfoliant: INGREDIENTS: AQUA (WATER), ALCOHOL DENAT., GLYCERIN, VACCINIUM MYRTILLUS FRUIT EXTRACT, DIMETHYL LAURAMIDE/MYRISTAMIDE, SACCHARUM OFFICINARUM (SUGARCANE) EXTRACT, DIPOTASSIUM GLYCYRRHIZATE, CITRUS AURANTIUM DULCIS (ORANGE) FRUIT EXTRACT, CITRUS LIMON (LEMON) FRUIT EXTRACT, PARFUM (FRAGRANCE), ACER SACCHARUM (SUGAR MAPLE) EXTRACT, TETRAMETHYL ACETYLOCTAHYDRONAPHTHALENES, LIMONENE, CITRUS LIMON (LEMON) PEEL OIL, PINENE Clarifying Balance Cream: INGREDIENTS: AQUA (WATER), SQUALANE, CETEARYL ALCOHOL, GLYCERYL STEARATE CITRATE, GLYCERIN, CAPRYLIC/CAPRIC TRIGLYCERIDE, DI-C12-13 ALKYL MALATE, MAGNOLIA OFFICINALIS BARK EXTRACT, PIPER NIGRUM (PEPPER) SEED EXTRACT, ROSMARINUS OFFICINALIS (ROSEMARY) LEAF EXTRACT , LEPTOSPERMUM SCOPARIUM BRANCH/LEAF OIL, BETA-CARYOPHYLLENE, TOCOPHEROL, OCTYLDODECANOL, HYDROLYZED SOY PROTEIN, CAESALPINIA SPINOSA GUM, HYDROXYACETOPHENONE, HELIANTHUS ANNUUS (SUNFLOWER) SEED OIL, PHENOXYETHANOL, GLYCERYL CAPRYLATE, PARFUM (FRAGRANCE), TETRAMETHYL ACETYLOCTAHYDRONAPHTHALENES, BENZOIC ACID, DEHYDROACETIC ACID, ETHYL FERULATE, LIMONENE, CITRUS LIMON (LEMON) PEEL OIL, PINENE, LINALOOL, CITRAL Clarifying Matt Fluid: INGREDIENTS: AQUA (WATER), DICAPRYLYL CARBONATE, COCO-CAPRYLATE/CAPRATE, PENTYLENE GLYCOL, SIMMONDSIA CHINENSIS (JOJOBA) SEED OIL, PROPANEDIOL, OCTYLDODECANOL, CETYL PALMITATE, POLYGLYCERYL-4 CAPRATE, POLYGLYCERYL-6 CAPRYLATE, PIPER NIGRUM (PEPPER) SEED EXTRACT, MAGNOLIA OFFICINALIS BARK EXTRACT, BIOFLAVONOIDS, LEPTOSPERMUM SCOPARIUM BRANCH/LEAF OIL, GLYCOLIC ACID, PHENOXYETHANOL, XANTHAN GUM, ACACIA SENEGAL GUM, SODIUM STEAROYL GLUTAMATE, PARFUM (FRAGRANCE), LACTIC ACID, TETRAMETHYL ACETYLOCTAHYDRONAPHTHALENES, ETHYLHEXYLGLYCERIN, SODIUM MAGNESIUM SILICATE, CITRIC ACID, LIMONENE, CITRUS LIMON (LEMON) PEEL OIL, PINENE, TOCOPHEROL, BETA-CARYOPHYLLENE, LINALOOL, CITRAL",no,yes,ja
Long Hair Weightless Conditioning Oil,de,https://image.labiosthetique.com/i/square-1440/m2-product:long_hair_weightless_conditioning_oil_247279_100ml_e5212a8.jpg/feed-media.jpg,https://www.labiosthetique.de/long-hair-weightless-conditioning-oil-1,/long-hair-weightless-conditioning-oil-1,120489,"Als idealer Glanzbooster für langes Haar schenkt das Weightless Conditioning Oil selbst trockenen, angegriffenen Längen brillanten Glanz und flexible Geschmeidigkeit, ganz ohne zu beschweren oder zu fetten.","46,00 €","460,00 € / 1 l",100 ml,Haar- & Kopfhautpflege,Einige Tropfen zwischen den Handflächen verreiben und im gesamten Haar oder gezielt in den Längen und Spitzen verteilen. Leicht einkneten. Nicht ausspülen. Im feuchten oder trockenen Haar anwendbar.,"DIMETHICONE, DIMETHICONOL, TRISILOXANE, DIMETHICONE CROSSPOLYMER, PARFUM (FRAGRANCE), ARGANIA SPINOSA (ARGAN) KERNEL OIL, LIMNANTHES ALBA (MEADOWFOAM) SEED OIL, TETRAMETHYL ACETYLOCTAHYDRONAPHTHALENES, TOCOPHEROL, LIMONENE, ALPHA-ISOMETHYL IONONE, CITRUS AURANTIUM BERGAMIA (BERGAMOT) PEEL OIL, LINALOOL, LINALYL ACETATE, PINENE, CITRONELLOL, GERANIOL, HELIANTHUS ANNUUS (SUNFLOWER) SEED OIL, TERPINEOL, BENZYL ALCOHOL",no,yes,ja
Long Hair Weightless Conditioning Oil,en,https://image.labiosthetique.com/i/square-1440/m2-product:long_hair_weightless_conditioning_oil_247279_100ml_e5212a8.jpg/feed-media.jpg,https://www.labiosthetique.de/long-hair-weightless-conditioning-oil-1,/long-hair-weightless-conditioning-oil-1,120489,"As an ideal shine booster for long hair, Weightless Conditioning Oil provides even dry, damaged lengths with brilliant shine and flexible sleekness without making it greasy or weighing it down.","46,00 €","460,00 € / 1 l",100 ml,Hair & scalp care,"Rub several drops between your palms, then distribute them throughout the hair or specifically in the lengths and tips. Knead in lightly. Do not rinse out. Can be applied to wet and dry hair.","DIMETHICONE, DIMETHICONOL, TRISILOXANE, DIMETHICONE CROSSPOLYMER, PARFUM (FRAGRANCE), ARGANIA SPINOSA (ARGAN) KERNEL OIL, LIMNANTHES ALBA (MEADOWFOAM) SEED OIL, TETRAMETHYL ACETYLOCTAHYDRONAPHTHALENES, TOCOPHEROL, LIMONENE, ALPHA-ISOMETHYL IONONE, CITRUS AURANTIUM BERGAMIA (BERGAMOT) PEEL OIL, LINALOOL, LINALYL ACETATE, PINENE, CITRONELLOL, GERANIOL, HELIANTHUS ANNUUS (SUNFLOWER) SEED OIL, TERPINEOL, BENZYL ALCOHOL",no,yes,ja
Bürste Ceramic & Ion 35mm,de,https://image.labiosthetique.com/i/square-1440/m2-product:b_rste_ceramic_ion_35mm_247429_1St_ck_96ca3fe.jpg/feed-media.jpg,https://www.labiosthetique.de/buerste-ceramic-ion-35mm,/buerste-ceramic-ion-35mm,043178,"Federleicht, haarschonend und keramikbeschichtet: Universelle Rundbürste mit ionisierenden Borsten, die eine statische Aufladung der Haare reduzieren.","20,00 €",0,1 pcs,"Haar- & Kopfhautpflege,Styling",Das Haar halbtrocken föhnen und anschließend kleine Partien abteilen. Die Bürste am Haaransatz ansetzen und den Föhn auf den Bürstenkörper richten. Für ein optimales Ergebnis konstant die Spannung zwischen Bürste und Haaransatz halten.,keine Angabe,no,no,ja
Brush Ceramic & Ion 35mm,en,https://image.labiosthetique.com/i/square-1440/m2-product:b_rste_ceramic_ion_35mm_247429_1St_ck_96ca3fe.jpg/feed-media.jpg,https://www.labiosthetique.de/buerste-ceramic-ion-35mm,/buerste-ceramic-ion-35mm,043178,"Light as a feather, protects the hair and ceramic-coated: universal round brush with ionising bristles that reduce the static charge of the hair.","20,00 €",0,1 pcs,"Hair & scalp care,Styling","Blow-dry the hair till it is half-dry and then divide into small sections. Place the brush at the hair roots and direct the hairdryer at the brush body. For the perfect result, constantly maintain the tension between brush and hair roots.",not specified,no,no,ja
Revitalising Lipid Cream,de,https://image.labiosthetique.com/i/square-1440/m2-product:revitalising_lipid_cream_382750_50ml_baa8bd7.jpg/feed-media.jpg,https://www.labiosthetique.de/revitalising-lipid-cream,/revitalising-lipid-cream,004398,"Die Lipid Creme beruhigt und nährt trockene Haut, stabilisiert ihren Kollagengehalt und unterstützt sie mit sorgfältig aufeinander abgestimmten Wirkmechanismen gegen Alterungsprozesse. Für alle Liebhaber von Ménulphia Jeunesse Riche wird dies Ihr neues Lieblingsprodukt.","78,50 €","1.570,00 € / 1 l",50 ml,Hautpflege,"Nach Bedarf morgens und abends im Anschluss an die Gesichtsreinigung und Tonisierung direkt auf die noch leicht feuchte Haut von Gesicht, Hals und Dekolleté auftragen.","AQUA (WATER), GLYCERIN, SQUALANE, RICINUS COMMUNIS (CASTOR) SEED OIL, SIMMONDSIA CHINENSIS (JOJOBA) SEED OIL, GLYCERYL STEARATE, GLYCERYL STEARATE CITRATE, HYDROGENATED COCO-GLYCERIDES, CETEARYL ALCOHOL, LINOLEIC ACID, PALMITOYL GLYCINE, LEONTOPODIUM ALPINUM FLOWER/LEAF EXTRACT, CHLORELLA VULGARIS/LUPINUS ALBUS PROTEIN FERMENT, PHOSPHATIDYLCHOLINE, LECITHIN, LINOLENIC ACID, COCOGLYCERIDES, OLEIC ACID, PALMITIC ACID, XANTHAN GUM, CETYL PALMITATE, MANNITOL, TOCOPHEROL, STEARIC ACID, BEHENYL ALCOHOL, HYDROXYACETOPHENONE, CAPRYLYL GLYCOL, CETYL ALCOHOL, TETRAMETHYL ACETYLOCTAHYDRONAPHTHALENES, POLYGLYCERYL-10 LAURATE, SODIUM BENZOATE, LAURYL ALCOHOL, MYRISTYL ALCOHOL, PARFUM (FRAGRANCE), CITRIC ACID, BENZOIC ACID, DEHYDROACETIC ACID, POTASSIUM SORBATE, PHENOXYETHANOL, GLYCINE SOJA (SOYBEAN) OIL, ALPHA-ISOMETHYL IONONE, GERANIOL, BENZYL ALCOHOL, PINENE, LIMONENE, LINALOOL, LINALYL ACETATE, CITRONELLOL, HEXYL CINNAMAL",yes,yes,ja
Revitalising Lipid Cream,en,https://image.labiosthetique.com/i/square-1440/m2-product:revitalising_lipid_cream_382750_50ml_baa8bd7.jpg/feed-media.jpg,https://www.labiosthetique.de/revitalising-lipid-cream,/revitalising-lipid-cream,004398,"The lipid cream soothes and nourishes dry skin, stabilises its collagen content and supports it with carefully coordinated mechanisms of action against aging processes. For all lovers of Ménulphia Jeunesse Riche this will be your new favorite product.","78,50 €","1.570,00 € / 1 l",50 ml,Skin care,"Apply directly to the slightly damp skin of the face, neck and décolleté in the morning and evening after cleansing and toning.","AQUA (WATER), GLYCERIN, SQUALANE, RICINUS COMMUNIS (CASTOR) SEED OIL, SIMMONDSIA CHINENSIS (JOJOBA) SEED OIL, GLYCERYL STEARATE, GLYCERYL STEARATE CITRATE, HYDROGENATED COCO-GLYCERIDES, CETEARYL ALCOHOL, LINOLEIC ACID, PALMITOYL GLYCINE, LEONTOPODIUM ALPINUM FLOWER/LEAF EXTRACT, CHLORELLA VULGARIS/LUPINUS ALBUS PROTEIN FERMENT, PHOSPHATIDYLCHOLINE, LECITHIN, LINOLENIC ACID, COCOGLYCERIDES, OLEIC ACID, PALMITIC ACID, XANTHAN GUM, CETYL PALMITATE, MANNITOL, TOCOPHEROL, STEARIC ACID, BEHENYL ALCOHOL, HYDROXYACETOPHENONE, CAPRYLYL GLYCOL, CETYL ALCOHOL, TETRAMETHYL ACETYLOCTAHYDRONAPHTHALENES, POLYGLYCERYL-10 LAURATE, SODIUM BENZOATE, LAURYL ALCOHOL, MYRISTYL ALCOHOL, PARFUM (FRAGRANCE), CITRIC ACID, BENZOIC ACID, DEHYDROACETIC ACID, POTASSIUM SORBATE, PHENOXYETHANOL, GLYCINE SOJA (SOYBEAN) OIL, ALPHA-ISOMETHYL IONONE, GERANIOL, BENZYL ALCOHOL, PINENE, LIMONENE, LINALOOL, LINALYL ACETATE, CITRONELLOL, HEXYL CINNAMAL",yes,yes,ja
Moisture Control Shampoo,de,https://image.labiosthetique.com/i/square-1440/m2-product:moisture_control_shampoo_408053_100ml_1c1370b.jpg/feed-media.jpg,https://www.labiosthetique.de/moisture-control-shampoo?childSku=4040218892635,/moisture-control-shampoo?childSku=4040218892635,120319,"Während es Kopfhaut und Haare mild reinigt, reduziert das Shampoo das Austreten von Schweiß aus den Kopfhautporen und sorgt für länger andauernde Frische. Für alle Liebhaber von Shampooing Hydrotoxa wird dies Ihr neues Lieblingsprodukt.","16,00 €","160,00 € / 1 l",100 ml,Haar- & Kopfhautpflege,"Gleichmäßig im feuchten Haar und auf der Kopfhaut verteilen, kurz einwirken lassen und gründlich ausspülen.","AQUA (WATER), SODIUM LAURETH SULFATE, DISODIUM LAURETH SULFOSUCCINATE, CAPRYLYL/CAPRYL GLUCOSIDE, LAURYL PYRROLIDONE, PROPANEDIOL, POLYGLYCERYL-3 OLEATE, SODIUM BENZOATE, SODIUM CHLORIDE, PARFUM (FRAGRANCE), BETAINE, ACETIC ACID, TETRAMETHYL ACETYLOCTAHYDRONAPHTHALENES, BENZOIC ACID, FOMES OFFICINALIS (MUSHROOM) EXTRACT, CITRIC ACID, POTASSIUM SORBATE, LIMONENE, CITRUS LIMON (LEMON) PEEL OIL, PINENE",no,no,ja
Moisture Control Shampoo,en,https://image.labiosthetique.com/i/square-1440/m2-product:moisture_control_shampoo_408053_100ml_1c1370b.jpg/feed-media.jpg,https://www.labiosthetique.de/moisture-control-shampoo?childSku=4040218892635,/moisture-control-shampoo?childSku=4040218892635,120319,"While mildly cleansing the scalp and hair, the shampoo reduces the excretion of sweat from the scalp pores and provides longer-lasting freshness.","16,00 €","160,00 € / 1 l",100 ml,Hair & scalp care,"Distribute evenly in moist hair and on the scalp, briefly leave to take effect, then rinse out thoroughly.","AQUA (WATER), SODIUM LAURETH SULFATE, DISODIUM LAURETH SULFOSUCCINATE, CAPRYLYL/CAPRYL GLUCOSIDE, LAURYL PYRROLIDONE, PROPANEDIOL, POLYGLYCERYL-3 OLEATE, SODIUM BENZOATE, SODIUM CHLORIDE, PARFUM (FRAGRANCE), BETAINE, ACETIC ACID, TETRAMETHYL ACETYLOCTAHYDRONAPHTHALENES, BENZOIC ACID, FOMES OFFICINALIS (MUSHROOM) EXTRACT, CITRIC ACID, POTASSIUM SORBATE, LIMONENE, CITRUS LIMON (LEMON) PEEL OIL, PINENE",no,no,ja
Compact Powder 2/2 Medium Beige,de,https://image.labiosthetique.com/i/square-1440/m2-product:compact_powder_2_2_medium_beige_407870_9g_2b88233.jpg/feed-media.jpg,https://www.labiosthetique.de/compact-powder?childSku=4040218894035,/compact-powder?childSku=4040218894035,018477,"Für einen seidigen Teint: Compact Powder mit Anti-Shine-Effekt und wertvollen Inhaltsstoffen mattiert die Haut, ohne zu beschweren.","40,50 €",0,9 g,Make-Up,Compact Powder wird mit dem beiliegenden Schwämmchen oder einem weichen Puderpinsel trocken auf Teint und Dekolleté aufgetragen. Der Puder kann über Make-up als Fixierung oder für den Nude Look auf das ungeschminkte Gesicht verwendet werden. Der mattierende Effekt wird durch mehrmaligen Auftrag verstärkt. Schwämmchen regelmäßig mit Seife und warmem Wasser reinigen.,"KAOLIN, MICA, CAPRYLIC/CAPRIC TRIGLYCERIDE, ZEA MAYS (CORN) STARCH, ZINC STEARATE, CI 77891 (TITANIUM DIOXIDE), CALCIUM STARCH OCTENYLSUCCINATE, OCTYLDODECYL STEAROYL STEARATE, SILICA, CI 77492 (IRON OXIDES), CI 77491 (IRON OXIDES), CI 77499 (IRON OXIDES), POTASSIUM SORBATE, DEHYDROACETIC ACID, HYDROGENATED PALM OIL, HYDROGENATED RAPESEED OIL, ORYZA SATIVA (RICE) BRAN WAX, C18-36 ACID TRIGLYCERIDE",yes,yes,ja
Compact Powder 2/2 Medium Beige,en,https://image.labiosthetique.com/i/square-1440/m2-product:compact_powder_2_2_medium_beige_407870_9g_2b88233.jpg/feed-media.jpg,https://www.labiosthetique.de/compact-powder?childSku=4040218894035,/compact-powder?childSku=4040218894035,018477,For a silky complexion: Compact Powder with anti-shine effect and valuable ingredients mattifies the complexion without heaviness.,"40,50 €",0,9 g,Make-up,Compact Powder is applied dry to complexion and décolleté with the enclosed sponge or with a soft powder brush. The powder can be applied over make-up to fix it or to an unmade up face for a nude look. The mattifying effect is enhanced by multiple applications. Regularly wash the sponge with soap and warm water.,"KAOLIN, MICA, CAPRYLIC/CAPRIC TRIGLYCERIDE, ZEA MAYS (CORN) STARCH, ZINC STEARATE, CI 77891 (TITANIUM DIOXIDE), CALCIUM STARCH OCTENYLSUCCINATE, OCTYLDODECYL STEAROYL STEARATE, SILICA, CI 77492 (IRON OXIDES), CI 77491 (IRON OXIDES), CI 77499 (IRON OXIDES), POTASSIUM SORBATE, DEHYDROACETIC ACID, HYDROGENATED PALM OIL, HYDROGENATED RAPESEED OIL, ORYZA SATIVA (RICE) BRAN WAX, C18-36 ACID TRIGLYCERIDE",yes,yes,ja
Dermosthétique Age Reversing Night Cream,de,https://image.labiosthetique.com/i/square-1440/m2-product:dermosth_tique_age_reversing_night_cream_247971_50ml_b52b49e.jpg/feed-media.jpg,https://www.labiosthetique.de/age3-age-reversing-night-cream,/age3-age-reversing-night-cream,002884,"Das biomimetische Wirkprinzip und der AGE³ Komplex unterstützen die Hautregeneration während der Nacht, um Alterungsprozessen entgegenzuwirken, die Haut zu straffen und zu verjüngen.","104,50 €","2.090,00 € / 1 l",50 ml,Hautpflege,"Abends auf die gereinigte und tonifizierte Haut von Gesicht, Hals und Dekolleté auftragen und mit leicht kreisenden Bewegungen einmassieren.","AQUA (WATER), GLYCERIN, CANOLA OIL, CAPRYLIC/CAPRIC TRIGLYCERIDE, ISOPROPYL PALMITATE, GLYCERYL STEARATE CITRATE, HYDROGENATED COCO-GLYCERIDES, CETEARYL ALCOHOL, GLYCERYL STEARATE, CETYL PALMITATE, CENTELLA ASIATICA LEAF EXTRACT*, SALVIA MILTIORRHIZA LEAF EXTRACT, NIACINAMIDE, ETHYL FERULATE, ROSMARINUS OFFICINALIS (ROSEMARY) LEAF EXTRACT , HELIANTHUS ANNUUS (SUNFLOWER) SEED OIL, SODIUM HYALURONATE, AVENA SATIVA (OAT) KERNEL EXTRACT, LACTOBACILLUS FERMENT, BRASSICA CAMPESTRIS (RAPESEED) STEROLS, CERAMIDE NG, XANTHAN GUM, BEHENYL ALCOHOL, PALMITIC ACID, STEARIC ACID, TOCOPHEROL, CETYL ALCOHOL, LAURYL ALCOHOL, LECITHIN, MYRISTYL ALCOHOL, CITRIC ACID, CAPRYLYL GLYCOL, SODIUM BENZOATE, POTASSIUM SORBATE, PHENOXYETHANOL, BENZOIC ACID, ETHYLHEXYLGLYCERIN, DEHYDROACETIC ACID, PARFUM (FRAGRANCE)",yes,yes,ja
Dermosthétique Age Reversing Night Cream,en,https://image.labiosthetique.com/i/square-1440/m2-product:dermosth_tique_age_reversing_night_cream_247971_50ml_b52b49e.jpg/feed-media.jpg,https://www.labiosthetique.de/age3-age-reversing-night-cream,/age3-age-reversing-night-cream,002884,The biomimetic effect principle and AGE³ complex support the regeneration of the skin overnight to combat aging processes and to firm and rejuvenate the skin.,"104,50 €","2.090,00 € / 1 l",50 ml,Skin care,"Apply to the cleansed and toned skin of the face, neck and décolleté in the evening and massage in with gently circling motions.","AQUA (WATER), GLYCERIN, CANOLA OIL, CAPRYLIC/CAPRIC TRIGLYCERIDE, ISOPROPYL PALMITATE, GLYCERYL STEARATE CITRATE, HYDROGENATED COCO-GLYCERIDES, CETEARYL ALCOHOL, GLYCERYL STEARATE, CETYL PALMITATE, CENTELLA ASIATICA LEAF EXTRACT*, SALVIA MILTIORRHIZA LEAF EXTRACT, NIACINAMIDE, ETHYL FERULATE, ROSMARINUS OFFICINALIS (ROSEMARY) LEAF EXTRACT , HELIANTHUS ANNUUS (SUNFLOWER) SEED OIL, SODIUM HYALURONATE, AVENA SATIVA (OAT) KERNEL EXTRACT, LACTOBACILLUS FERMENT, BRASSICA CAMPESTRIS (RAPESEED) STEROLS, CERAMIDE NG, XANTHAN GUM, BEHENYL ALCOHOL, PALMITIC ACID, STEARIC ACID, TOCOPHEROL, CETYL ALCOHOL, LAURYL ALCOHOL, LECITHIN, MYRISTYL ALCOHOL, CITRIC ACID, CAPRYLYL GLYCOL, SODIUM BENZOATE, POTASSIUM SORBATE, PHENOXYETHANOL, BENZOIC ACID, ETHYLHEXYLGLYCERIN, DEHYDROACETIC ACID, PARFUM (FRAGRANCE)",yes,yes,ja
Comforting Light Fluid,de,https://image.labiosthetique.com/i/square-1440/m2-product:comforting_light_fluid_392031_50ml_8f93b75.jpg/feed-media.jpg,https://www.labiosthetique.de/comforting-light-fluid,/comforting-light-fluid,003696,"Das präbiotische Gesichtsfluid für sensible Haut stabilisiert die gesunde Hautflora und beruhigt gereizte Haut. Es bindet Feuchtigkeit in der Haut, stärkt die schützende Barriereschicht und verleiht einen zarten, strahlenden Teint. Für alle Liebhaber von Douceur Sensitive wird dies Ihr neues Lieblingsprodukt.","45,00 €","900,00 € / 1 l",50 ml,Hautpflege,"Morgens und abends auf die gereinigte und tonisierte Haut von Gesicht, Hals und Dekolleté auftragen.","AQUA (WATER), SQUALANE, CETEARYL ALCOHOL, CAPRYLIC/CAPRIC TRIGLYCERIDE, GLYCERIN, CETEARYL ETHYLHEXANOATE, GLYCERYL STEARATE, POTASSIUM PALMITOYL HYDROLYZED WHEAT PROTEIN, AVENA SATIVA (OAT) KERNEL EXTRACT, LACTOBACILLUS FERMENT, MYROTHAMNUS FLABELLIFOLIA LEAF/STEM EXTRACT, BRASSICA CAMPESTRIS (RAPESEED) STEROLS, LECITHIN, HYDROXYACETOPHENONE, CAESALPINIA SPINOSA GUM, ISOPROPYL MYRISTATE, PALMITIC ACID, STEARIC ACID, BEHENYL ALCOHOL, CETYL ALCOHOL, LAURYL ALCOHOL, MYRISTYL ALCOHOL, 1,2-HEXANEDIOL, CAPRYLYL GLYCOL, SODIUM BENZOATE, POTASSIUM SORBATE",yes,yes,ja
Comforting Light Fluid,en,https://image.labiosthetique.com/i/square-1440/m2-product:comforting_light_fluid_392031_50ml_8f93b75.jpg/feed-media.jpg,https://www.labiosthetique.de/comforting-light-fluid,/comforting-light-fluid,003696,"The prebiotic facial fluid for sensitive skin stabilises the healthy skin flora and calms irritated skin. It binds moisture in the skin, strengthens the protective barrier layer and provides a soft, radiant complexion. For all lovers of Douceur Sensitive this will be your new favorite product.","45,00 €","900,00 € / 1 l",50 ml,Skin care,"In the morning and evening, apply to the cleansed and toned skin of the face, neck and décolleté.","AQUA (WATER), SQUALANE, CETEARYL ALCOHOL, CAPRYLIC/CAPRIC TRIGLYCERIDE, GLYCERIN, CETEARYL ETHYLHEXANOATE, GLYCERYL STEARATE, POTASSIUM PALMITOYL HYDROLYZED WHEAT PROTEIN, AVENA SATIVA (OAT) KERNEL EXTRACT, LACTOBACILLUS FERMENT, MYROTHAMNUS FLABELLIFOLIA LEAF/STEM EXTRACT, BRASSICA CAMPESTRIS (RAPESEED) STEROLS, LECITHIN, HYDROXYACETOPHENONE, CAESALPINIA SPINOSA GUM, ISOPROPYL MYRISTATE, PALMITIC ACID, STEARIC ACID, BEHENYL ALCOHOL, CETYL ALCOHOL, LAURYL ALCOHOL, MYRISTYL ALCOHOL, 1,2-HEXANEDIOL, CAPRYLYL GLYCOL, SODIUM BENZOATE, POTASSIUM SORBATE",yes,yes,ja
Automatic Pencil for Lips LL35 Poppy Orange,de,https://image.labiosthetique.com/i/square-1440/m2-product:automatic_pencil_for_lips_ll35_poppy_orange_324099_0_28g_cc37d88.jpg/feed-media.jpg,https://www.labiosthetique.de/automatic-pencil-for-lips?childSku=4040218774733,/automatic-pencil-for-lips?childSku=4040218774733,017533,"Der wasserfeste Lippenkonturen-Stift zaubert wunderschöne, definierte Lippen.","25,00 €",0,"0,28 g",Make-Up,Den Stift aus der Automatikhülle herausdrehen und die Lippenkontur sanft nachziehen oder nuancieren. Achtung: der Stift kann nicht zurückgedreht werden!,"SYNTHETIC WAX, ISODODECANE, MICA, HYDROGENATED POLYCYCLOPENTADIENE, POLYGLYCERYL-10 PENTAISOSTEARATE, HYDROGENATED POLY(C6-14 OLEFIN), HYDROGENATED POLYDECENE, HYDROGENATED POLYISOBUTENE, POLYBUTENE, CI 15850 (RED 6 LAKE), DISTEARDIMONIUM HECTORITE, CI 73360 (RED 30 LAKE), CI 77891 (TITANIUM DIOXIDE), PROPYLENE CARBONATE, POLYETHYLENE, PENTAERYTHRITYL TETRA-DI-T-BUTYL HYDROXYHYDROCINNAMATE",yes,yes,ja
Automatic Pencil for Lips LL35 Poppy Orange,en,https://image.labiosthetique.com/i/square-1440/m2-product:automatic_pencil_for_lips_ll35_poppy_orange_324099_0_28g_cc37d88.jpg/feed-media.jpg,https://www.labiosthetique.de/automatic-pencil-for-lips?childSku=4040218774733,/automatic-pencil-for-lips?childSku=4040218774733,017533,The waterproof lip liner creates wonderfully defined lips.,"25,00 €",0,"0,28 g",Make-up,Twist the liner out of the automatic case and gently outline or shade the lip line. Caution: you cannot twist the liner back into the case!,"SYNTHETIC WAX, ISODODECANE, MICA, HYDROGENATED POLYCYCLOPENTADIENE, POLYGLYCERYL-10 PENTAISOSTEARATE, HYDROGENATED POLY(C6-14 OLEFIN), HYDROGENATED POLYDECENE, HYDROGENATED POLYISOBUTENE, POLYBUTENE, CI 15850 (RED 6 LAKE), DISTEARDIMONIUM HECTORITE, CI 73360 (RED 30 LAKE), CI 77891 (TITANIUM DIOXIDE), PROPYLENE CARBONATE, POLYETHYLENE, PENTAERYTHRITYL TETRA-DI-T-BUTYL HYDROXYHYDROCINNAMATE",yes,yes,ja
Colour Protection Shine Restoring Volumising Shampoo,de,https://image.labiosthetique.com/i/square-1440/m2-product:colour_protection_shine_restoring_volumising_shampoo_389979_250ml_e185c95.jpg/feed-media.jpg,https://www.labiosthetique.de/colour-protection-shine-restoring-shampoo?childSku=4040218849233,/colour-protection-shine-restoring-shampoo?childSku=4040218849233,120415,"Das sulfatfreie Shampoo reinigt besonders sanft, schützt die Haarfarbe vor Verblassen sowie Auswaschen und sichert lang anhaltende Farbbrillanz.","27,00 €","108,00 € / 1 l",250 ml,Haar- & Kopfhautpflege,Gleichmäßig im Haar und auf der Kopfhaut verteilen und einmassieren. Anschließend gründlich ausspülen,"AQUA (WATER), SODIUM METHYL COCOYL TAURATE, COCAMIDOPROPYL BETAINE, DECYL GLUCOSIDE, SODIUM CHLORIDE, LACTIC ACID, POLYGLYCERYL-3 OLEATE, SODIUM BENZOATE, BUTYLENE GLYCOL, PARFUM (FRAGRANCE), BETAINE, HYDROXYPROPYL OXIDIZED STARCH PG-TRIMONIUM CHLORIDE, SODIUM LAUROYL OAT AMINO ACIDS, GLYCOLIPIDS, ACETIC ACID, TETRAMETHYL ACETYLOCTAHYDRONAPHTHALENES, STARCH HYDROXYPROPYLTRIMONIUM CHLORIDE, CITRIC ACID, SODIUM POLYPHOSPHATE, SODIUM LACTATE, UREA, HEXAMETHYLINDANOPYRAN, LIMONENE, CRAMBE MARITIMA LEAF EXTRACT, LINALOOL, CITRUS AURANTIUM BERGAMIA (BERGAMOT) PEEL OIL, GLYCERIN, BENZOIC ACID, LEVULINIC ACID, P-ANISIC ACID",yes,yes,ja
Colour Protection Shine Restoring Volumising Shampoo,en,https://image.labiosthetique.com/i/square-1440/m2-product:colour_protection_shine_restoring_volumising_shampoo_389979_250ml_e185c95.jpg/feed-media.jpg,https://www.labiosthetique.de/colour-protection-shine-restoring-shampoo?childSku=4040218849233,/colour-protection-shine-restoring-shampoo?childSku=4040218849233,120415,"The sulphate-free shampoo cleanses the hair particularly gently, protects the hair colour against fading and being washed out and provides long-lasting colour brilliance.","27,00 €","108,00 € / 1 l",250 ml,Hair & scalp care,"Evenly distribute onto the hair and scalp, massage in, then rinse out thoroughly.","AQUA (WATER), SODIUM METHYL COCOYL TAURATE, COCAMIDOPROPYL BETAINE, DECYL GLUCOSIDE, SODIUM CHLORIDE, LACTIC ACID, POLYGLYCERYL-3 OLEATE, SODIUM BENZOATE, BUTYLENE GLYCOL, PARFUM (FRAGRANCE), BETAINE, HYDROXYPROPYL OXIDIZED STARCH PG-TRIMONIUM CHLORIDE, SODIUM LAUROYL OAT AMINO ACIDS, GLYCOLIPIDS, ACETIC ACID, TETRAMETHYL ACETYLOCTAHYDRONAPHTHALENES, STARCH HYDROXYPROPYLTRIMONIUM CHLORIDE, CITRIC ACID, SODIUM POLYPHOSPHATE, SODIUM LACTATE, UREA, HEXAMETHYLINDANOPYRAN, LIMONENE, CRAMBE MARITIMA LEAF EXTRACT, LINALOOL, CITRUS AURANTIUM BERGAMIA (BERGAMOT) PEEL OIL, GLYCERIN, BENZOIC ACID, LEVULINIC ACID, P-ANISIC ACID",yes,yes,ja
Spa Wellness Hair Conditioner,de,https://image.labiosthetique.com/i/square-1440/m2-product:spa_wellness_hair_conditioner_329891_50ml_8babdcd.jpg/feed-media.jpg,https://www.labiosthetique.de/spa-wellness-hair-conditioner?childSku=4040218856033,/spa-wellness-hair-conditioner?childSku=4040218856033,120383,Wellness-Haarpflegespülung für die tägliche Pflege nach dem Waschen.,"10,00 €","200,00 € / 1 l",50 ml,Haar- & Kopfhautpflege,Eine haselnussgroße Menge im handtuchtrockenen Haar verteilen. Nach 2 Minuten Einwirkzeit mit warmem Wasser ausspülen.,"AQUA (WATER), CETEARYL ALCOHOL, PARFUM (FRAGRANCE), INULIN, CETRIMONIUM CHLORIDE, TETRAMETHYL ACETYLOCTAHYDRONAPHTHALENES, METHYLPROPANEDIOL, LIMONENE, ALPHA-GLUCAN OLIGOSACCHARIDE, LACTIC ACID, ETHYLHEXYLGLYCERIN, CITRUS LIMON PEEL OIL, CITRUS AURANTIUM PEEL OIL, SODIUM GLUCONATE, SODIUM LACTATE, CAPRYLHYDROXAMIC ACID, PINENE, CITRAL, CITRIC ACID, BENZOIC ACID",yes,no,ja
Spa Wellness Hair Conditioner,en,https://image.labiosthetique.com/i/square-1440/m2-product:spa_wellness_hair_conditioner_329891_50ml_8babdcd.jpg/feed-media.jpg,https://www.labiosthetique.de/spa-wellness-hair-conditioner?childSku=4040218856033,/spa-wellness-hair-conditioner?childSku=4040218856033,120383,A wellness hair conditioner for daily use after washing your hair.,"10,00 €","200,00 € / 1 l",50 ml,Hair & scalp care,"Distribute a hazelnut-sized amount into towel-dried hair. Leave on for two minutes, then rinse out with warm water.","AQUA (WATER), CETEARYL ALCOHOL, PARFUM (FRAGRANCE), INULIN, CETRIMONIUM CHLORIDE, TETRAMETHYL ACETYLOCTAHYDRONAPHTHALENES, METHYLPROPANEDIOL, LIMONENE, ALPHA-GLUCAN OLIGOSACCHARIDE, LACTIC ACID, ETHYLHEXYLGLYCERIN, CITRUS LIMON PEEL OIL, CITRUS AURANTIUM PEEL OIL, SODIUM GLUCONATE, SODIUM LACTATE, CAPRYLHYDROXAMIC ACID, PINENE, CITRAL, CITRIC ACID, BENZOIC ACID",yes,no,ja
Skin Care Set Méthode Sensitive,de,https://image.labiosthetique.com/i/square-1440/m2-product:skin_care_set_m_thode_sensitive_411784_1Set_9798982.jpg/feed-media.jpg,https://www.labiosthetique.de/skin-care-set-methode-sensitive,/skin-care-set-methode-sensitive,123198,"Das Méthode Sensitive Set bietet eine sanfte, beruhigende Gesichtspflege-Routine. Eine Reinigung, ein Toner und zwei Cremes pflegen empfindliche Haut, reduzieren Rötungen und stärken die Hautbarriere für ein ausgeglichenes, entspanntes Hautbild.","30,00 €",0,1 set,Hautpflege,"Die Comforting Micellar Cleansing Milk morgens und abends auf Gesicht, Hals und Dekolleté auftragen, mit Wasser emulgieren und gründlich abspülen. Gleich anschließend den Comforting Hydro Toner auf die noch leicht feuchte Haut auftragen. Die Pflegeroutine je nach dem momentanen Hautbedürfnis mit der befeuchtenden Comforting Hydro Cream oder der reichhaltigen Comforting Lipid Cream abschließen (z.B. Comforting Hydro Cream am Morgen, Comforting Lipid Cream am Abend).","Comforting Micellar Cleansing Milk: INGREDIENTS: AQUA (WATER), DECYL OLEATE, CAPRYLIC/CAPRIC TRIGLYCERIDE, C14-22 ALCOHOLS, HYDROGENATED COCO-GLYCERIDES, C12-20 ALKYL GLUCOSIDE, SODIUM LAUROYL OAT AMINO ACIDS, HYDROXYACETOPHENONE, SODIUM STEAROYL GLUTAMATE, XANTHAN GUM, 1,2-HEXANEDIOL, CAPRYLYL GLYCOL Comforting Hydro Toner: INGREDIENTS: AQUA (WATER), GLYCERIN, SORBITOL, HYDROXYPHENYL PROPAMIDOBENZOIC ACID, PANTHENOL, ASCORBYL PALMITATE, TOCOPHEROL, ETHYLHEXYLGLYCERIN, BUTYLENE GLYCOL, PENTYLENE GLYCOL, CITRIC ACID, PHENOXYETHANOL Comforting Hydro Cream: INGREDIENTS: AQUA (WATER), GLYCERIN, CAPRYLIC/CAPRIC TRIGLYCERIDE, SQUALANE, PROPYLHEPTYL CAPRYLATE, HYDROGENATED COCO-GLYCERIDES, CETEARYL ALCOHOL, CETEARYL GLUCOSIDE , CETYL PALMITATE, AVENA SATIVA (OAT) KERNEL EXTRACT, LACTOBACILLUS FERMENT, MYROTHAMNUS FLABELLIFOLIA LEAF/STEM EXTRACT, BRASSICA CAMPESTRIS (RAPESEED) STEROLS, CETYLHYDROXYPROLINE PALMITAMIDE, TOCOPHEROL, LECITHIN, HYDROXYACETOPHENONE, POTASSIUM CETYL PHOSPHATE, GLYCERYL STEARATE, PALMITIC ACID, STEARIC ACID, BEHENYL ALCOHOL, CETYL ALCOHOL, LAURYL ALCOHOL, MYRISTYL ALCOHOL, GLYCINE SOJA (SOYBEAN) OIL, 1,2-HEXANEDIOL, CAPRYLYL GLYCOL, SODIUM BENZOATE, POTASSIUM SORBATE Comforting Lipid Cream: INGREDIENTS: AQUA (WATER), HYDROGENATED VEGETABLE OIL, SQUALANE, CANOLA OIL, GLYCERIN, CAPRYLIC/CAPRIC TRIGLYCERIDE, HYDROGENATED CASTOR OIL, POLYGLYCERYL-3 POLYRICINOLEATE, SORBITAN ISOSTEARATE, AVENA SATIVA (OAT) KERNEL OIL, AVENA SATIVA (OAT) KERNEL EXTRACT, LACTOBACILLUS FERMENT, MYROTHAMNUS FLABELLIFOLIA LEAF/STEM EXTRACT, HYDROXYACETOPHENONE, TOCOPHEROL, GLYCINE SOJA (SOYBEAN) OIL, MAGNESIUM SULFATE, 1,2-HEXANEDIOL, CAPRYLYL GLYCOL, STEARALKONIUM BENTONITE, PROPYLENE CARBONATE, SODIUM BENZOATE, POTASSIUM SORBATE, CITRIC ACID",yes,yes,ja
Skin Care Set Méthode Sensitive,en,https://image.labiosthetique.com/i/square-1440/m2-product:skin_care_set_m_thode_sensitive_411784_1Set_9798982.jpg/feed-media.jpg,https://www.labiosthetique.de/skin-care-set-methode-sensitive,/skin-care-set-methode-sensitive,123198,"The Méthode Sensitive Set offers a gentle, calming facial care routine. A cleanser, a toner and two creams care for sensitive skin, reduce redness and strengthen the skin barrier for a balanced, relaxed complexion.","30,00 €",0,1 set,Skin care,"In the morning and evening, apply Comforting Micellar Cleansing Milk to the face, neck and décolleté, lather it with water and rinse it off thoroughly. Immediately afterwards, apply Comforting Hydro Toner to the still slightly moist skin. Depending on the current needs of the skin, finish the care routine with the hydrating Comforting Hydro Cream or the rich Comforting Lipid Cream (e.g. Comforting Hydro Cream in the morning and Comforting Lipid Cream in the evening).","Comforting Micellar Cleansing Milk: INGREDIENTS: AQUA (WATER), DECYL OLEATE, CAPRYLIC/CAPRIC TRIGLYCERIDE, C14-22 ALCOHOLS, HYDROGENATED COCO-GLYCERIDES, C12-20 ALKYL GLUCOSIDE, SODIUM LAUROYL OAT AMINO ACIDS, HYDROXYACETOPHENONE, SODIUM STEAROYL GLUTAMATE, XANTHAN GUM, 1,2-HEXANEDIOL, CAPRYLYL GLYCOL Comforting Hydro Toner: INGREDIENTS: AQUA (WATER), GLYCERIN, SORBITOL, HYDROXYPHENYL PROPAMIDOBENZOIC ACID, PANTHENOL, ASCORBYL PALMITATE, TOCOPHEROL, ETHYLHEXYLGLYCERIN, BUTYLENE GLYCOL, PENTYLENE GLYCOL, CITRIC ACID, PHENOXYETHANOL Comforting Hydro Cream: INGREDIENTS: AQUA (WATER), GLYCERIN, CAPRYLIC/CAPRIC TRIGLYCERIDE, SQUALANE, PROPYLHEPTYL CAPRYLATE, HYDROGENATED COCO-GLYCERIDES, CETEARYL ALCOHOL, CETEARYL GLUCOSIDE , CETYL PALMITATE, AVENA SATIVA (OAT) KERNEL EXTRACT, LACTOBACILLUS FERMENT, MYROTHAMNUS FLABELLIFOLIA LEAF/STEM EXTRACT, BRASSICA CAMPESTRIS (RAPESEED) STEROLS, CETYLHYDROXYPROLINE PALMITAMIDE, TOCOPHEROL, LECITHIN, HYDROXYACETOPHENONE, POTASSIUM CETYL PHOSPHATE, GLYCERYL STEARATE, PALMITIC ACID, STEARIC ACID, BEHENYL ALCOHOL, CETYL ALCOHOL, LAURYL ALCOHOL, MYRISTYL ALCOHOL, GLYCINE SOJA (SOYBEAN) OIL, 1,2-HEXANEDIOL, CAPRYLYL GLYCOL, SODIUM BENZOATE, POTASSIUM SORBATE Comforting Lipid Cream: INGREDIENTS: AQUA (WATER), HYDROGENATED VEGETABLE OIL, SQUALANE, CANOLA OIL, GLYCERIN, CAPRYLIC/CAPRIC TRIGLYCERIDE, HYDROGENATED CASTOR OIL, POLYGLYCERYL-3 POLYRICINOLEATE, SORBITAN ISOSTEARATE, AVENA SATIVA (OAT) KERNEL OIL, AVENA SATIVA (OAT) KERNEL EXTRACT, LACTOBACILLUS FERMENT, MYROTHAMNUS FLABELLIFOLIA LEAF/STEM EXTRACT, HYDROXYACETOPHENONE, TOCOPHEROL, GLYCINE SOJA (SOYBEAN) OIL, MAGNESIUM SULFATE, 1,2-HEXANEDIOL, CAPRYLYL GLYCOL, STEARALKONIUM BENTONITE, PROPYLENE CARBONATE, SODIUM BENZOATE, POTASSIUM SORBATE, CITRIC ACID",yes,yes,ja
Dermosthétique Hyaluronic Acid Hydrating Capsules,de,https://image.labiosthetique.com/i/square-1440/m2-product:dermosth_tique_hyaluronic_acid_hydrating_capsules_412975_20Kapseln_58f8626.jpg/feed-media.jpg,https://www.labiosthetique.de/dermosthetique-hyaluronic-acid-hydrating-capsules?childSku=4040218891133,/dermosthetique-hyaluronic-acid-hydrating-capsules?childSku=4040218891133,003299,"Mit Wirkstoffen aus dem Meer und hoch konzentrierten Lipidextrakten spendet jede Kapsel vielschichtige Feuchtigkeit und bewahrt sie in der Haut, die sofort glatter, fester und geschmeidig zart wird.","38,00 €",0,20 capsules,Hautpflege,"Das Hydro-Lipogel täglich morgens und/oder abends auf der gereinigten, tonifizierten Haut anwenden. Dazu den Kapselverschluss zum Öffnen mehrmals drehen oder abschneiden, dann den Inhalt einer Kapsel mit den Fingerspitzen sanft auftragen.","DIMETHICONE, TRISILOXANE, DIMETHICONE CROSSPOLYMER, ETHYLHEXYL PALMITATE, DIMETHICONOL, SODIUM HYALURONATE, GLUCOMANNAN, SALICORNIA HERBACEA EXTRACT, ETHYL FERULATE, ROSMARINUS OFFICINALIS (ROSEMARY) LEAF EXTRACT , CRITHMUM MARITIMUM EXTRACT, HELIANTHUS ANNUUS (SUNFLOWER) SEED OIL, CAPRYLIC/CAPRIC TRIGLYCERIDE, PARFUM (FRAGRANCE), TOCOPHEROL, TRIHYDROXYSTEARIN",no,no,ja
Dermosthétique Hyaluronic Acid Hydrating Capsules,en,https://image.labiosthetique.com/i/square-1440/m2-product:dermosth_tique_hyaluronic_acid_hydrating_capsules_412975_20Kapseln_58f8626.jpg/feed-media.jpg,https://www.labiosthetique.de/dermosthetique-hyaluronic-acid-hydrating-capsules?childSku=4040218891133,/dermosthetique-hyaluronic-acid-hydrating-capsules?childSku=4040218891133,003299,"With active ingredients from the sea and highly concentrated lipid extracts, each capsule supplies multifaceted moisture and locks it into the skin, which instantly becomes smoother, firmer and silky soft.","38,00 €",0,20 capsules,Skin care,"Apply the hydro lipogel to cleansed, toned skin every day in the morning and/or evening. First, twist the capsule closure several times or snip it off to open, then use your fingertips to gently apply the contents of one capsule.","DIMETHICONE, TRISILOXANE, DIMETHICONE CROSSPOLYMER, ETHYLHEXYL PALMITATE, DIMETHICONOL, SODIUM HYALURONATE, GLUCOMANNAN, SALICORNIA HERBACEA EXTRACT, ETHYL FERULATE, ROSMARINUS OFFICINALIS (ROSEMARY) LEAF EXTRACT , CRITHMUM MARITIMUM EXTRACT, HELIANTHUS ANNUUS (SUNFLOWER) SEED OIL, CAPRYLIC/CAPRIC TRIGLYCERIDE, PARFUM (FRAGRANCE), TOCOPHEROL, TRIHYDROXYSTEARIN",no,no,ja
Eyeshadow Pen Parchment,de,https://image.labiosthetique.com/i/square-1440/m2-product:eyeshadow_pen_parchment_418570_1_4g_0ae526e.jpg/feed-media.jpg,https://www.labiosthetique.de/eyeshadow-pen?childSku=4040218895933,/eyeshadow-pen?childSku=4040218895933,016335,"Als Lidschatten oder Eyeliner anwendbar: Eyeshadow Pen mit cremig weicher Textur, die sich einfach auftragen und verblenden lässt","23,50 €",0,"1,4 g",Make-Up,Den Eyeshadow Pen als Lidschatten auf das gesamte Oberlid oder als Eyeliner entlang des Wimpernkranzes auftragen. Mit den Fingern oder einem Pinsel lässt sich die Farbe auch einfach verblenden. Tipp: Für Smokey Eyes den Lidschatten am äußeren Lidrand intensiver auftragen und nach oben hin verblenden.,"DIMETHICONE, SILICA, ISOAMYL COCOATE, CI 77891 (TITANIUM DIOXIDE), SUCROSE TETRASTEARATE TRIACETATE, MICA, POLYBUTENE, HYDROGENATED JOJOBA OIL, SYNTHETIC WAX, TRIMETHYLSILOXYSILICATE/DIMETHICONOL CROSSPOLYMER, SILICA SILYLATE, GLYCERYL CAPRYLATE, CI 19140 (YELLOW 5 LAKE), PENTAERYTHRITYL TETRA-DI-T-BUTYL HYDROXYHYDROCINNAMATE, CI 77491 (IRON OXIDES), ETHYLENE/METHACRYLATE COPOLYMER, ISOPROPYL TITANIUM TRIISOSTEARATE/METHICONE CROSSPOLYMER",no,yes,ja
Eyeshadow Pen Parchment,en,https://image.labiosthetique.com/i/square-1440/m2-product:eyeshadow_pen_parchment_418570_1_4g_0ae526e.jpg/feed-media.jpg,https://www.labiosthetique.de/eyeshadow-pen?childSku=4040218895933,/eyeshadow-pen?childSku=4040218895933,016335,Can be used as an eyeshadow or an liner: Eyeshadow Pen with a soft and creamy texture that is easy to apply and blend,"23,50 €",0,"1,4 g",Make-up,Apply the Eyeshadow Pen as an eyeshadow to the whole top lid or as an eyeliner along the lashes. The colour is easy to blend with the fingers or a brush.,"DIMETHICONE, SILICA, ISOAMYL COCOATE, CI 77891 (TITANIUM DIOXIDE), SUCROSE TETRASTEARATE TRIACETATE, MICA, POLYBUTENE, HYDROGENATED JOJOBA OIL, SYNTHETIC WAX, TRIMETHYLSILOXYSILICATE/DIMETHICONOL CROSSPOLYMER, SILICA SILYLATE, GLYCERYL CAPRYLATE, CI 19140 (YELLOW 5 LAKE), PENTAERYTHRITYL TETRA-DI-T-BUTYL HYDROXYHYDROCINNAMATE, CI 77491 (IRON OXIDES), ETHYLENE/METHACRYLATE COPOLYMER, ISOPROPYL TITANIUM TRIISOSTEARATE/METHICONE CROSSPOLYMER",no,yes,ja
Magic Shadow 28 Ivory,de,https://image.labiosthetique.com/i/square-1440/m2-product:magic_shadow_28_ivory_247555_2_5g_f065730.jpg/feed-media.jpg,https://www.labiosthetique.de/magic-shadow?childSku=4040218812732,/magic-shadow?childSku=4040218812732,016545,Der Puder-Lidschatten zaubert mit seinen pudrigen Farbpigmenten magische Akzente auf die Augenlider.,"25,00 €",0,"2,5 g",Make-Up,"Magic Shadow einfach mit den Fingern, dem Lidschattenapplikator oder einem Pinsel in gewünschter Form und Farbintensität auf das Lid auftragen.","TALC, MICA, CI 77891 (TITANIUM DIOXIDE), PENTAERYTHRITYL TETRAISOSTEARATE, ZEA MAYS (CORN) STARCH, OCTYLDODECYL STEAROYL STEARATE, PHENYL TRIMETHICONE, ZINC STEARATE, CI 16035 (RED 40 LAKE), CI 77491 (IRON OXIDES), SILICA, SORBIC ACID, CI 77007 (ULTRAMARINES), SODIUM DEHYDROACETATE, GLYCINE SOJA (SOYBEAN) OIL, BISABOLOL, TIN OXIDE, CALENDULA OFFICINALIS FLOWER EXTRACT, TOCOPHEROL",no,no,nein
Magic Shadow 28 Ivory,en,https://image.labiosthetique.com/i/square-1440/m2-product:magic_shadow_28_ivory_247555_2_5g_f065730.jpg/feed-media.jpg,https://www.labiosthetique.de/magic-shadow?childSku=4040218812732,/magic-shadow?childSku=4040218812732,016545,The powder eyeshadow contains powdery colour pigments to magically give the eyelids enchanting accents.,"25,00 €",0,"2,5 g",Make-up,"Simply apply Magic Shadow to the lid with the fingers, the eyeshadow applicator or a brush in the desired shape and colour intensity.","TALC, MICA, CI 77891 (TITANIUM DIOXIDE), PENTAERYTHRITYL TETRAISOSTEARATE, ZEA MAYS (CORN) STARCH, OCTYLDODECYL STEAROYL STEARATE, PHENYL TRIMETHICONE, ZINC STEARATE, CI 16035 (RED 40 LAKE), CI 77491 (IRON OXIDES), SILICA, SORBIC ACID, CI 77007 (ULTRAMARINES), SODIUM DEHYDROACETATE, GLYCINE SOJA (SOYBEAN) OIL, BISABOLOL, TIN OXIDE, CALENDULA OFFICINALIS FLOWER EXTRACT, TOCOPHEROL",no,no,nein
Dermosthétique Hyaluronic Acid Hydrating Concentrate,de,https://image.labiosthetique.com/i/square-1440/m2-product:dermosth_tique_hyaluronic_acid_hydrating_concentrate_247945_30ml_55fe8af.jpg/feed-media.jpg,https://www.labiosthetique.de/dermosthetique-hyaluronic-acid-hydrating-concentrate,/dermosthetique-hyaluronic-acid-hydrating-concentrate,002282,"Das hoch effektive Hydro Konzentrat mit Hyaluronsäure versorgt die Haut intensiv mit Feuchtigkeit, polstert sie von innen her auf, mindert Fältchen und verfeinert die Hautstruktur.","85,00 €","2.833,33 € / 1 l",30 ml,Hautpflege,"Morgens und abends 3-4 Tropfen des Konzentrats auf der gereinigten und tonifizierten Haut an Gesicht, Hals und Dekolleté verteilen und leicht einmassieren. Anschließend mit der gewohnten Pflege fortfahren.","AQUA (WATER), PENTYLENE GLYCOL, SODIUM HYALURONATE, SODIUM HYALURONATE CROSSPOLYMER, XYLITYLGLUCOSIDE, ANHYDROXYLITOL, XYLITOL, COPPER GLUCONATE, CHONDRUS CRISPUS (CARRAGEENAN) EXTRACT, LITHOTHAMNIUM CALCAREUM EXTRACT, HYDROXYACETOPHENONE, PHENOXYETHANOL, CAPRYLYL GLYCOL, GLUCOSE",yes,yes,ja
Dermosthétique Hyaluronic Acid Hydrating Concentrate,en,https://image.labiosthetique.com/i/square-1440/m2-product:dermosth_tique_hyaluronic_acid_hydrating_concentrate_247945_30ml_55fe8af.jpg/feed-media.jpg,https://www.labiosthetique.de/dermosthetique-hyaluronic-acid-hydrating-concentrate,/dermosthetique-hyaluronic-acid-hydrating-concentrate,002282,"The highly effective hydro concentrate with hyaluronic acid supplies the skin with intensive moisture, pads it from within, reduces fine lines and refines the skin structure.","85,00 €","2.833,33 € / 1 l",30 ml,Skin care,"In the morning and evening, distribute three to four drops of the concentrate onto the cleansed and toned skin of the face, neck and décolleté and lightly massage in, then continue with your usual care.","AQUA (WATER), PENTYLENE GLYCOL, SODIUM HYALURONATE, SODIUM HYALURONATE CROSSPOLYMER, XYLITYLGLUCOSIDE, ANHYDROXYLITOL, XYLITOL, COPPER GLUCONATE, CHONDRUS CRISPUS (CARRAGEENAN) EXTRACT, LITHOTHAMNIUM CALCAREUM EXTRACT, HYDROXYACETOPHENONE, PHENOXYETHANOL, CAPRYLYL GLYCOL, GLUCOSE",yes,yes,ja
Vitalising Scalp Concentrate,de,https://image.labiosthetique.com/i/square-1440/m2-product:vitalising_scalp_concentrate_384380_100ml_20f402e.jpg/feed-media.jpg,https://www.labiosthetique.de/vitalising-scalp-concentrate,/vitalising-scalp-concentrate,120626,"Die Ampullenkur nährt die Kopfhaut und verbessert spürbar und sichtbar die Qualität von Haaren mit nachlassender Fülle, Sprungkraft und Widerstandskraft infolge von Störungen im Bereich essenzieller Spurenelemente, Mineralien und Vitamine. Für alle Liebhaber von Ergines Plus Vital wird dies Ihr neues Lieblingsprodukt.","76,50 €","765,00 € / 1 l",100 ml,Haar- & Kopfhautpflege,Mindestens 1 Mal pro Woche 2/3 des Ampulleninhalts scheitelweise auf der Kopfhaut verteilen und leicht einmassieren. 1/3 des Ampulleninhalts gleichmäßig im Haar verteilen und mit den Fingern leicht einkneten.,"AQUA (WATER), ALCOHOL DENAT., PEG-40 HYDROGENATED CASTOR OIL, PHENOXYETHANOL, ZINC GLUCONATE, COPPER GLUCONATE, ETHYLHEXYLGLYCERIN, HYDROLYZED YEAST PROTEIN, CHLORELLA VULGARIS/LUPINUS ALBUS PROTEIN FERMENT, BUTYLENE GLYCOL, PENTYLENE GLYCOL, PYRIDOXINE HCL, SODIUM BENZOATE, THIAMINE HCL, POTASSIUM SORBATE, TOCOPHEROL",yes,yes,ja
Vitalising Scalp Concentrate,en,https://image.labiosthetique.com/i/square-1440/m2-product:vitalising_scalp_concentrate_384380_100ml_20f402e.jpg/feed-media.jpg,https://www.labiosthetique.de/vitalising-scalp-concentrate,/vitalising-scalp-concentrate,120626,"The ampoule treatment nourishes the scalp and noticeably and visibly improves the quality of hair lacking in body, bounce and resilience due to deficiencies in essential trace elements, minerals and vitamins.","76,50 €","765,00 € / 1 l",100 ml,Hair & scalp care,"At least once a week, apply two-thirds of the contents of one ampoule to the scalp along the parting and massage in gently. Distribute the remaining third evenly in the hair and knead in gently with your fingers.","AQUA (WATER), ALCOHOL DENAT., PEG-40 HYDROGENATED CASTOR OIL, PHENOXYETHANOL, ZINC GLUCONATE, COPPER GLUCONATE, ETHYLHEXYLGLYCERIN, HYDROLYZED YEAST PROTEIN, CHLORELLA VULGARIS/LUPINUS ALBUS PROTEIN FERMENT, BUTYLENE GLYCOL, PENTYLENE GLYCOL, PYRIDOXINE HCL, SODIUM BENZOATE, THIAMINE HCL, POTASSIUM SORBATE, TOCOPHEROL",yes,yes,ja
Purifying Dandruff Shampoo,de,https://image.labiosthetique.com/i/square-1440/m2-product:purifying_dandruff_shampoo_387020_250ml_0e33ccd.jpg/feed-media.jpg,https://www.labiosthetique.de/purifying-dandruff-shampoo,/purifying-dandruff-shampoo,120543,"Das parfumfreie Shampoo befreit schonend und gründlich von Schuppen und beugt deren Neubildung vor. Es schafft Linderung bei irritierter Kopfhaut, bringt sie in ihr gesundes Gleichgewicht und ermöglicht ein optimales Haarwachstum. Für alle Liebhaber von Dermosthétique Shampooing Apaisant wird dies Ihr neues Lieblingsprodukt.","38,50 €","154,00 € / 1 l",250 ml,Haar- & Kopfhautpflege,"Gleichmäßig auf der Kopfhaut und im Haar verteilen, kurz einwirken lassen, anschließend gründlich ausspülen.","AQUA (WATER), SODIUM LAURETH SULFATE, COCAMIDOPROPYL BETAINE, PIROCTONE OLAMINE, SODIUM LAUROYL OAT AMINO ACIDS, SODIUM CHLORIDE, GLYCOL DISTEARATE, HYDROXYACETOPHENONE, BUTYLENE GLYCOL, PENTYLENE GLYCOL, HYDROXYPROPYL OXIDIZED STARCH PG-TRIMONIUM CHLORIDE, SUCCINIC ACID, DISODIUM LAURYL SULFOSUCCINATE, GLYCERIN, ALLANTOIN, GLYCERYL LAURATE, BENZOIC ACID, STARCH HYDROXYPROPYLTRIMONIUM CHLORIDE, SODIUM LACTATE, HYDROXYPHENYL PROPAMIDOBENZOIC ACID, UREA, SODIUM BENZOATE, LACTIC ACID, PHENOXYETHANOL, TETRASODIUM EDTA, LEVULINIC ACID, ETHYLHEXYLGLYCERIN, ASCORBYL PALMITATE, P-ANISIC ACID",yes,yes,ja
Purifying Dandruff Shampoo,en,https://image.labiosthetique.com/i/square-1440/m2-product:purifying_dandruff_shampoo_387020_250ml_0e33ccd.jpg/feed-media.jpg,https://www.labiosthetique.de/purifying-dandruff-shampoo,/purifying-dandruff-shampoo,120543,"The perfume-free shampoo removes dandruff gently yet thoroughly and prevents it from reforming. It soothes irritated scalps, restores their natural balance and facilitates perfect hair growth. For all lovers of Dermosthétique Shampooing Apaisant this will be your new favorite product.","38,50 €","154,00 € / 1 l",250 ml,Hair & scalp care,"Distribute evenly on the scalp and into the hair, briefly leave to take effect, then rinse out thoroughly.","AQUA (WATER), SODIUM LAURETH SULFATE, COCAMIDOPROPYL BETAINE, PIROCTONE OLAMINE, SODIUM LAUROYL OAT AMINO ACIDS, SODIUM CHLORIDE, GLYCOL DISTEARATE, HYDROXYACETOPHENONE, BUTYLENE GLYCOL, PENTYLENE GLYCOL, HYDROXYPROPYL OXIDIZED STARCH PG-TRIMONIUM CHLORIDE, SUCCINIC ACID, DISODIUM LAURYL SULFOSUCCINATE, GLYCERIN, ALLANTOIN, GLYCERYL LAURATE, BENZOIC ACID, STARCH HYDROXYPROPYLTRIMONIUM CHLORIDE, SODIUM LACTATE, HYDROXYPHENYL PROPAMIDOBENZOIC ACID, UREA, SODIUM BENZOATE, LACTIC ACID, PHENOXYETHANOL, TETRASODIUM EDTA, LEVULINIC ACID, ETHYLHEXYLGLYCERIN, ASCORBYL PALMITATE, P-ANISIC ACID",yes,yes,ja
Moisture Control Scalp Lotion,de,https://image.labiosthetique.com/i/square-1440/m2-product:moisture_control_scalp_lotion_395151_100ml_93e0584.jpg/feed-media.jpg,https://www.labiosthetique.de/moisture-control-scalp-lotion,/moisture-control-scalp-lotion,120334,"Die Pflegelotion neutralisiert die durch starkes Schwitzen freigesetzten aggressiven Substanzen und beruhigt die Kopfhaut. Die Talgdrüsenfunktion wird in ihre natürliche Balance zurückgebracht, der Zellstoffwechsel der Kopfhaut wird normalisiert und die Haarqualität verbessert. Die Frisur bleibt länger frisch und fällt nicht zusammen. Für alle Liebhaber von Lotion Hydrotoxa wird dies Ihr neues Lieblingsprodukt.","31,00 €","310,00 € / 1 l",100 ml,Haar- & Kopfhautpflege,Nach der Haarwäsche scheitelweise auf die Kopfhaut auftragen und sanft einmassieren. Nicht ausspülen.,"AQUA (WATER), ALCOHOL DENAT., PROPANEDIOL, NIACINAMIDE, LYSINE ASPARTATE, ETHOXYDIGLYCOL, FOMES OFFICINALIS (MUSHROOM) EXTRACT, SODIUM BENZOATE, COCO-BETAINE, SODIUM CHLORIDE, LACTIC ACID, PARFUM (FRAGRANCE), TETRAMETHYL ACETYLOCTAHYDRONAPHTHALENES, LIMONENE, CITRUS LIMON (LEMON) PEEL OIL, PINENE",yes,yes,ja
Moisture Control Scalp Lotion,en,https://image.labiosthetique.com/i/square-1440/m2-product:moisture_control_scalp_lotion_395151_100ml_93e0584.jpg/feed-media.jpg,https://www.labiosthetique.de/moisture-control-scalp-lotion,/moisture-control-scalp-lotion,120334,"The care lotion neutralises the aggressive substances released by extreme perspiration and calms the scalp. The natural balance of the sebaceous gland function is restored, the cell metabolism of the scalp is normalised and the quality of the hair is improved. As a result, the style stays fresh for longer and does not collapse.","31,00 €","310,00 € / 1 l",100 ml,Hair & scalp care,"After washing the hair, apply the lotion to the scalp along the parting and gently massage it in. Do not rinse out.","AQUA (WATER), ALCOHOL DENAT., PROPANEDIOL, NIACINAMIDE, LYSINE ASPARTATE, ETHOXYDIGLYCOL, FOMES OFFICINALIS (MUSHROOM) EXTRACT, SODIUM BENZOATE, COCO-BETAINE, SODIUM CHLORIDE, LACTIC ACID, PARFUM (FRAGRANCE), TETRAMETHYL ACETYLOCTAHYDRONAPHTHALENES, LIMONENE, CITRUS LIMON (LEMON) PEEL OIL, PINENE",yes,yes,ja
Belesthétique The Eye Cream,de,https://image.labiosthetique.com/i/square-1440/m2-product:belesth_tique_the_eye_cream_247899_15ml_e46b486.jpg/feed-media.jpg,https://www.labiosthetique.de/belesthetique-the-eye-cream,/belesthetique-the-eye-cream,002329,"Mit Wirkkomplexen aus exklusiven Pflanzenextrakten entspannt, liftet und definiert The Eye Cream die empfindliche Haut um Augen sowie Lippen und gibt ihr auf natürliche Weise die jugendliche Ausstrahlung zurück.","109,50 €","7.300,00 € / 1 l",15 ml,Hautpflege,The Eye Cream morgens und abends nach der Gesichtsreinigung auf die empfindliche Haut der Augen- sowie Lippenkontur auftragen.,"AQUA (WATER), CAPRYLIC/CAPRIC TRIGLYCERIDE, GLYCERIN, SQUALANE, CETEARYL ETHYLHEXANOATE, CETEARYL OLIVATE, HYDROGENATED COCO-GLYCERIDES, SACCHARIDE ISOMERATE, PENTAERYTHRITYL DISTEARATE, SORBITAN OLIVATE, BELLIS PERENNIS FLOWER EXTRACT, HELIANTHUS ANNUUS (SUNFLOWER) SEED OIL, LAUROYL LYSINE, PROPANEDIOL, HIERACIUM PILOSELLA EXTRACT, BUTYLENE GLYCOL, POTASSIUM CETYL PHOSPHATE, MICROCRYSTALLINE CELLULOSE, PHENOXYETHANOL, PARFUM (FRAGRANCE), ACMELLA OLERACEA EXTRACT, ISOPROPYL MYRISTATE, XANTHAN GUM, TUBER MAGNATUM EXTRACT, BEHENYL ALCOHOL, GLYCERYL STEARATE, TETRAMETHYL ACETYLOCTAHYDRONAPHTHALENES, PALMITIC ACID, CELLULOSE GUM, SODIUM CITRATE, STEARIC ACID, BENZOIC ACID, ETHYL FERULATE, CITRIC ACID, LECITHIN, DEHYDROACETIC ACID, CERAMIDE NG, IRIS FLORENTINA ROOT EXTRACT, CITRUS AURANTIUM BERGAMIA (BERGAMOT) PEEL OIL, TOCOPHEROL, ALPHA-ISOMETHYL IONONE, CETYL ALCOHOL, LAURYL ALCOHOL, LUPINUS ALBUS SEED EXTRACT, MYRISTYL ALCOHOL, ASCORBYL PALMITATE, SODIUM BENZOATE, LIMONENE, LINALOOL, ROSMARINUS OFFICINALIS (ROSEMARY) LEAF EXTRACT , LINALYL ACETATE, GERANIOL, SODIUM DEHYDROACETATE, TERPINEOL, HYDROGENATED PALM GLYCERIDES CITRATE, PINENE, POTASSIUM SORBATE",yes,yes,ja
Belesthétique The Eye Cream,en,https://image.labiosthetique.com/i/square-1440/m2-product:belesth_tique_the_eye_cream_247899_15ml_e46b486.jpg/feed-media.jpg,https://www.labiosthetique.de/belesthetique-the-eye-cream,/belesthetique-the-eye-cream,002329,"With effect complexes of exclusive plant extracts, The Eye Cream relaxes, lifts and defines the sensitive skin around the eyes and lips and naturally restores its youthful radiance.","109,50 €","7.300,00 € / 1 l",15 ml,Skin care,Apply the Eye Cream to the sensitive eye contours and lipline every morning and evening after cleansing the face.,"AQUA (WATER), CAPRYLIC/CAPRIC TRIGLYCERIDE, GLYCERIN, SQUALANE, CETEARYL ETHYLHEXANOATE, CETEARYL OLIVATE, HYDROGENATED COCO-GLYCERIDES, SACCHARIDE ISOMERATE, PENTAERYTHRITYL DISTEARATE, SORBITAN OLIVATE, BELLIS PERENNIS FLOWER EXTRACT, HELIANTHUS ANNUUS (SUNFLOWER) SEED OIL, LAUROYL LYSINE, PROPANEDIOL, HIERACIUM PILOSELLA EXTRACT, BUTYLENE GLYCOL, POTASSIUM CETYL PHOSPHATE, MICROCRYSTALLINE CELLULOSE, PHENOXYETHANOL, PARFUM (FRAGRANCE), ACMELLA OLERACEA EXTRACT, ISOPROPYL MYRISTATE, XANTHAN GUM, TUBER MAGNATUM EXTRACT, BEHENYL ALCOHOL, GLYCERYL STEARATE, TETRAMETHYL ACETYLOCTAHYDRONAPHTHALENES, PALMITIC ACID, CELLULOSE GUM, SODIUM CITRATE, STEARIC ACID, BENZOIC ACID, ETHYL FERULATE, CITRIC ACID, LECITHIN, DEHYDROACETIC ACID, CERAMIDE NG, IRIS FLORENTINA ROOT EXTRACT, CITRUS AURANTIUM BERGAMIA (BERGAMOT) PEEL OIL, TOCOPHEROL, ALPHA-ISOMETHYL IONONE, CETYL ALCOHOL, LAURYL ALCOHOL, LUPINUS ALBUS SEED EXTRACT, MYRISTYL ALCOHOL, ASCORBYL PALMITATE, SODIUM BENZOATE, LIMONENE, LINALOOL, ROSMARINUS OFFICINALIS (ROSEMARY) LEAF EXTRACT , LINALYL ACETATE, GERANIOL, SODIUM DEHYDROACETATE, TERPINEOL, HYDROGENATED PALM GLYCERIDES CITRATE, PINENE, POTASSIUM SORBATE",yes,yes,ja
Automatic Pencil for Eyes K05 Black,de,https://image.labiosthetique.com/i/square-1440/m2-product:automatic_pencil_for_eyes_k05_black_247601_0_35g_4e240c3.jpg/feed-media.jpg,https://www.labiosthetique.de/automatic-pencil-for-eyes?childSku=4040218879131,/automatic-pencil-for-eyes?childSku=4040218879131,017353,"Der elegante Automatic Pencil vereint hochpigmentierte Farbkraft mit wasserfester Haltbarkeit. Die weiche, zurückdrehbare Mine erlaubt präzise Linien oder Schattierungen, die den ganzen Tag halten.","24,50 €",0,"0,35 g",Make-Up,Vom inneren Augenwinkel entlang des Wimpernkranzes eine Linie zum äußeren Augenwinkel ziehen. Bei Bedarf mit dem Blending Tool am Ende des Stiftes oder einem Pinsel aussoften. Korrekturen können sofort mit Make-up Entferner und einem Wattestäbchen vorgenommen werden.,"C9-12 ALKANE, BIS-BEHENYL/ISOSTEARYL/PHYTOSTERYL DIMER DILINOLEYL DIMER DILINOLEATE, MICA, SUCROSE TETRASTEARATE TRIACETATE, HYDROGENATED CASTOR OIL, SYNTHETIC WAX, COPERNICIA CERIFERA CERA (CARNAUBA WAX), POLYGLYCERYL-4 DIISOSTEARATE/POLYHYDROXYSTEARATE/SEBACATE, DISTEARDIMONIUM HECTORITE, TOCOPHEROL, PROPYLENE CARBONATE, CI 77499 (IRON OXIDES), CI 77510 (FERRIC FERROCYANIDE), CI 77266 (BLACK 2)(NANO)",no,no,ja
Automatic Pencil for Eyes K05 Black,en,https://image.labiosthetique.com/i/square-1440/m2-product:automatic_pencil_for_eyes_k05_black_247601_0_35g_4e240c3.jpg/feed-media.jpg,https://www.labiosthetique.de/automatic-pencil-for-eyes?childSku=4040218879131,/automatic-pencil-for-eyes?childSku=4040218879131,017353,"The elegant Automatic Pencil combines highly pigmented colour vibrancy with waterproof staying power. The soft, retractable lead allows users to draw precise lines or shading lasting all day long.","24,50 €",0,"0,35 g",Make-up,"Draw a line from the inner corner of the eye along the lash line to the outer corner of the eye. If needed, use the blending tool at the end of the pencil or a brush to soften the line. The line can be corrected immediately with make-up remover and a cotton bud.","C9-12 ALKANE, BIS-BEHENYL/ISOSTEARYL/PHYTOSTERYL DIMER DILINOLEYL DIMER DILINOLEATE, MICA, SUCROSE TETRASTEARATE TRIACETATE, HYDROGENATED CASTOR OIL, SYNTHETIC WAX, COPERNICIA CERIFERA CERA (CARNAUBA WAX), POLYGLYCERYL-4 DIISOSTEARATE/POLYHYDROXYSTEARATE/SEBACATE, DISTEARDIMONIUM HECTORITE, TOCOPHEROL, PROPYLENE CARBONATE, CI 77499 (IRON OXIDES), CI 77510 (FERRIC FERROCYANIDE), CI 77266 (BLACK 2)(NANO)",no,no,ja
Restoring Lipokerine B Shampoo,de,https://image.labiosthetique.com/i/square-1440/m2-product:restoring_lipokerine_b_shampoo_403645_250ml_4c89563.jpg/feed-media.jpg,https://www.labiosthetique.de/restoring-lipokerine-b-shampoo?childSku=4040218886931,/restoring-lipokerine-b-shampoo?childSku=4040218886931,120028,"Das sanft reinigende Shampoo stärkt den natürlichen Hydrolipidfilm der Kopfhaut, unterstützt die Feuchtigkeitsbindung und schützt Kopfhaut und Haar vor dem Austrocknen.","27,50 €","110,00 € / 1 l",250 ml,Haar- & Kopfhautpflege,Gleichmäßig auf der Kopfhaut und im Haar verteilen und kurz einwirken lassen. Anschließend gründlich ausspülen.,"AQUA (WATER), LAURYL GLUCOSIDE , SODIUM LAURETH SULFATE, SODIUM LAUROYL OAT AMINO ACIDS, SODIUM BENZOATE, FRUCTOOLIGOSACCHARIDES, C12-13 ALKYL LACTATE, BETA VULGARIS (BEET) ROOT EXTRACT, PANTHENOL, LACTIC ACID, PARFUM (FRAGRANCE), HYDROXYPROPYL OXIDIZED STARCH PG-TRIMONIUM CHLORIDE, PHENOXYETHANOL, SODIUM POLYPHOSPHATE, TETRAMETHYL ACETYLOCTAHYDRONAPHTHALENES, POTASSIUM LACTATE, STARCH HYDROXYPROPYLTRIMONIUM CHLORIDE, TETRASODIUM EDTA, SODIUM LACTATE, SODIUM CITRATE, ETHYLHEXYLGLYCERIN, LIMONENE, SODIUM CHLORIDE, UREA, GLYCERIN, CITRIC ACID, LEVULINIC ACID, P-ANISIC ACID, TOCOPHEROL",yes,yes,ja
Restoring Lipokerine B Shampoo,en,https://image.labiosthetique.com/i/square-1440/m2-product:restoring_lipokerine_b_shampoo_403645_250ml_4c89563.jpg/feed-media.jpg,https://www.labiosthetique.de/restoring-lipokerine-b-shampoo?childSku=4040218886931,/restoring-lipokerine-b-shampoo?childSku=4040218886931,120028,"The gently cleansing shampoo strengthens the scalp’s hydrolipid film, supports moisture binding and protects the scalp and hair from drying out.","27,50 €","110,00 € / 1 l",250 ml,Hair & scalp care,"Distribute evenly on the scalp and in the hair and briefly leave to take effect, then rinse out thoroughly.","AQUA (WATER), LAURYL GLUCOSIDE , SODIUM LAURETH SULFATE, SODIUM LAUROYL OAT AMINO ACIDS, SODIUM BENZOATE, FRUCTOOLIGOSACCHARIDES, C12-13 ALKYL LACTATE, BETA VULGARIS (BEET) ROOT EXTRACT, PANTHENOL, LACTIC ACID, PARFUM (FRAGRANCE), HYDROXYPROPYL OXIDIZED STARCH PG-TRIMONIUM CHLORIDE, PHENOXYETHANOL, SODIUM POLYPHOSPHATE, TETRAMETHYL ACETYLOCTAHYDRONAPHTHALENES, POTASSIUM LACTATE, STARCH HYDROXYPROPYLTRIMONIUM CHLORIDE, TETRASODIUM EDTA, SODIUM LACTATE, SODIUM CITRATE, ETHYLHEXYLGLYCERIN, LIMONENE, SODIUM CHLORIDE, UREA, GLYCERIN, CITRIC ACID, LEVULINIC ACID, P-ANISIC ACID, TOCOPHEROL",yes,yes,ja
Fresh Skin 2/2 Medium Beige,de,https://image.labiosthetique.com/i/square-1440/m2-product:fresh_skin_2_2_medium_beige_247815_30ml_e8974ae.jpg/feed-media.jpg,https://www.labiosthetique.de/fresh-skin?childSku=4040218845730,/fresh-skin?childSku=4040218845730,021029,"Feuchtigkeitsspender pflegen die Haut, ausgleichende Pigmente mindern Farbunebenheiten; für einen natürlich ebenmäßigen Teint in einer einzigen, einfachen Geste!","34,00 €",0,30 ml,Make-Up,Einfach mit den Fingern auf die gereinigte und mit Gesichtslotion angefeuchtete Haut auftragen und einarbeiten,"AQUA (WATER), GLYCERIN, CAPRYLIC/CAPRIC TRIGLYCERIDE, ETHYLHEXYL STEARATE, SQUALANE, HYDROGENATED COCO-GLYCERIDES, CETEARYL ALCOHOL, CI 77891 (TITANIUM DIOXIDE), CETYL PALMITATE, STEARIC ACID, PALMITIC ACID, MICA, GLYCERYL STEARATE, POTASSIUM PALMITOYL HYDROLYZED WHEAT PROTEIN, PHENOXYETHANOL, CI 77492 (IRON OXIDES), POTASSIUM CETYL PHOSPHATE, MICROCRYSTALLINE CELLULOSE, PARFUM (FRAGRANCE), XANTHAN GUM, TIN OXIDE, CI 77491 (IRON OXIDES), CI 77499 (IRON OXIDES), HYDROXYACETOPHENONE, CELLULOSE GUM, BENZOIC ACID, CAPRYLYL GLYCOL, TOCOPHEROL, DEHYDROACETIC ACID, LINALYL ACETATE, TETRAMETHYL ACETYLOCTAHYDRONAPHTHALENES, LIMONENE, HELIANTHUS ANNUUS (SUNFLOWER) SEED OIL, LINALOOL, CITRAL, PINENE",yes,yes,ja
Fresh Skin 2/2 Medium Beige,en,https://image.labiosthetique.com/i/square-1440/m2-product:fresh_skin_2_2_medium_beige_247815_30ml_e8974ae.jpg/feed-media.jpg,https://www.labiosthetique.de/fresh-skin?childSku=4040218845730,/fresh-skin?childSku=4040218845730,021029,"Moisturisers condition the skin, and balancing pigments reduce colour unevenness – for a naturally balanced complexion in one simple application!","34,00 €",0,30 ml,Make-up,Simply apply to skin that has been cleansed and moistened with face lotion with the fingers and work in.,"AQUA (WATER), GLYCERIN, CAPRYLIC/CAPRIC TRIGLYCERIDE, ETHYLHEXYL STEARATE, SQUALANE, HYDROGENATED COCO-GLYCERIDES, CETEARYL ALCOHOL, CI 77891 (TITANIUM DIOXIDE), CETYL PALMITATE, STEARIC ACID, PALMITIC ACID, MICA, GLYCERYL STEARATE, POTASSIUM PALMITOYL HYDROLYZED WHEAT PROTEIN, PHENOXYETHANOL, CI 77492 (IRON OXIDES), POTASSIUM CETYL PHOSPHATE, MICROCRYSTALLINE CELLULOSE, PARFUM (FRAGRANCE), XANTHAN GUM, TIN OXIDE, CI 77491 (IRON OXIDES), CI 77499 (IRON OXIDES), HYDROXYACETOPHENONE, CELLULOSE GUM, BENZOIC ACID, CAPRYLYL GLYCOL, TOCOPHEROL, DEHYDROACETIC ACID, LINALYL ACETATE, TETRAMETHYL ACETYLOCTAHYDRONAPHTHALENES, LIMONENE, HELIANTHUS ANNUUS (SUNFLOWER) SEED OIL, LINALOOL, CITRAL, PINENE",yes,yes,ja
Tender Blush Golden Amber,de,https://image.labiosthetique.com/i/square-1440/m2-product:tender_blush_golden_amber_410781_3_5g_30827df.jpg/feed-media.jpg,https://www.labiosthetique.de/tender-blush?childSku=4040218889130,/tender-blush?childSku=4040218889130,018532,Das elegante Puder-Rouge Tender Blush definiert die Wangenknochen und veredelt die Gesichtszüge.,"30,50 €",0,"3,5 g",Make-Up,Tender Blush mit dem Pinsel oder einem Make-up Schwämmchen gleichmäßig von den Wangen bis zum Haaransatz sanft und in leicht kreisenden Bewegungen verteilen und anschließend verblenden.,"SYNTHETIC FLUORPHLOGOPITE, CALCIUM CARBONATE, ZEOLITE, CI 77491 (IRON OXIDES), SILICA, CAPRYLIC/CAPRIC TRIGLYCERIDE, ETHYLHEXYL PALMITATE, ZINC STEARATE, MAGNESIUM MYRISTATE, CETEARYL ETHYLHEXANOATE, OCTYLDODECYL STEAROYL STEARATE, ETHYLHEXYLGLYCERIN, LAUROYL LYSINE, DEHYDROACETIC ACID, 1,2-HEXANEDIOL, CAPRYLYL GLYCOL, CI 15850 (RED 7 LAKE), STEARIC ACID, TOCOPHEROL",yes,yes,ja
Tender Blush Golden Amber,en,https://image.labiosthetique.com/i/square-1440/m2-product:tender_blush_golden_amber_410781_3_5g_30827df.jpg/feed-media.jpg,https://www.labiosthetique.de/tender-blush?childSku=4040218889130,/tender-blush?childSku=4040218889130,018532,The elegant powder blusher Tender Blush defines the cheekbones and enhances your features.,"30,50 €",0,"3,5 g",Make-up,"Use a brush or a make-up sponge to evenly apply Tender Blush from cheeks to hair line, softly distribute in lightly circling motions and then blend.","SYNTHETIC FLUORPHLOGOPITE, CALCIUM CARBONATE, ZEOLITE, CI 77491 (IRON OXIDES), SILICA, CAPRYLIC/CAPRIC TRIGLYCERIDE, ETHYLHEXYL PALMITATE, ZINC STEARATE, MAGNESIUM MYRISTATE, CETEARYL ETHYLHEXANOATE, OCTYLDODECYL STEAROYL STEARATE, ETHYLHEXYLGLYCERIN, LAUROYL LYSINE, DEHYDROACETIC ACID, 1,2-HEXANEDIOL, CAPRYLYL GLYCOL, CI 15850 (RED 7 LAKE), STEARIC ACID, TOCOPHEROL",yes,yes,ja
Homme Beard Oil,de,https://image.labiosthetique.com/i/square-1440/m2-product:homme_beard_oil_412827_30ml_ec1648b.jpg/feed-media.jpg,https://www.labiosthetique.de/homme-beard-oil,/homme-beard-oil,003932,"Ein sorgfältig abgestimmter Mix aus pflanzlichen Ölen versorgt Bart und Haut mit wichtigen Nährstoffen – für einen sichtbar gepflegten, geschmeidigen und kräftigen Bart, der sich genauso gut anfühlt, wie er aussieht.","22,00 €","733,33 € / 1 l",30 ml,Hautpflege,Einige Tropfen in den Handflächen verteilen und gleichmäßig in den Bart einmassieren. Verbleibt im Bart.,"CAPRYLIC/CAPRIC TRIGLYCERIDE, ISOPROPYL PALMITATE, RICINUS COMMUNIS (CASTOR) SEED OIL, CANOLA OIL, CITRULLUS LANATUS (WATERMELON) SEED OIL, HELIANTHUS ANNUUS (SUNFLOWER) SEED OIL, PARFUM (FRAGRANCE), BISABOLOL, TOCOPHEROL, TETRAMETHYL ACETYLOCTAHYDRONAPHTHALENES, POLYGLYCERYL-3 DIISOSTEARATE, CARTHAMUS TINCTORIUS (SAFFLOWER) SEED OIL, HIBISCUS SABDARIFFA FLOWER EXTRACT, LINALOOL, LIMONENE, LINALYL ACETATE, PINENE, CITRUS AURANTIUM BERGAMIA (BERGAMOT) PEEL OIL, CITRUS AURANTIUM PEEL OIL, GERANIOL, LAVANDULA OIL/EXTRACT, CITRUS LIMON PEEL OIL, TERPINEOL, COUMARIN, CITRAL, CITRIC ACID",no,yes,ja
Homme Beard Oil,en,https://image.labiosthetique.com/i/square-1440/m2-product:homme_beard_oil_412827_30ml_ec1648b.jpg/feed-media.jpg,https://www.labiosthetique.de/homme-beard-oil,/homme-beard-oil,003932,"A carefully coordinated mix of plant oils supplies the beard and skin with important nutrients for a beard that looks and feels soft, strong and well cared for.","22,00 €","733,33 € / 1 l",30 ml,Skin care,"Distribute a few drops in the palms of your hands, then gently massage into the beard. The oil should remain in the beard.","CAPRYLIC/CAPRIC TRIGLYCERIDE, ISOPROPYL PALMITATE, RICINUS COMMUNIS (CASTOR) SEED OIL, CANOLA OIL, CITRULLUS LANATUS (WATERMELON) SEED OIL, HELIANTHUS ANNUUS (SUNFLOWER) SEED OIL, PARFUM (FRAGRANCE), BISABOLOL, TOCOPHEROL, TETRAMETHYL ACETYLOCTAHYDRONAPHTHALENES, POLYGLYCERYL-3 DIISOSTEARATE, CARTHAMUS TINCTORIUS (SAFFLOWER) SEED OIL, HIBISCUS SABDARIFFA FLOWER EXTRACT, LINALOOL, LIMONENE, LINALYL ACETATE, PINENE, CITRUS AURANTIUM BERGAMIA (BERGAMOT) PEEL OIL, CITRUS AURANTIUM PEEL OIL, GERANIOL, LAVANDULA OIL/EXTRACT, CITRUS LIMON PEEL OIL, TERPINEOL, COUMARIN, CITRAL, CITRIC ACID",no,yes,ja
Natural Skin 4/4 Deep Peach,de,https://image.labiosthetique.com/i/square-1440/m2-product:natural_skin_4_4_deep_peach_390399_30ml_cfc3772.jpg/feed-media.jpg,https://www.labiosthetique.de/natural-skin?childSku=4040218842029,/natural-skin?childSku=4040218842029,021722,"Mit mittlerer Deckkraft, feuchtigkeitsspendenden und pflegenden Komponenten schafft die zarte Foundation einen seidig glatten, natürlich ebenmäßigen Teint.","42,50 €",0,30 ml,Make-Up,Nach der Gesichtspflege mit den Fingern oder mit einem Make-up-Schwämmchen oder -Pinsel auftragen und verblenden.,"AQUA (WATER), CI 77891 (TITANIUM DIOXIDE), PENTYLENE GLYCOL, CAPRYLIC/CAPRIC TRIGLYCERIDE, ETHYLHEXYL SALICYLATE, SILICA, ALCOHOL DENAT. , SQUALANE, STEARIC ACID, PALMITIC ACID, GLYCOL STEARATE, MYRISTYL MYRISTATE, CI 77492 (IRON OXIDES), CETEARYL ALCOHOL, SODIUM CETEARYL SULFATE, ETHYLHEXYL PALMITATE, TOCOPHERYL ACETATE, XANTHAN GUM, HYDROLYZED JOJOBA ESTERS, HELIANTHUS ANNUUS (SUNFLOWER) SEED OIL, MYRISTIC ACID, SODIUM HYDROXIDE, ARACHIDIC ACID, TOCOPHEROL, JOJOBA ESTERS, TRIHYDROXYSTEARIN, ALUMINA, MAGNESIUM OXIDE, SODIUM HYALURONATE, GLUCOMANNAN, PARFUM (FRAGRANCE), CITRONELLOL, HEXYL CINNAMAL, ALPHA-ISOMETHYL IONONE, CI 77491 (IRON OXIDES), CI 77499 (IRON OXIDES)",yes,yes,ja
Natural Skin 4/4 Deep Peach,en,https://image.labiosthetique.com/i/square-1440/m2-product:natural_skin_4_4_deep_peach_390399_30ml_cfc3772.jpg/feed-media.jpg,https://www.labiosthetique.de/natural-skin?childSku=4040218842029,/natural-skin?childSku=4040218842029,021722,"With medium coverage, moisturising and conditioning components, the delicate foundation creates a silky smooth, naturally even complexion.","42,50 €",0,30 ml,Make-up,"After face care, apply and blend with the fingers or with a make-up sponge or brush.","AQUA (WATER), CI 77891 (TITANIUM DIOXIDE), PENTYLENE GLYCOL, CAPRYLIC/CAPRIC TRIGLYCERIDE, ETHYLHEXYL SALICYLATE, SILICA, ALCOHOL DENAT. , SQUALANE, STEARIC ACID, PALMITIC ACID, GLYCOL STEARATE, MYRISTYL MYRISTATE, CI 77492 (IRON OXIDES), CETEARYL ALCOHOL, SODIUM CETEARYL SULFATE, ETHYLHEXYL PALMITATE, TOCOPHERYL ACETATE, XANTHAN GUM, HYDROLYZED JOJOBA ESTERS, HELIANTHUS ANNUUS (SUNFLOWER) SEED OIL, MYRISTIC ACID, SODIUM HYDROXIDE, ARACHIDIC ACID, TOCOPHEROL, JOJOBA ESTERS, TRIHYDROXYSTEARIN, ALUMINA, MAGNESIUM OXIDE, SODIUM HYALURONATE, GLUCOMANNAN, PARFUM (FRAGRANCE), CITRONELLOL, HEXYL CINNAMAL, ALPHA-ISOMETHYL IONONE, CI 77491 (IRON OXIDES), CI 77499 (IRON OXIDES)",yes,yes,ja
Classic Formula Hair Laque ,de,https://image.labiosthetique.com/i/square-1440/m2-product:classic_formula_hair_laque_398148_75ml_19daefa.jpg/feed-media.jpg,https://www.labiosthetique.de/classic-formula-hair-laque?childSku=4040218869729,/classic-formula-hair-laque?childSku=4040218869729,110993,"Der zart duftende, silikonfreie Haarlack verteilt sich mikrofein auf dem Haar, schenkt starken, flexiblen Halt und seidigen Glanz.","10,00 €","133,33 € / 1 l",75 ml,Styling,"Classic Formula Hair Laque auf das trockene Haar sprühen, um einzelne Partien oder die gesamte Frisur zu fixieren.","ALCOHOL DENAT., BUTANE, PROPANE, OCTYLACRYLAMIDE/ACRYLATES/BUTYLAMINOETHYL METHACRYLATE COPOLYMER, AMINOMETHYL PROPANOL, TRIETHYL CITRATE, PARFUM (FRAGRANCE), PANTHENOL, PHYTANTRIOL, TETRAMETHYL ACETYLOCTAHYDRONAPHTHALENES, AQUA (WATER), LIMONENE, LINALOOL, LINALYL ACETATE, GERANIOL, CITRONELLOL, PINENE, COUMARIN, CITRIC ACID",yes,no,ja
Classic Formula Hair Laque ,en,https://image.labiosthetique.com/i/square-1440/m2-product:classic_formula_hair_laque_398148_75ml_19daefa.jpg/feed-media.jpg,https://www.labiosthetique.de/classic-formula-hair-laque?childSku=4040218869729,/classic-formula-hair-laque?childSku=4040218869729,110993,"The delicately scented, silicone-free hair lacquer is distributed on the hair in a microfine mist and provides the hair with strong, flexible hold and silky shine.","10,00 €","133,33 € / 1 l",75 ml,Styling,Spray Classic Formula Hair Laque onto dry hair to fix individual sections or the entire hairstyle in place.,"ALCOHOL DENAT., BUTANE, PROPANE, OCTYLACRYLAMIDE/ACRYLATES/BUTYLAMINOETHYL METHACRYLATE COPOLYMER, AMINOMETHYL PROPANOL, TRIETHYL CITRATE, PARFUM (FRAGRANCE), PANTHENOL, PHYTANTRIOL, TETRAMETHYL ACETYLOCTAHYDRONAPHTHALENES, AQUA (WATER), LIMONENE, LINALOOL, LINALYL ACETATE, GERANIOL, CITRONELLOL, PINENE, COUMARIN, CITRIC ACID",yes,no,ja
MagneFix Eye Base,de,https://image.labiosthetique.com/i/square-1440/m2-product:magnefix_eye_base_247567_5ml_ec14d15.jpg/feed-media.jpg,https://www.labiosthetique.de/magnefix-eye-base,/magnefix-eye-base,016885,"MagneFix Eye Base ist die optimale Grundierung für ein lang anhaltendes, ausdrucksstarkes Augen-Make-up. Die cremige Formel schützt die zarte Haut am Augenlid und schafft eine makellose Basis, die den nachfolgenden Make-up-Produkten Intensität und eine “magnetische” Haftkraft verleiht.","24,50 €",0,5 ml,Make-Up,"MagneFix Eye Base mit den Fingern, einem Pinsel oder einem Schwamm dünn und gleichmäßig auf die sauberen, trockenen Augenlider geben und sorgsam einarbeiten. Vor dem Auftragen weiterer Make-up-Produkte kurz antrocknen lassen, um eine optimale Haftung und Intensität der Farben zu gewährleisten.",keine Angabe,no,no,ja
MagneFix Eye Base,en,https://image.labiosthetique.com/i/square-1440/m2-product:magnefix_eye_base_247567_5ml_ec14d15.jpg/feed-media.jpg,https://www.labiosthetique.de/magnefix-eye-base,/magnefix-eye-base,016885,"MagneFix Eye Base is the perfect base for long-lasting, expressive eye make-up. The creamy formulation protects the delicate skin on the eyelid and creates a flawless base that gives subsequent make-up products intensity and ‘magnetic’ adhesion.","24,50 €",0,5 ml,Make-up,"Use your finger, a brush or a sponge to apply a thin layer of MagneFix Eye Base evenly to clean, dry eyelids, then carefully work it into the skin. Leave to dry briefly before applying further make-up products to ensure perfect adhesion and colour intensity.",not specified,no,no,ja
Bürste Ceramic & Ion 25mm,de,https://image.labiosthetique.com/i/square-1440/m2-product:b_rste_ceramic_ion_25mm_247431_1St_ck_b243ec4.jpg/feed-media.jpg,https://www.labiosthetique.de/buerste-ceramic-ion-25mm,/buerste-ceramic-ion-25mm,043232,"Praktisch, haarschonend und keramikbeschichtet: Universelle Kermamikrundbürste mit innovativer Ionen-Technologie, die eine statische Aufladung der Haare reduziert.","20,00 €",0,1 pcs,"Haar- & Kopfhautpflege,Styling",Das Haar halbtrocken föhnen und anschließend kleine Partien abteilen. Die Bürste am Haaransatz ansetzen und den Föhn auf den Bürstenkörper richten. Für ein optimales Ergebnis konstant die Spannung zwischen Bürste und Haaransatz halten.,keine Angabe,no,no,ja
Brush Ceramic & Ion 25mm,en,https://image.labiosthetique.com/i/square-1440/m2-product:b_rste_ceramic_ion_25mm_247431_1St_ck_b243ec4.jpg/feed-media.jpg,https://www.labiosthetique.de/buerste-ceramic-ion-25mm,/buerste-ceramic-ion-25mm,043232,"Practical, protects the hair and ceramic-coated: universal ceramic round brush with innovative ion technology that reduces the static charge of the hair.","20,00 €",0,1 pcs,"Hair & scalp care,Styling","Blow-dry the hair till it is half-dry and then divide into small sections. Place the brush at the hair roots and direct the hairdryer at the brush body. For the perfect result, constantly maintain the tension between brush and hair roots.",not specified,no,no,ja
Calming Lipokerine E Shampoo ,de,https://image.labiosthetique.com/i/square-1440/m2-product:calming_lipokerine_e_shampoo_408121_100ml_945a2c0.jpg/feed-media.jpg,https://www.labiosthetique.de/calming-lipokerine-e-shampoo?childSku=4040218892628,/calming-lipokerine-e-shampoo?childSku=4040218892628,120098,"Das parfumfreie Shampoo reinigt besonders mild, beruhigt empfindliche Kopfhaut und baut strapaziertes Haar wieder auf. Für alle Liebhaber von Shampooing Lipokérine E wird dies Ihr neues Lieblingsprodukt.","16,00 €","160,00 € / 1 l",100 ml,Haar- & Kopfhautpflege,"Gleichmäßig im Haar und auf der Kopfhaut verteilen, kurz einwirken lassen und gründlich ausspülen.","AQUA (WATER), DECYL GLUCOSIDE, SODIUM LAURETH SULFATE, SODIUM LAUROYL OAT AMINO ACIDS, PEG-7 GLYCERYL COCOATE, PEG-150 PENTAERYTHRITYL TETRASTEARATE, PANTHENOL, BUTYLENE GLYCOL, PENTYLENE GLYCOL, SODIUM BENZOATE, HYDROXYPROPYL GUAR HYDROXYPROPYLTRIMONIUM CHLORIDE, LACTIC ACID, POLYSORBATE 20, HYDROXYPROPYL OXIDIZED STARCH PG-TRIMONIUM CHLORIDE, SODIUM POLYPHOSPHATE, PHENOXYETHANOL, GLYCERIN, STARCH HYDROXYPROPYLTRIMONIUM CHLORIDE, BENZOIC ACID, HYDROXYPHENYL PROPAMIDOBENZOIC ACID, TETRASODIUM EDTA, SODIUM LACTATE, SODIUM CHLORIDE, UREA, BETA-GLUCAN, CITRIC ACID, ETHYLHEXYLGLYCERIN, 1,2-HEXANEDIOL, CAPRYLYL GLYCOL, LEVULINIC ACID, ASCORBYL PALMITATE, P-ANISIC ACID",no,no,ja
Calming Lipokerine E Shampoo ,en,https://image.labiosthetique.com/i/square-1440/m2-product:calming_lipokerine_e_shampoo_408121_100ml_945a2c0.jpg/feed-media.jpg,https://www.labiosthetique.de/calming-lipokerine-e-shampoo?childSku=4040218892628,/calming-lipokerine-e-shampoo?childSku=4040218892628,120098,"The perfume-free shampoo cleanses the hair particularly mildly, calms sensitive scalps and rebuilds stressed hair. For all lovers of Shampooing Lipokérine E this will be your new favorite product.","16,00 €","160,00 € / 1 l",100 ml,Hair & scalp care,"Distribute evenly in the hair and on the scalp, briefly leave to take effect, then rinse out thoroughly.","AQUA (WATER), DECYL GLUCOSIDE, SODIUM LAURETH SULFATE, SODIUM LAUROYL OAT AMINO ACIDS, PEG-7 GLYCERYL COCOATE, PEG-150 PENTAERYTHRITYL TETRASTEARATE, PANTHENOL, BUTYLENE GLYCOL, PENTYLENE GLYCOL, SODIUM BENZOATE, HYDROXYPROPYL GUAR HYDROXYPROPYLTRIMONIUM CHLORIDE, LACTIC ACID, POLYSORBATE 20, HYDROXYPROPYL OXIDIZED STARCH PG-TRIMONIUM CHLORIDE, SODIUM POLYPHOSPHATE, PHENOXYETHANOL, GLYCERIN, STARCH HYDROXYPROPYLTRIMONIUM CHLORIDE, BENZOIC ACID, HYDROXYPHENYL PROPAMIDOBENZOIC ACID, TETRASODIUM EDTA, SODIUM LACTATE, SODIUM CHLORIDE, UREA, BETA-GLUCAN, CITRIC ACID, ETHYLHEXYLGLYCERIN, 1,2-HEXANEDIOL, CAPRYLYL GLYCOL, LEVULINIC ACID, ASCORBYL PALMITATE, P-ANISIC ACID",no,no,ja
Velvet Skin 1/2 Light Beige,de,https://image.labiosthetique.com/i/square-1440/m2-product:velvet_skin_1_2_light_beige_407831_10g_dd687e8.jpg/feed-media.jpg,https://www.labiosthetique.de/velvet-skin?childSku=4040218893328,/velvet-skin?childSku=4040218893328,021521,"Jederzeit frischer Teint: Die Kompakt Foundation sorgt mit ihrer leichten, samtigen Textur für einen semi-mattem Finish und liefert im Nu ein natürliches, ebenmäßiges Hautbild. Sie verfeinert, statt maskenhaft abzudecken. Das mitgelieferte Schwämmchen ist ideal für unkomplizierte, rasche Touch-ups.","39,50 €",0,10 g,Make-Up,"Die Velvet Skin Foundation mit ihrer zarten, samtigen Textur lässt sich mühelos mit Pinsel, Schwämmchen oder Fingern auftragen und verteilen. In der Gesichtsmitte beginnen und nach außen ausarbeiten. Für ein besonders ebenmäßiges Finish leicht einklopfen und sorgfältig verblenden.","ISONONYL ISONONANOATE, CAPRYLIC/CAPRIC TRIGLYCERIDE, CI 77891 (TITANIUM DIOXIDE), RICINUS COMMUNIS (CASTOR) SEED OIL, TITANIUM DIOXIDE, SYNTHETIC WAX, MICA, TRIBEHENIN, ALUMINUM STARCH OCTENYLSUCCINATE, SILICA, CI 77492 (IRON OXIDES), SYNTHETIC BEESWAX, HYDROGENATED CASTOR OIL, TOCOPHERYL ACETATE, JOJOBA ESTERS, CI 77491 (IRON OXIDES), POLYHYDROXYSTEARIC ACID, HELIANTHUS ANNUUS (SUNFLOWER) SEED OIL, PENTAERYTHRITYL TETRA-DI-T-BUTYL HYDROXYHYDROCINNAMATE, CI 77499 (IRON OXIDES), COPERNICIA CERIFERA CERA (CARNAUBA WAX), ZINGIBER OFFICINALE (GINGER) LEAF CELL EXTRACT, DISTEARDIMONIUM HECTORITE",yes,yes,ja
Velvet Skin 1/2 Light Beige,en,https://image.labiosthetique.com/i/square-1440/m2-product:velvet_skin_1_2_light_beige_407831_10g_dd687e8.jpg/feed-media.jpg,https://www.labiosthetique.de/velvet-skin?childSku=4040218893328,/velvet-skin?childSku=4040218893328,021521,"A fresh complexion whenever you need it: With its light, velvety texture, the compact foundation provides a semi-matte finish and achieves a natural and even complexion in no time at all. It refines the complexion instead of just covering it. The sponge that comes with the foundation is ideal for quick and simple touch-ups.","39,50 €",0,10 g,Make-up,"The soft, velvety texture of Velvet Skin foundation can be effortlessly applied and distributed with a brush, sponge or your fingers. Start in the middle of the face and work outwards. For a particularly even finish, lightly tap the foundation into the skin and carefully blend.","ISONONYL ISONONANOATE, CAPRYLIC/CAPRIC TRIGLYCERIDE, CI 77891 (TITANIUM DIOXIDE), RICINUS COMMUNIS (CASTOR) SEED OIL, TITANIUM DIOXIDE, SYNTHETIC WAX, MICA, TRIBEHENIN, ALUMINUM STARCH OCTENYLSUCCINATE, SILICA, CI 77492 (IRON OXIDES), SYNTHETIC BEESWAX, HYDROGENATED CASTOR OIL, TOCOPHERYL ACETATE, JOJOBA ESTERS, CI 77491 (IRON OXIDES), POLYHYDROXYSTEARIC ACID, HELIANTHUS ANNUUS (SUNFLOWER) SEED OIL, PENTAERYTHRITYL TETRA-DI-T-BUTYL HYDROXYHYDROCINNAMATE, CI 77499 (IRON OXIDES), COPERNICIA CERIFERA CERA (CARNAUBA WAX), ZINGIBER OFFICINALE (GINGER) LEAF CELL EXTRACT, DISTEARDIMONIUM HECTORITE",yes,yes,ja
Sensual Lipstick Creamy C148 Red,de,https://image.labiosthetique.com/i/square-1440/m2-product:sensual_lipstick_creamy_c148_red_247707_3_3g_f7d65ec.jpg/feed-media.jpg,https://www.labiosthetique.de/sensual-lipstick-creamy?childSku=4040218830927,/sensual-lipstick-creamy?childSku=4040218830927,019722,Der Creme-Lippenstift pflegt mit wertvollen Ölen und sorgt für einen verführerisch soften Kussmund.,"26,50 €",0,"3,3 g",Make-Up,Sensual Lipstick Creamy einfach auf die Lippen auftragen und schön sein! Durch sanftes Nachziehen der Lippenkontur in einem farblich auf den Creme-Lippenstift abgestimmten Konturenstift lässt sich die zarte Farbwirkung intensivieren.,"POLYGLYCERYL-2 TRIISOSTEARATE, CAPRYLIC/CAPRIC TRIGLYCERIDE, HELIANTHUS ANNUUS (SUNFLOWER) SEED WAX, CANDELILLA CERA (EUPHORBIA CERIFERA WAX), CI 15985 (YELLOW 6 LAKE), CI 15850 (RED 7 LAKE), CI 77492 (IRON OXIDES), DICALCIUM PHOSPHATE, CI 77891 (TITANIUM DIOXIDE), AROMA (FLAVOR), SILICA, PENTAERYTHRITYL TETRA-DI-T-BUTYL HYDROXYHYDROCINNAMATE, ASCORBYL PALMITATE, TOCOPHEROL, DISTEARDIMONIUM HECTORITE, POLYHYDROXYSTEARIC ACID, BENZYL ALCOHOL",yes,yes,ja
Sensual Lipstick Creamy C148 Red,en,https://image.labiosthetique.com/i/square-1440/m2-product:sensual_lipstick_creamy_c148_red_247707_3_3g_f7d65ec.jpg/feed-media.jpg,https://www.labiosthetique.de/sensual-lipstick-creamy?childSku=4040218830927,/sensual-lipstick-creamy?childSku=4040218830927,019722,The cream lipstick contains high-quality conditioning oils for a seductively soft pout.,"26,50 €",0,"3,3 g",Make-up,Simply apply Sensual Lipstick Creamy to the lips for a beautiful effect. Gently outline the lip line with a lip liner to match the colour of the creamy lipstick for a more intense colour effect.,"POLYGLYCERYL-2 TRIISOSTEARATE, CAPRYLIC/CAPRIC TRIGLYCERIDE, HELIANTHUS ANNUUS (SUNFLOWER) SEED WAX, CANDELILLA CERA (EUPHORBIA CERIFERA WAX), CI 15985 (YELLOW 6 LAKE), CI 15850 (RED 7 LAKE), CI 77492 (IRON OXIDES), DICALCIUM PHOSPHATE, CI 77891 (TITANIUM DIOXIDE), AROMA (FLAVOR), SILICA, PENTAERYTHRITYL TETRA-DI-T-BUTYL HYDROXYHYDROCINNAMATE, ASCORBYL PALMITATE, TOCOPHEROL, DISTEARDIMONIUM HECTORITE, POLYHYDROXYSTEARIC ACID, BENZYL ALCOHOL",yes,yes,ja
Dermosthétique Age Reversing Day Cream,de,https://image.labiosthetique.com/i/square-1440/m2-product:dermosth_tique_age_reversing_day_cream_247967_50ml_b4230f6.jpg/feed-media.jpg,https://www.labiosthetique.de/age3-age-complex-reversing-day-cream,/age3-age-complex-reversing-day-cream,002858,"Die innovative Cremeformel schützt und vitalisiert die Haut, bremst Alterungsprozesse aus und lässt Sie jeden Tag ein wenig jünger aussehen.","104,50 €","2.090,00 € / 1 l",50 ml,Hautpflege,"Morgens auf die gereinigte und tonifizierte Haut von Gesicht, Hals und Dekolleté auftragen und mit leicht kreisenden Bewegungen einmassieren.","AQUA (WATER), GLYCERIN, CAPRYLIC/CAPRIC TRIGLYCERIDE, SQUALANE, PROPYLHEPTYL CAPRYLATE, HYDROGENATED COCO-GLYCERIDES, CETEARYL ALCOHOL, CETEARYL GLUCOSIDE , CETYL PALMITATE, CENTELLA ASIATICA LEAF EXTRACT*, SALVIA MILTIORRHIZA LEAF EXTRACT, NIACINAMIDE, ETHYL FERULATE, ROSMARINUS OFFICINALIS (ROSEMARY) LEAF EXTRACT , BRASSICA CAMPESTRIS (RAPESEED) STEROLS, SODIUM HYALURONATE, SODIUM HYALURONATE CROSSPOLYMER, SCHIZOPHYLLAN, GLUCOMANNAN, HELIANTHUS ANNUUS (SUNFLOWER) SEED OIL, POTASSIUM CETYL PHOSPHATE, BEHENYL ALCOHOL, GLYCERYL STEARATE, PALMITIC ACID, STEARIC ACID, TOCOPHEROL, CETYL ALCOHOL, LAURYL ALCOHOL, LECITHIN, MYRISTYL ALCOHOL, CAPRYLYL GLYCOL, CITRIC ACID, XANTHAN GUM, PHENOXYETHANOL, BENZOIC ACID, DEHYDROACETIC ACID, PARFUM (FRAGRANCE)",yes,yes,ja
Dermosthétique Age Reversing Day Cream,en,https://image.labiosthetique.com/i/square-1440/m2-product:dermosth_tique_age_reversing_day_cream_247967_50ml_b4230f6.jpg/feed-media.jpg,https://www.labiosthetique.de/age3-age-complex-reversing-day-cream,/age3-age-complex-reversing-day-cream,002858,"The innovative cream formulation protects and revitalises the skin, halts aging processes and makes you look a little bit younger every day.","104,50 €","2.090,00 € / 1 l",50 ml,Skin care,"Apply to the cleansed and toned skin of the face, neck and décolleté in the morning and massage in with gently circling motions.","AQUA (WATER), GLYCERIN, CAPRYLIC/CAPRIC TRIGLYCERIDE, SQUALANE, PROPYLHEPTYL CAPRYLATE, HYDROGENATED COCO-GLYCERIDES, CETEARYL ALCOHOL, CETEARYL GLUCOSIDE , CETYL PALMITATE, CENTELLA ASIATICA LEAF EXTRACT*, SALVIA MILTIORRHIZA LEAF EXTRACT, NIACINAMIDE, ETHYL FERULATE, ROSMARINUS OFFICINALIS (ROSEMARY) LEAF EXTRACT , BRASSICA CAMPESTRIS (RAPESEED) STEROLS, SODIUM HYALURONATE, SODIUM HYALURONATE CROSSPOLYMER, SCHIZOPHYLLAN, GLUCOMANNAN, HELIANTHUS ANNUUS (SUNFLOWER) SEED OIL, POTASSIUM CETYL PHOSPHATE, BEHENYL ALCOHOL, GLYCERYL STEARATE, PALMITIC ACID, STEARIC ACID, TOCOPHEROL, CETYL ALCOHOL, LAURYL ALCOHOL, LECITHIN, MYRISTYL ALCOHOL, CAPRYLYL GLYCOL, CITRIC ACID, XANTHAN GUM, PHENOXYETHANOL, BENZOIC ACID, DEHYDROACETIC ACID, PARFUM (FRAGRANCE)",yes,yes,ja
Essentiel Classic Conditioner,de,https://image.labiosthetique.com/i/square-1440/m2-product:essentiel_classic_conditioner_247239_200ml_7fa98a0.jpg/feed-media.jpg,https://www.labiosthetique.de/essentiel-classic-conditioner,/essentiel-classic-conditioner,120885,Der Conditioner pflegt das durch äußere Einflüsse strukturgeschädigte Haar und optimiert seine Kämmbarkeit. Das Haar erhält geschmeidige Weichheit und strahlenden Glanz.,"28,00 €","140,00 € / 1 l",200 ml,Haar- & Kopfhautpflege,Nach der Haarwäsche gleichmäßig im feuchten Haar verteilen und 2–3 Minuten einwirken lassen. Anschließend gut ausspülen.,"AQUA (WATER), ALCOHOL, CETEARYL ALCOHOL, STEARAMIDOPROPYL DIMETHYLAMINE, LACTIC ACID, GLYCERIN, SODIUM CETEARYL SULFATE, PANTHENOL, PARFUM (FRAGRANCE), RICINUS COMMUNIS (CASTOR) SEED OIL, DICAPRYLYL CARBONATE, SODIUM LAUROYL SARCOSINATE, TETRAMETHYL ACETYLOCTAHYDRONAPHTHALENES, CERAMIDE NG, BENZYL BENZOATE, GLYCINE SOJA (SOYBEAN) OIL, GLYCINE SOJA (SOYBEAN) STEROLS, LIMONENE, HEXYL LAURATE, BENZYL SALICYLATE, CITRUS AURANTIUM PEEL OIL, ALPHA-ISOMETHYL IONONE, CITRIC ACID, LINALOOL, PERSEA GRATISSIMA (AVOCADO) OIL, DISODIUM PHOSPHATE, CITRONELLOL, LINALYL ACETATE, GERANIOL, HEXAMETHYLINDANOPYRAN, PINENE, POTASSIUM PHOSPHATE, BENZYL ALCOHOL, TOCOPHEROL, ASCORBYL PALMITATE, HYDROGENATED PALM GLYCERIDES CITRATE",yes,yes,ja
Essentiel Classic Conditioner,en,https://image.labiosthetique.com/i/square-1440/m2-product:essentiel_classic_conditioner_247239_200ml_7fa98a0.jpg/feed-media.jpg,https://www.labiosthetique.de/essentiel-classic-conditioner,/essentiel-classic-conditioner,120885,The conditioner cares for hair that has structural damage due to external influences and optimises its combability. The hair is given silky softness and radiant shine.,"28,00 €","140,00 € / 1 l",200 ml,Hair & scalp care,"After hair-washing, evenly distribute into damp hair and leave in for 2–3 minutes before rinsing out thoroughly.","AQUA (WATER), ALCOHOL, CETEARYL ALCOHOL, STEARAMIDOPROPYL DIMETHYLAMINE, LACTIC ACID, GLYCERIN, SODIUM CETEARYL SULFATE, PANTHENOL, PARFUM (FRAGRANCE), RICINUS COMMUNIS (CASTOR) SEED OIL, DICAPRYLYL CARBONATE, SODIUM LAUROYL SARCOSINATE, TETRAMETHYL ACETYLOCTAHYDRONAPHTHALENES, CERAMIDE NG, BENZYL BENZOATE, GLYCINE SOJA (SOYBEAN) OIL, GLYCINE SOJA (SOYBEAN) STEROLS, LIMONENE, HEXYL LAURATE, BENZYL SALICYLATE, CITRUS AURANTIUM PEEL OIL, ALPHA-ISOMETHYL IONONE, CITRIC ACID, LINALOOL, PERSEA GRATISSIMA (AVOCADO) OIL, DISODIUM PHOSPHATE, CITRONELLOL, LINALYL ACETATE, GERANIOL, HEXAMETHYLINDANOPYRAN, PINENE, POTASSIUM PHOSPHATE, BENZYL ALCOHOL, TOCOPHEROL, ASCORBYL PALMITATE, HYDROGENATED PALM GLYCERIDES CITRATE",yes,yes,ja
Perfect Style Black,de,https://image.labiosthetique.com/i/square-1440/m2-product:perfect_style_black_247597_8ml_91ccf4b.jpg/feed-media.jpg,https://www.labiosthetique.de/perfect-style?childSku=4040218773026,/perfect-style?childSku=4040218773026,017238,"Die Volumen-Mascara Perfect Style zaubert ultimative Fülle und Schwung auf die Augen. Für Wimpern, die zu Höchstform auflaufen!","27,00 €",0,8 ml,Make-Up,"Tuschen Sie die Wimpern vom Ansatz bis zur Spitze, indem Sie den Bürstenbogen u-förmig mit der Öffnung nach oben halten.","AQUA (WATER), CERA ALBA (BEESWAX), CI 77499 (IRON OXIDES), PARAFFIN, COPERNICIA CERIFERA CERA (CARNAUBA WAX), ACACIA SENEGAL GUM, STEARIC ACID, PALMITIC ACID, HYDROGENATED LECITHIN, AMINOMETHYL PROPANOL, BUTYLENE GLYCOL, PHENOXYETHANOL, HYDROXYETHYLCELLULOSE, POLYIMIDE-1, ETHYLHEXYLGLYCERIN, GLYCERIN, HYDROLYZED PEARL, MARIS SAL (SEA SALT)",yes,no,ja
Perfect Style Black,en,https://image.labiosthetique.com/i/square-1440/m2-product:perfect_style_black_247597_8ml_91ccf4b.jpg/feed-media.jpg,https://www.labiosthetique.de/perfect-style?childSku=4040218773026,/perfect-style?childSku=4040218773026,017238,Perfect Style volumising mascara magically gives your lashes the ultimate fullness and a beautiful curl. For beautifully shaped lashes!,"27,00 €",0,8 ml,Make-up,Apply mascara from roots to tips by holding the brush curve in a U-shape with the opening upwards.,"AQUA (WATER), CERA ALBA (BEESWAX), CI 77499 (IRON OXIDES), PARAFFIN, COPERNICIA CERIFERA CERA (CARNAUBA WAX), ACACIA SENEGAL GUM, STEARIC ACID, PALMITIC ACID, HYDROGENATED LECITHIN, AMINOMETHYL PROPANOL, BUTYLENE GLYCOL, PHENOXYETHANOL, HYDROXYETHYLCELLULOSE, POLYIMIDE-1, ETHYLHEXYLGLYCERIN, GLYCERIN, HYDROLYZED PEARL, MARIS SAL (SEA SALT)",yes,no,ja
Texturising Spray,de,https://image.labiosthetique.com/i/square-1440/m2-product:texturising_spray_398172_150ml_01196f2.jpg/feed-media.jpg,https://www.labiosthetique.de/texturising-spray,/texturising-spray,110137,"Flexibles Stylingspray für kreative Undone-Looks mit unbeschwertem Halt, Griffigkeit und Textur.","24,50 €","163,33 € / 1 l",150 ml,Styling,"Für eine ungezwungene Struktur, lässig gebündelte Locken und Wellen oder zum Auffrischen des Looks partienweise ins feuchte oder trockene Haar sprühen, vorzugsweise auf Längen und Spitzen.","AQUA (WATER), ALCOHOL DENAT., VP/VA COPOLYMER, PEG-40 HYDROGENATED CASTOR OIL, PANTHENOL, PARFUM (FRAGRANCE), POLYQUATERNIUM-16, TETRAMETHYL ACETYLOCTAHYDRONAPHTHALENES, CITRIC ACID, LIMONENE, LINALOOL, LINALYL ACETATE, GERANIOL, CITRONELLOL, PINENE, COUMARIN, ANISE ALCOHOL, DIMETHYL PHENETHYL ACETATE, HYDROGEN PEROXIDE",yes,yes,ja
Texturising Spray,en,https://image.labiosthetique.com/i/square-1440/m2-product:texturising_spray_398172_150ml_01196f2.jpg/feed-media.jpg,https://www.labiosthetique.de/texturising-spray,/texturising-spray,110137,"Flexible styling spray for creative undone looks with carefree hold, grip and texture.","24,50 €","163,33 € / 1 l",150 ml,Styling,"Spray into damp or dry hair in sections, preferably on lengths and ends, for a casual texture, loose curls and waves or to refresh the look.","AQUA (WATER), ALCOHOL DENAT., VP/VA COPOLYMER, PEG-40 HYDROGENATED CASTOR OIL, PANTHENOL, PARFUM (FRAGRANCE), POLYQUATERNIUM-16, TETRAMETHYL ACETYLOCTAHYDRONAPHTHALENES, CITRIC ACID, LIMONENE, LINALOOL, LINALYL ACETATE, GERANIOL, CITRONELLOL, PINENE, COUMARIN, ANISE ALCOHOL, DIMETHYL PHENETHYL ACETATE, HYDROGEN PEROXIDE",yes,yes,ja
Revitalising Capsules,de,https://image.labiosthetique.com/i/square-1440/m2-product:revitalising_capsules_412984_20Kapseln_fa94919.jpg/feed-media.jpg,https://www.labiosthetique.de/revitalising-capsules?childSku=4040218891126,/revitalising-capsules?childSku=4040218891126,002128,"Die Revitalising Capsules komplettieren das ausgewogene Pflegekonzept von Méthode Régénérante. Jede Lipid-Kapsel enthält einen hochwirksamen Cocktail wertvoller Öle, die tiefenwirksam revitalisieren, intensiv pflegen und ein seidiges Hautgefühl verleihen. Für alle Liebhaber von La Capsule wird dies Ihr neues Lieblingsprodukt.","38,00 €",0,20 capsules,Hautpflege,"Eine Kapsel öffnen und das enthaltene Pflegeöl mit den Fingerspitzen sanft auf die gereinigte, tonisierte Haut auftragen. Bei trockener Haut täglich morgens und/oder abends den Inhalt einer Kapsel auftragen. Bei normaler Haut 2- bis 4-mal wöchentlich morgens oder abends anwenden. Bei fettiger Haut 1- bis 2-mal wöchentlich abends anwenden. Bei Bedarf kann nach einigen Minuten Einwirkzeit eine zusätzliche Pflege oder Make-up aufgetragen werden.","C9-12 ALKANE, C13-15 ALKANE, MACADAMIA INTEGRIFOLIA SEED OIL, COCO-CAPRYLATE/CAPRATE, DIMETHICONOL, BORAGO OFFICINALIS SEED OIL, ALARIA ESCULENTA EXTRACT, CRAMBE ABYSSINICA SEED OIL, BETA-CAROTENE, XANTHOPHYLL, TOCOPHEROL, ROSMARINUS OFFICINALIS (ROSEMARY) LEAF EXTRACT , HELIANTHUS ANNUUS (SUNFLOWER) SEED OIL, CAPRYLIC/CAPRIC TRIGLYCERIDE, PARFUM (FRAGRANCE), TETRAMETHYL ACETYLOCTAHYDRONAPHTHALENES, ALPHA-ISOMETHYL IONONE, GERANIOL, BENZYL ALCOHOL, PINENE, LIMONENE, LINALOOL, LINALYL ACETATE, CITRONELLOL, HEXYL CINNAMAL, POGOSTEMON CABLIN OIL",no,no,ja
Revitalising Capsules,en,https://image.labiosthetique.com/i/square-1440/m2-product:revitalising_capsules_412984_20Kapseln_fa94919.jpg/feed-media.jpg,https://www.labiosthetique.de/revitalising-capsules?childSku=4040218891126,/revitalising-capsules?childSku=4040218891126,002128,"Revitalising Capsules complete the balanced Méthode Régénérante care concept. Each lipid capsule contains a high-quality cocktail of valuable oils that revitalise the skin deep down, provide intensive care and leave the skin feeling silky soft.","38,00 €",0,20 capsules,Skin care,"Open a capsule and apply its care oil to the cleansed and toned skin of the face, neck and décolleté.","C9-12 ALKANE, C13-15 ALKANE, MACADAMIA INTEGRIFOLIA SEED OIL, COCO-CAPRYLATE/CAPRATE, DIMETHICONOL, BORAGO OFFICINALIS SEED OIL, ALARIA ESCULENTA EXTRACT, CRAMBE ABYSSINICA SEED OIL, BETA-CAROTENE, XANTHOPHYLL, TOCOPHEROL, ROSMARINUS OFFICINALIS (ROSEMARY) LEAF EXTRACT , HELIANTHUS ANNUUS (SUNFLOWER) SEED OIL, CAPRYLIC/CAPRIC TRIGLYCERIDE, PARFUM (FRAGRANCE), TETRAMETHYL ACETYLOCTAHYDRONAPHTHALENES, ALPHA-ISOMETHYL IONONE, GERANIOL, BENZYL ALCOHOL, PINENE, LIMONENE, LINALOOL, LINALYL ACETATE, CITRONELLOL, HEXYL CINNAMAL, POGOSTEMON CABLIN OIL",no,no,ja
Eye Make-up Remover,de,https://image.labiosthetique.com/i/square-1440/m2-product:eye_make_up_remover_413558_100ml_4ab1e21.jpg/feed-media.jpg,https://www.labiosthetique.de/eye-make-up-remover-2,/eye-make-up-remover-2,017211,Der Augen-Make-up-Entferner reinigt sanft und äußerst behutsam die empfindliche Augenpartie und verleiht herrliche Frische.,"25,00 €","250,00 € / 1 l",100 ml,Make-Up,Wattepad mit Eye Make-up Remover tränken und damit das Augen-Make-up sanft entfernen.,"AQUA (WATER), DISODIUM PEG-5 LAURYLCITRATE SULFOSUCCINATE, SODIUM LACTATE, DECYL GLUCOSIDE, LACTIC ACID, BENZYL ALCOHOL, SODIUM LAURETH SULFATE, DEHYDROACETIC ACID, SODIUM BENZOATE, PHENOXYETHANOL, CI 42090 (BLUE 1), ETHYLHEXYLGLYCERIN, TETRASODIUM EDTA",no,no,ja
Eye Make-up Remover,en,https://image.labiosthetique.com/i/square-1440/m2-product:eye_make_up_remover_413558_100ml_4ab1e21.jpg/feed-media.jpg,https://www.labiosthetique.de/eye-make-up-remover-2,/eye-make-up-remover-2,017211,The eye make-up remover gently and thoroughly cleanses the sensitive eye area and gives it wonderful freshness.,"25,00 €","250,00 € / 1 l",100 ml,Make-up,Soak cotton pad in Eye Make-up Remover and use to gently remove your eye make-up.,"AQUA (WATER), DISODIUM PEG-5 LAURYLCITRATE SULFOSUCCINATE, SODIUM LACTATE, DECYL GLUCOSIDE, LACTIC ACID, BENZYL ALCOHOL, SODIUM LAURETH SULFATE, DEHYDROACETIC ACID, SODIUM BENZOATE, PHENOXYETHANOL, CI 42090 (BLUE 1), ETHYLHEXYLGLYCERIN, TETRASODIUM EDTA",no,no,ja
Dermosthétique Hyaluronic Acid Hydrating Toner,de,https://image.labiosthetique.com/i/square-1440/m2-product:dermosth_tique_hyaluronic_acid_hydrating_toner_247959_200ml_917c0fb.jpg/feed-media.jpg,https://www.labiosthetique.de/dermosthetique-acid-hydrating-toner,/dermosthetique-acid-hydrating-toner,002665,"Die leichte Formel mit Hyaluronsäure erfrischt und regeneriert die Haut, verhindert Austrocknen und unterstützt die Aufnahme nachfolgender Pflegesubstanzen.","39,00 €","195,00 € / 1 l",200 ml,Hautpflege,"Ein paar Spritzer in die Handinnenflächen geben und auf das gereinigte Gesicht, den Hals und das Dekolleté auftragen. Die nachfolgende Pflege gleich anschließend auftragen, solange die Haut noch angefeuchtet ist.","AQUA (WATER), ALCOHOL DENAT., CENTELLA ASIATICA LEAF EXTRACT*, SODIUM HYALURONATE, CAPRYLYL/CAPRYL GLUCOSIDE, GLYCERIN, LACTIC ACID, CITRIC ACID, SODIUM BENZOATE, POTASSIUM SORBATE, PARFUM (FRAGRANCE)",yes,yes,ja
Dermosthétique Hyaluronic Acid Hydrating Toner,en,https://image.labiosthetique.com/i/square-1440/m2-product:dermosth_tique_hyaluronic_acid_hydrating_toner_247959_200ml_917c0fb.jpg/feed-media.jpg,https://www.labiosthetique.de/dermosthetique-acid-hydrating-toner,/dermosthetique-acid-hydrating-toner,002665,"The light formulation with hyaluronic acid refreshes and regenerates the skin, prevents it from drying out and supports the absorption of subsequent care substances.","39,00 €","195,00 € / 1 l",200 ml,Skin care,"Squirt a small amount of the toner into the palm of the hand and apply it to the cleansed face, neck and décolleté, then apply a subsequent care product while the skin is still moist.","AQUA (WATER), ALCOHOL DENAT., CENTELLA ASIATICA LEAF EXTRACT*, SODIUM HYALURONATE, CAPRYLYL/CAPRYL GLUCOSIDE, GLYCERIN, LACTIC ACID, CITRIC ACID, SODIUM BENZOATE, POTASSIUM SORBATE, PARFUM (FRAGRANCE)",yes,yes,ja
Revitalising Aroma Complex,de,https://image.labiosthetique.com/i/square-1440/m2-product:revitalising_aroma_complex_384870_10ml_5524909.jpg/feed-media.jpg,https://www.labiosthetique.de/revitalising-aroma-complex,/revitalising-aroma-complex,003063,Das aromatisch duftende Konzentrat aus ausgesuchten etherischen Ölen mit energetisierenden Eigenschaften weckt im Rahmen einer ganzheitlichen Gesichtsbehandlung die Sinne und vitalisiert die Haut. Für alle Liebhaber von Visarôme Atône wird dies Ihr neues Lieblingsprodukt.,"36,00 €","3.600,00 € / 1 l",10 ml,Hautpflege,Aroma Complex zur Energetisierung der Gesichtshaut. Täglich oder mehrmals wöchentlich 2-3 Tropfen nach der Reinigung auf der Gesichtshaut verteilen und leicht mit den Fingerkuppen einmassieren. Kann auch punktuell an den Energiepunkten im Gesicht angewendet werden.,"DICAPRYLYL CARBONATE, ALCOHOL DENAT., PARFUM (FRAGRANCE), THYMUS VULGARIS (THYME) LEAF OIL, PELARGONIUM GRAVEOLENS FLOWER OIL, ROSMARINUS OFFICINALIS (ROSEMARY) LEAF OIL, CAMPHOR, CITRONELLOL, MENTHOL, MENTHA PIPERITA (PEPPERMINT) OIL, CORIDOTHYMUS CAPITATUS OIL, LINALOOL, TOCOPHEROL, PINENE, GERANIOL, LIMONENE, TERPINEOL, BETA-CARYOPHYLLENE, CITRUS AURANTIUM PEEL OIL, ALPHA-TERPINENE, LINALYL ACETATE, CITRAL, TERPINOLENE, EUGENOL, GERANYL ACETATE, EUGENIA CARYOPHYLLUS OIL",yes,yes,ja
Revitalising Aroma Complex,en,https://image.labiosthetique.com/i/square-1440/m2-product:revitalising_aroma_complex_384870_10ml_5524909.jpg/feed-media.jpg,https://www.labiosthetique.de/revitalising-aroma-complex,/revitalising-aroma-complex,003063,The aromatically scented concentrate of selected essential oils with energising properties awakens the senses and revitalises the skin as part of a holistic facial treatment. For all lovers of Visarôme Atône this will be your new favorite product.,"36,00 €","3.600,00 € / 1 l",10 ml,Skin care,Aroma Complex for energising the facial skin. Apply 2-3 drops to the facial skin daily or several times a week after cleansing and massage in gently with the fingertips. Can also be applied selectively to energy points on the face.,"DICAPRYLYL CARBONATE, ALCOHOL DENAT., PARFUM (FRAGRANCE), THYMUS VULGARIS (THYME) LEAF OIL, PELARGONIUM GRAVEOLENS FLOWER OIL, ROSMARINUS OFFICINALIS (ROSEMARY) LEAF OIL, CAMPHOR, CITRONELLOL, MENTHOL, MENTHA PIPERITA (PEPPERMINT) OIL, CORIDOTHYMUS CAPITATUS OIL, LINALOOL, TOCOPHEROL, PINENE, GERANIOL, LIMONENE, TERPINEOL, BETA-CARYOPHYLLENE, CITRUS AURANTIUM PEEL OIL, ALPHA-TERPINENE, LINALYL ACETATE, CITRAL, TERPINOLENE, EUGENOL, GERANYL ACETATE, EUGENIA CARYOPHYLLUS OIL",yes,yes,ja
Care & Fix Lash Conditioner,de,https://image.labiosthetique.com/i/square-1440/m2-product:care_fix_lash_conditioner_406173_5ml_86a7a93.jpg/feed-media.jpg,https://www.labiosthetique.de/care-fix-lash-conditioner-1,/care-fix-lash-conditioner-1,017682,"Die unsichtbare Wimpernpflege verwöhnt nicht nur die Wimpern, sie bringt auch widerspenstige Augenbrauen wieder tipptopp in Form.","26,50 €",0,5 ml,Make-Up,"Care & Fix Lash Conditioner gleichmäßig auf die Wimpern bzw. Augenbrauen auftragen und in die gewünschte Form bringen. Als Wimpernpflege sollte Care & Fix Lash Conditioner regelmäßig morgens und abends verwendet werden, damit die Pflegestoffe intensiv wirken können.","AQUA (WATER), ALCOHOL DENAT. , PVP, TRIETHANOLAMINE, CARBOMER, PANTHENOL, PHENOXYETHANOL, METHYLPARABEN, ALOE BARBADENSIS LEAF JUICE, MALVA SYLVESTRIS FLOWER EXTRACT, PROPYLENE GLYCOL",no,no,ja
Care & Fix Lash Conditioner,en,https://image.labiosthetique.com/i/square-1440/m2-product:care_fix_lash_conditioner_406173_5ml_86a7a93.jpg/feed-media.jpg,https://www.labiosthetique.de/care-fix-lash-conditioner-1,/care-fix-lash-conditioner-1,017682,"The invisible lash care not only pampers the lashes, but also grooms stubborn eyebrows into shape.","26,50 €",0,5 ml,Make-up,"Evenly apply Care & Fix Lash Conditioner to lashes and/or brows and shape as desired. As a lash care, use Care & Fix Lash Conditioner regularly in the morning and evening to maximise the effect of the conditioning substances.","AQUA (WATER), ALCOHOL DENAT. , PVP, TRIETHANOLAMINE, CARBOMER, PANTHENOL, PHENOXYETHANOL, METHYLPARABEN, ALOE BARBADENSIS LEAF JUICE, MALVA SYLVESTRIS FLOWER EXTRACT, PROPYLENE GLYCOL",no,no,ja
Spa Long Lasting Roll-on Antiperspirant,de,https://image.labiosthetique.com/i/square-1440/m2-product:spa_long_lasting_roll_on_antiperspirant_329749_50ml_a1cc152.jpg/feed-media.jpg,https://www.labiosthetique.de/spa-longlasting-antiperspirant,/spa-longlasting-antiperspirant,002915,Antitranspirant zur Minderung übermäßiger Schweißbildung und Vermeidung von Schweißgeruch.,"21,50 €","430,00 € / 1 l",50 ml,Hautpflege,"Das lang anhaltende Roll-on Antitranspirant direkt auf die saubere, trockene Haut der Achselhöhle auftragen. Nicht unmittelbar nach der Rasur anwenden.","AQUA (WATER), ALUMINUM CHLOROHYDRATE, PPG-15 STEARYL ETHER, PROPANEDIOL, STEARETH-2, STEARETH-21, PARFUM (FRAGRANCE), PHENOXYETHANOL, KAOLIN, TETRAMETHYL ACETYLOCTAHYDRONAPHTHALENES, LIMONENE, ETHYLHEXYLGLYCERIN, CITRUS LIMON PEEL OIL, CITRUS AURANTIUM PEEL OIL, PINENE, CITRAL, LEMONGRASS OIL, LINALOOL, TOCOPHEROL",yes,no,ja
Spa Long Lasting Roll-on Antiperspirant,en,https://image.labiosthetique.com/i/square-1440/m2-product:spa_long_lasting_roll_on_antiperspirant_329749_50ml_a1cc152.jpg/feed-media.jpg,https://www.labiosthetique.de/spa-longlasting-antiperspirant,/spa-longlasting-antiperspirant,002915,An antiperspirant for reducing excessive perspiration and avoiding body odour.,"21,50 €","430,00 € / 1 l",50 ml,Skin care,"Apply Long-Lasting Roll-on Antiperspirant directly to the clean, dry skin of the underarms. Do not apply directly after shaving.","AQUA (WATER), ALUMINUM CHLOROHYDRATE, PPG-15 STEARYL ETHER, PROPANEDIOL, STEARETH-2, STEARETH-21, PARFUM (FRAGRANCE), PHENOXYETHANOL, KAOLIN, TETRAMETHYL ACETYLOCTAHYDRONAPHTHALENES, LIMONENE, ETHYLHEXYLGLYCERIN, CITRUS LIMON PEEL OIL, CITRUS AURANTIUM PEEL OIL, PINENE, CITRAL, LEMONGRASS OIL, LINALOOL, TOCOPHEROL",yes,no,ja
Homme Matt Grip Paste,de,https://image.labiosthetique.com/i/square-1440/m2-product:homme_matt_grip_paste_413143_75ml_15c7ca3.jpg/feed-media.jpg,https://www.labiosthetique.de/homme-matt-grip-paste-1,/homme-matt-grip-paste-1,110008,Die Stylingpaste mit Aktivkohle schafft griffig-voluminöse Looks mit flexibler Modellierbarkeit und matter Undone-Textur.,"29,00 €","386,67 € / 1 l",75 ml,Styling,Ins trockene oder feuchte Haar einarbeiten.,"AQUA (WATER), GLYCERIN, KAOLIN, CERA ALBA (BEESWAX), PVP, CETYL PALMITATE, COPERNICIA CERIFERA CERA (CARNAUBA WAX), CETEARYL ALCOHOL, CETEARYL GLUCOSIDE, STEARIC ACID, PALMITIC ACID, HYDROGENATED COCO-GLYCERIDES, PARFUM (FRAGRANCE), ETHYLHEXYL STEARATE, POTASSIUM CETYL PHOSPHATE, SODIUM BENZOATE, TETRAMETHYL ACETYLOCTAHYDRONAPHTHALENES, LINALOOL, LIMONENE, CHARCOAL POWDER, LINALYL ACETATE, PINENE, CITRUS AURANTIUM BERGAMIA (BERGAMOT) PEEL OIL, CITRUS AURANTIUM PEEL OIL, GERANIOL, LAVANDULA OIL/EXTRACT, CITRUS LIMON PEEL OIL, TERPINEOL, COUMARIN, CITRAL, BETA-CARYOPHYLLENE, CAMPHOR, ROSE KETONES, VANILLIN, TERPINOLENE, ALPHA-TERPINENE, GERANYL ACETATE",yes,no,ja
Homme Matt Grip Paste,en,https://image.labiosthetique.com/i/square-1440/m2-product:homme_matt_grip_paste_413143_75ml_15c7ca3.jpg/feed-media.jpg,https://www.labiosthetique.de/homme-matt-grip-paste-1,/homme-matt-grip-paste-1,110008,The styling paste with active charcoal creates voluminous looks with grip and a matte undone texture that can be flexibly modelled.,"29,00 €","386,67 € / 1 l",75 ml,Styling,Work into dry or damp hair.,"AQUA (WATER), GLYCERIN, KAOLIN, CERA ALBA (BEESWAX), PVP, CETYL PALMITATE, COPERNICIA CERIFERA CERA (CARNAUBA WAX), CETEARYL ALCOHOL, CETEARYL GLUCOSIDE, STEARIC ACID, PALMITIC ACID, HYDROGENATED COCO-GLYCERIDES, PARFUM (FRAGRANCE), ETHYLHEXYL STEARATE, POTASSIUM CETYL PHOSPHATE, SODIUM BENZOATE, TETRAMETHYL ACETYLOCTAHYDRONAPHTHALENES, LINALOOL, LIMONENE, CHARCOAL POWDER, LINALYL ACETATE, PINENE, CITRUS AURANTIUM BERGAMIA (BERGAMOT) PEEL OIL, CITRUS AURANTIUM PEEL OIL, GERANIOL, LAVANDULA OIL/EXTRACT, CITRUS LIMON PEEL OIL, TERPINEOL, COUMARIN, CITRAL, BETA-CARYOPHYLLENE, CAMPHOR, ROSE KETONES, VANILLIN, TERPINOLENE, ALPHA-TERPINENE, GERANYL ACETATE",yes,no,ja
BELAVANCE® Brilliant Nail Chili,de,https://image.labiosthetique.com/i/square-1440/m2-product:belavance_brilliant_nail_chili_413018_8ml_d54e09e.jpg/feed-media.jpg,https://www.labiosthetique.de/brilliant-nail?childSku=4040218896824,/brilliant-nail?childSku=4040218896824,020401,Der Nagellack Brilliant Nail peppt Hand- und Fußnägel frech auf und bringt sie auf Hochglanz – langanhaltend.,"19,00 €",0,8 ml,Make-Up,"Einfach eine dünne Schicht Brilliant Nail über den bereits getrockneten Unterlack bzw. auch direkt auf den Nagel auftragen. Intensiveres Farbergebnis gewünscht? Dann einfach eine zweite Schicht auftragen. Für eine noch längere Haltbarkeit mit dem Überlack Superior Nail Treatment fixieren. Und wenn´s schnell gehen soll, dann den Nagellack-Schnelltrockner Brilliant Nail Finish verwenden.","BUTYL ACETATE, ETHYL ACETATE, NITROCELLULOSE, ACETYL TRIBUTYL CITRATE, ADIPIC ACID/NEOPENTYL GLYCOL/TRIMELLITIC ANHYDRIDE COPOLYMER, ISOPROPYL ALCOHOL, CI 73360 (RED 30 LAKE), STEARALKONIUM BENTONITE, ACRYLATES COPOLYMER, CI 15850 (RED 7 LAKE), N-BUTYL ALCOHOL, SORBIC ACID, DIETHYLHEXYL SODIUM SULFOSUCCINATE, CI 77891 (TITANIUM DIOXIDE), PHOSPHORIC ACID, AQUA (WATER), ALCOHOL DENAT., CI 19140 (YELLOW 5 LAKE), CI 77510 (FERRIC FERROCYANIDE), CI 77499 (IRON OXIDES)",yes,yes,ja
BELAVANCE® Brilliant Nail Chili,en,https://image.labiosthetique.com/i/square-1440/m2-product:belavance_brilliant_nail_chili_413018_8ml_d54e09e.jpg/feed-media.jpg,https://www.labiosthetique.de/brilliant-nail?childSku=4040218896824,/brilliant-nail?childSku=4040218896824,020401,Brilliant Nail nail polish gives finger and toe nails a cheeky look with high shine and is also long-lasting,"19,00 €",0,8 ml,Make-up,"Simply apply a thin coat of Brilliant Nail to the already dry base coat and/or directly to the nail. Would you like a more intense colour result? If so, simply apply a second coat. For more durability fix the nails with the Superior Nail Treatment top coat. And if you are in a rush, use Brilliant Nail Finish for fast-drying nails.","BUTYL ACETATE, ETHYL ACETATE, NITROCELLULOSE, ACETYL TRIBUTYL CITRATE, ADIPIC ACID/NEOPENTYL GLYCOL/TRIMELLITIC ANHYDRIDE COPOLYMER, ISOPROPYL ALCOHOL, CI 73360 (RED 30 LAKE), STEARALKONIUM BENTONITE, ACRYLATES COPOLYMER, CI 15850 (RED 7 LAKE), N-BUTYL ALCOHOL, SORBIC ACID, DIETHYLHEXYL SODIUM SULFOSUCCINATE, CI 77891 (TITANIUM DIOXIDE), PHOSPHORIC ACID, AQUA (WATER), ALCOHOL DENAT., CI 19140 (YELLOW 5 LAKE), CI 77510 (FERRIC FERROCYANIDE), CI 77499 (IRON OXIDES)",yes,yes,ja
N° 11 Augenbrauen- & Wimpernbürste,de,https://image.labiosthetique.com/i/square-1440/m2-product:n_11_augenbrauen_wimpernb_rste_394495_1St_ck_a78c179.jpg/feed-media.jpg,https://www.labiosthetique.de/n-11-augenbrauen-wimpernbuerste,/n-11-augenbrauen-wimpernbuerste,031760,Lash Brush aus schwarzen Nylonfasern: Formt die Augenbrauen und löst zudem überschüssige Klümpchen von den Wimpern.,"6,00 €",0,1 pcs,Make-Up,Die Bürste direkt nach dem Tuschen verwenden und verklebte Wimpern trennen und definieren. Tipp: Für perfekte Wow Brows die Augenbrauen mit etwas Haarspray in Form bürsten.,keine Angabe,no,no,ja
N° 11 Eyebrow and lash brush,en,https://image.labiosthetique.com/i/square-1440/m2-product:n_11_augenbrauen_wimpernb_rste_394495_1St_ck_a78c179.jpg/feed-media.jpg,https://www.labiosthetique.de/n-11-augenbrauen-wimpernbuerste,/n-11-augenbrauen-wimpernbuerste,031760,Lash brush made of black nylon fibres: Shapes the eyebrows and brushes surplus clumps from the lashes.,"6,00 €",0,1 pcs,Make-up,Use the brush right after applying mascara to separate and define stuck-together lashes. Tip: For perfect wow brows brush the eyebrows into shape with some hairspray.,not specified,no,no,ja
Curl Activating Shampoo,de,https://image.labiosthetique.com/i/square-1440/m2-product:curl_activating_shampoo_247199_250ml_65fdd37.jpg/feed-media.jpg,https://www.labiosthetique.de/curl-activating-shampoo,/curl-activating-shampoo,120858,Das sanft reinigende Shampoo belebt und aktiviert Locken bereits beim Waschen mit extra viel Feuchtigkeit und einem exklusiven Polymer.,"27,00 €","108,00 € / 1 l",250 ml,Haar- & Kopfhautpflege,"Gleichmäßig im angefeuchteten Haar verteilen, aufschäumen und einmassieren. Anschließend gründlich ausspülen.","AQUA (WATER), LAURYL GLUCOSIDE , SODIUM LAURETH SULFATE, GLYCERIN, COCAMIDOPROPYL BETAINE, SODIUM LAUROYL SARCOSINATE, PARFUM (FRAGRANCE), POLYQUATERNIUM-7, LACTIC ACID, SODIUM BENZOATE, SODIUM CHLORIDE, C9-12 ALKANE, MARIS SAL (SEA SALT), TETRAMETHYL ACETYLOCTAHYDRONAPHTHALENES, SODIUM CITRATE, POLYQUATERNIUM-10, CITRIC ACID, LIMONENE, COCO-CAPRYLATE/CAPRATE, LINALOOL, HEXAMETHYLINDANOPYRAN, LINALYL ACETATE, SERINE, SODIUM LACTATE, SORBITOL, TEA-LACTATE, UREA, PHENOXYETHANOL, BENZYL SALICYLATE, ALPHA-ISOMETHYL IONONE, PINENE, CITRONELLOL, PG-HYDROXYETHYLCELLULOSE COCODIMONIUM CHLORIDE, ETHYLHEXYLGLYCERIN, ALLANTOIN",yes,yes,ja
Curl Activating Shampoo,en,https://image.labiosthetique.com/i/square-1440/m2-product:curl_activating_shampoo_247199_250ml_65fdd37.jpg/feed-media.jpg,https://www.labiosthetique.de/curl-activating-shampoo,/curl-activating-shampoo,120858,The gently cleansing shampoo invigorates and activates curls as you wash them with lots of moisture and an exclusive polymer.,"27,00 €","108,00 € / 1 l",250 ml,Hair & scalp care,"Evenly distribute into dampened hair, lather, and massage in. Then rinse thoroughly.","AQUA (WATER), LAURYL GLUCOSIDE , SODIUM LAURETH SULFATE, GLYCERIN, COCAMIDOPROPYL BETAINE, SODIUM LAUROYL SARCOSINATE, PARFUM (FRAGRANCE), POLYQUATERNIUM-7, LACTIC ACID, SODIUM BENZOATE, SODIUM CHLORIDE, C9-12 ALKANE, MARIS SAL (SEA SALT), TETRAMETHYL ACETYLOCTAHYDRONAPHTHALENES, SODIUM CITRATE, POLYQUATERNIUM-10, CITRIC ACID, LIMONENE, COCO-CAPRYLATE/CAPRATE, LINALOOL, HEXAMETHYLINDANOPYRAN, LINALYL ACETATE, SERINE, SODIUM LACTATE, SORBITOL, TEA-LACTATE, UREA, PHENOXYETHANOL, BENZYL SALICYLATE, ALPHA-ISOMETHYL IONONE, PINENE, CITRONELLOL, PG-HYDROXYETHYLCELLULOSE COCODIMONIUM CHLORIDE, ETHYLHEXYLGLYCERIN, ALLANTOIN",yes,yes,ja
Volume Strengthening Repair Mask,de,https://image.labiosthetique.com/i/square-1440/m2-product:volume_strengthening_repair_mask_247443_100ml_df35f6a.jpg/feed-media.jpg,https://www.labiosthetique.de/volume-strengthening-repair-mask,/volume-strengthening-repair-mask,120524,"Die intensive Pflegemaske repariert und kräftigt das Haar tiefenwirksam, ohne es zu beschweren, beugt Haarbruch sowie Spliss vor und schafft gesundes Volumen.","28,00 €","280,00 € / 1 l",100 ml,Haar- & Kopfhautpflege,"Gleichmäßig im feuchten Haar verteilen, möglichst 10 Minuten einwirken lassen und anschließend ausspülen.","AQUA (WATER), CETEARYL ALCOHOL, CETYL ALCOHOL, PEG-40 HYDROGENATED CASTOR OIL, DICAPRYLYL ETHER , PENTYLENE GLYCOL, PHENOXYETHANOL, BEHENTRIMONIUM METHOSULFATE, PARFUM (FRAGRANCE), LAURYL ALCOHOL, POLYQUATERNIUM-11, POLYGLYCERYL-3 OLEATE, HYDROLYZED RICE BRAN PROTEIN, HYDROLYZED SOY PROTEIN, KAPPAPHYCUS ALVAREZII EXTRACT, BETAINE, LAMINARIA SACCHARINA EXTRACT, TETRAMETHYL ACETYLOCTAHYDRONAPHTHALENES, ETHYLHEXYLGLYCERIN, ACETIC ACID, HEXADECANOLACTONE, GLYCINE, BENZYL SALICYLATE, ALPHA-ISOMETHYL IONONE, LIMONENE, CITRUS AURANTIUM BERGAMIA (BERGAMOT) PEEL OIL, CAPRYLYL GLYCOL, LINALYL ACETATE, ISOCHRYSIS GALBANA EXTRACT, TOCOPHEROL",yes,yes,ja
Volume Strengthening Repair Mask,en,https://image.labiosthetique.com/i/square-1440/m2-product:volume_strengthening_repair_mask_247443_100ml_df35f6a.jpg/feed-media.jpg,https://www.labiosthetique.de/volume-strengthening-repair-mask,/volume-strengthening-repair-mask,120524,"This intensive care mask repairs and strengthens the hair right down to the roots without weighing it down, prevents hair breakage and split ends and creates healthy volume.","28,00 €","280,00 € / 1 l",100 ml,Hair & scalp care,"Evenly distribute into damp hair, leave in for 10 minutes where possible and then rinse.","AQUA (WATER), CETEARYL ALCOHOL, CETYL ALCOHOL, PEG-40 HYDROGENATED CASTOR OIL, DICAPRYLYL ETHER , PENTYLENE GLYCOL, PHENOXYETHANOL, BEHENTRIMONIUM METHOSULFATE, PARFUM (FRAGRANCE), LAURYL ALCOHOL, POLYQUATERNIUM-11, POLYGLYCERYL-3 OLEATE, HYDROLYZED RICE BRAN PROTEIN, HYDROLYZED SOY PROTEIN, KAPPAPHYCUS ALVAREZII EXTRACT, BETAINE, LAMINARIA SACCHARINA EXTRACT, TETRAMETHYL ACETYLOCTAHYDRONAPHTHALENES, ETHYLHEXYLGLYCERIN, ACETIC ACID, HEXADECANOLACTONE, GLYCINE, BENZYL SALICYLATE, ALPHA-ISOMETHYL IONONE, LIMONENE, CITRUS AURANTIUM BERGAMIA (BERGAMOT) PEEL OIL, CAPRYLYL GLYCOL, LINALYL ACETATE, ISOCHRYSIS GALBANA EXTRACT, TOCOPHEROL",yes,yes,ja
Spa Intensive Hand Care,de,https://image.labiosthetique.com/i/square-1440/m2-product:spa_intensive_hand_care_417074_50ml_83b8dfb.jpg/feed-media.jpg,https://www.labiosthetique.de/spa-intensive-hand-care?childSku=4040218856323,/spa-intensive-hand-care?childSku=4040218856323,003731,Zur intensiven Pflege trockener Haut an den Händen.,"18,50 €","370,00 € / 1 l",50 ml,Hautpflege,"Nach dem Händewaschen eine erbsengroße Menge auf die trockene Haut auftragen und einmassieren. Anwendung als Handpackung: Eine Cremeschicht wie eine Maske auftragen, mit einer warmen Kompresse abdecken und circa 15 Minuten einwirken lassen. Die Cremereste anschließend einmassieren.","AQUA (WATER), PETROLATUM, PARAFFINUM LIQUIDUM (MINERAL OIL), GLYCERIN, GLYCERYL STEARATE, STEARIC ACID, PALMITIC ACID, CETEARYL ALCOHOL, PEG-5 GLYCERYL STEARATE, CETEARETH-12, INULIN, PANTHENOL, PARFUM (FRAGRANCE), OCTYLDODECANOL, PHENOXYETHANOL, TROMETHAMINE, ALLANTOIN, ALPHA-GLUCAN OLIGOSACCHARIDE, TETRAMETHYL ACETYLOCTAHYDRONAPHTHALENES, LIMONENE, BENZOIC ACID, SODIUM LACTATE, CITRUS LIMON PEEL OIL, CITRUS AURANTIUM PEEL OIL, ECHIUM PLANTAGINEUM SEED OIL, DEHYDROACETIC ACID, HELIANTHUS ANNUUS (SUNFLOWER) SEED OIL UNSAPONIFIABLES, CITRIC ACID, PINENE, CITRAL, CARDIOSPERMUM HALICACABUM FLOWER/LEAF/VINE EXTRACT, LEMONGRASS OIL, LINALOOL, TOCOPHEROL",yes,no,ja
Spa Intensive Hand Care,en,https://image.labiosthetique.com/i/square-1440/m2-product:spa_intensive_hand_care_417074_50ml_83b8dfb.jpg/feed-media.jpg,https://www.labiosthetique.de/spa-intensive-hand-care?childSku=4040218856323,/spa-intensive-hand-care?childSku=4040218856323,003731,Intensive care for dry skin on the hands.,"18,50 €","370,00 € / 1 l",50 ml,Skin care,"After hand-washing, apply a pea-sized amount to dry skin and massage in. Application as a hand pack: apply a layer of cream like a mask, cover with a warm compress and leave to take effect for approximately 15 minutes, then massage in the cream residue.","AQUA (WATER), PETROLATUM, PARAFFINUM LIQUIDUM (MINERAL OIL), GLYCERIN, GLYCERYL STEARATE, STEARIC ACID, PALMITIC ACID, CETEARYL ALCOHOL, PEG-5 GLYCERYL STEARATE, CETEARETH-12, INULIN, PANTHENOL, PARFUM (FRAGRANCE), OCTYLDODECANOL, PHENOXYETHANOL, TROMETHAMINE, ALLANTOIN, ALPHA-GLUCAN OLIGOSACCHARIDE, TETRAMETHYL ACETYLOCTAHYDRONAPHTHALENES, LIMONENE, BENZOIC ACID, SODIUM LACTATE, CITRUS LIMON PEEL OIL, CITRUS AURANTIUM PEEL OIL, ECHIUM PLANTAGINEUM SEED OIL, DEHYDROACETIC ACID, HELIANTHUS ANNUUS (SUNFLOWER) SEED OIL UNSAPONIFIABLES, CITRIC ACID, PINENE, CITRAL, CARDIOSPERMUM HALICACABUM FLOWER/LEAF/VINE EXTRACT, LEMONGRASS OIL, LINALOOL, TOCOPHEROL",yes,no,ja
Magic Shadow 52 Champagne Pink,de,https://image.labiosthetique.com/i/square-1440/m2-product:magic_shadow_52_champagne_pink_354973_2_5g_724415a.jpg/feed-media.jpg,https://www.labiosthetique.de/magic-shadow?childSku=4040218866223,/magic-shadow?childSku=4040218866223,016571,Der Puder-Lidschatten zaubert mit seinen pudrigen Farbpigmenten magische Akzente auf die Augenlider.,"25,00 €",0,"2,5 g",Make-Up,"Magic Shadow einfach mit den Fingern, dem Lidschattenapplikator oder einem Pinsel in gewünschter Form und Farbintensität auf das Lid auftragen.","SYNTHETIC FLUORPHLOGOPITE, TALC, CI 77891 (TITANIUM DIOXIDE), PENTAERYTHRITYL TETRAISOSTEARATE, ZEA MAYS (CORN) STARCH, CI 77491 (IRON OXIDES), OCTYLDODECYL STEAROYL STEARATE, PHENYL TRIMETHICONE, ZINC STEARATE, SORBIC ACID, TIN OXIDE, SODIUM DEHYDROACETATE, GLYCINE SOJA (SOYBEAN) OIL, BISABOLOL, CALENDULA OFFICINALIS FLOWER EXTRACT, TOCOPHEROL",no,yes,ja
Magic Shadow 52 Champagne Pink,en,https://image.labiosthetique.com/i/square-1440/m2-product:magic_shadow_52_champagne_pink_354973_2_5g_724415a.jpg/feed-media.jpg,https://www.labiosthetique.de/magic-shadow?childSku=4040218866223,/magic-shadow?childSku=4040218866223,016571,The powder eyeshadow contains powdery colour pigments to magically give the eyelids enchanting accents.,"25,00 €",0,"2,5 g",Make-up,"Simply apply Magic Shadow to the lid with the fingers, the eyeshadow applicator or a brush in the desired shape and colour intensity.","SYNTHETIC FLUORPHLOGOPITE, TALC, CI 77891 (TITANIUM DIOXIDE), PENTAERYTHRITYL TETRAISOSTEARATE, ZEA MAYS (CORN) STARCH, CI 77491 (IRON OXIDES), OCTYLDODECYL STEAROYL STEARATE, PHENYL TRIMETHICONE, ZINC STEARATE, SORBIC ACID, TIN OXIDE, SODIUM DEHYDROACETATE, GLYCINE SOJA (SOYBEAN) OIL, BISABOLOL, CALENDULA OFFICINALIS FLOWER EXTRACT, TOCOPHEROL",no,yes,ja
glam + colour Icy Crystal .07 .LV Colouring Mask,de,https://image.labiosthetique.com/i/square-1440/m2-product:glam_colour_icy_crystal_.07_.lv_colouring_mask_381813_200ml_9655cba.jpg/feed-media.jpg,https://www.labiosthetique.de/glam-colour-icy-crystal-07-lv-colouring-mask,/glam-colour-icy-crystal-07-lv-colouring-mask,038266,Die Haarmaske mit Farbpigmenten und Farbschutz wirkt intensiv pflegend und verleiht blondem Haar einen kühlen Kristall-Ton mit eisig strahlenden Reflexen.,"37,50 €","187,50 € / 1 l",200 ml,Haar- & Kopfhautpflege,"Die Colouring Mask unter Verwendung der beigefügten Handschuhe gleichmäßig im gewaschenen, handtuchtrockenen Haar verteilen. Je nach gewünschter Intensität 3-10 Minuten einwirken lassen, anschließend gründlich ausspülen.","AQUA (WATER), BEHENAMIDOPROPYL DIMETHYLAMINE, DICAPRYLYL ETHER , NEOPENTYL GLYCOL DIHEPTANOATE, PROPYLENE GLYCOL, INULIN, DICOCOYL PENTAERYTHRITYL DISTEARYL CITRATE , CETEARYL ALCOHOL, LACTIC ACID, LAURYL ALCOHOL, PARFUM (FRAGRANCE), BEHENTRIMONIUM METHOSULFATE, CETRIMONIUM CHLORIDE, GUAR HYDROXYPROPYLTRIMONIUM CHLORIDE, BENZOIC ACID, GLYCERIN, TETRAMETHYL ACETYLOCTAHYDRONAPHTHALENES, BUTYLENE GLYCOL, ACID VIOLET 43, CITRUS AURANTIUM BERGAMIA (BERGAMOT) PEEL OIL, LIMONENE, LINALOOL, HELIANTHUS ANNUUS (SUNFLOWER) SEED EXTRACT, LINALYL ACETATE, GERANIOL, TERPINEOL, BASIC RED 76, CITRONELLOL, ORYZA SATIVA (RICE) SEED PROTEIN, PINENE, HC BLUE NO. 16, CITRIC ACID, ORYZA SATIVA (RICE) EXTRACT, GLUCONOLACTONE , SODIUM BENZOATE, BASIC BROWN 17, CALCIUM GLUCONATE",yes,yes,ja
glam + colour Icy Crystal .07 .LV Colouring Mask,en,https://image.labiosthetique.com/i/square-1440/m2-product:glam_colour_icy_crystal_.07_.lv_colouring_mask_381813_200ml_9655cba.jpg/feed-media.jpg,https://www.labiosthetique.de/glam-colour-icy-crystal-07-lv-colouring-mask,/glam-colour-icy-crystal-07-lv-colouring-mask,038266,"The hair mask with colour pigments and colour protection has an intensive conditioning effect and gives blonde hair a cool crystal tone with icy, radiant highlights.","37,50 €","187,50 € / 1 l",200 ml,Hair & scalp care,"Apply the Colouring Mask evenly to washed, towel-dried hair using the enclosed gloves. Leave on for 3-10 minutes depending on the desired intensity, then rinse thoroughly.","AQUA (WATER), BEHENAMIDOPROPYL DIMETHYLAMINE, DICAPRYLYL ETHER , NEOPENTYL GLYCOL DIHEPTANOATE, PROPYLENE GLYCOL, INULIN, DICOCOYL PENTAERYTHRITYL DISTEARYL CITRATE , CETEARYL ALCOHOL, LACTIC ACID, LAURYL ALCOHOL, PARFUM (FRAGRANCE), BEHENTRIMONIUM METHOSULFATE, CETRIMONIUM CHLORIDE, GUAR HYDROXYPROPYLTRIMONIUM CHLORIDE, BENZOIC ACID, GLYCERIN, TETRAMETHYL ACETYLOCTAHYDRONAPHTHALENES, BUTYLENE GLYCOL, ACID VIOLET 43, CITRUS AURANTIUM BERGAMIA (BERGAMOT) PEEL OIL, LIMONENE, LINALOOL, HELIANTHUS ANNUUS (SUNFLOWER) SEED EXTRACT, LINALYL ACETATE, GERANIOL, TERPINEOL, BASIC RED 76, CITRONELLOL, ORYZA SATIVA (RICE) SEED PROTEIN, PINENE, HC BLUE NO. 16, CITRIC ACID, ORYZA SATIVA (RICE) EXTRACT, GLUCONOLACTONE , SODIUM BENZOATE, BASIC BROWN 17, CALCIUM GLUCONATE",yes,yes,ja
Beauty Stick Bronzer,de,https://image.labiosthetique.com/i/square-1440/m2-product:beauty_stick_bronzer_405208_7g_601c65f.jpg/feed-media.jpg,https://www.labiosthetique.de/beauty-stick-bronzer,/beauty-stick-bronzer,021753,"Der Beauty Stick Bronzer zaubert im Handumdrehen einen natürlichen, sonnengeküssten Glow. Die cremig leichte Formel mit pflegenden Inhaltsstoffen und vielseitige Anwendungsmöglichkeiten machen ihn zum unentbehrlichen Make-up-Must-have.","39,00 €",0,7 g,Make-Up,"Direkt auf die gewünschten Gesichtspartien auftragen und mit den Fingern, einem Pinsel oder einem Schwamm verblenden, bis ein natürlicher Übergang entsteht. Wiederholtes Auftragen erhöht die Intensität.","OCTYLDODECANOL, ORYZA SATIVA (RICE) BRAN WAX, CI 77491 (IRON OXIDES), MICA, BUTYROSPERMUM PARKII (SHEA) BUTTER, HYDROGENATED COCONUT OIL, SQUALANE, SYNTHETIC FLUORPHLOGOPITE, TRIBEHENIN, GLYCERYL ROSINATE, NEOPENTYL GLYCOL DICAPRYLATE/DICAPRATE, CI 77891 (TITANIUM DIOXIDE), MAGNESIUM STEARATE, SILICA, VACCINIUM MACROCARPON (CRANBERRY) SEED OIL, TOCOPHEROL, PARFUM (FRAGRANCE), HELIANTHUS ANNUUS (SUNFLOWER) SEED OIL, TIN OXIDE, LINALOOL, LINALYL ACETATE, CITRUS AURANTIUM FLOWER OIL, GERANYL ACETATE",yes,yes,ja
Beauty Stick Bronzer,en,https://image.labiosthetique.com/i/square-1440/m2-product:beauty_stick_bronzer_405208_7g_601c65f.jpg/feed-media.jpg,https://www.labiosthetique.de/beauty-stick-bronzer,/beauty-stick-bronzer,021753,"Beauty Stick Bronzer conjures up a natural, sun-kissed glow in no time at all. The creamy light formulation with caring ingredients and the wide range of possible applications make it an essential make-up must-have.","39,00 €",0,7 g,Make-up,"Apply directly to the desired areas of the face, for example the cheeks, forehead and bridge of the nose. Use your fingers, a sponge or a foundation brush to blend in the bronzer and create a natural transition. Repeated application increases the intensity. Can also be used as a blusher or for a soft glow.","OCTYLDODECANOL, ORYZA SATIVA (RICE) BRAN WAX, CI 77491 (IRON OXIDES), MICA, BUTYROSPERMUM PARKII (SHEA) BUTTER, HYDROGENATED COCONUT OIL, SQUALANE, SYNTHETIC FLUORPHLOGOPITE, TRIBEHENIN, GLYCERYL ROSINATE, NEOPENTYL GLYCOL DICAPRYLATE/DICAPRATE, CI 77891 (TITANIUM DIOXIDE), MAGNESIUM STEARATE, SILICA, VACCINIUM MACROCARPON (CRANBERRY) SEED OIL, TOCOPHEROL, PARFUM (FRAGRANCE), HELIANTHUS ANNUUS (SUNFLOWER) SEED OIL, TIN OXIDE, LINALOOL, LINALYL ACETATE, CITRUS AURANTIUM FLOWER OIL, GERANYL ACETATE",yes,yes,ja
Homme Energising Face Care,de,https://image.labiosthetique.com/i/square-1440/m2-product:homme_energising_face_care_412821_50ml_8c0ee17.jpg/feed-media.jpg,https://www.labiosthetique.de/homme-energising-face-care,/homme-energising-face-care,003904,"Die belebende, Feuchtigkeit spendende Gesichtspflege mit Sofort- und Langzeiteffekt für ein glatteres, vitalisiertes und rundum frisches Hautbild.","24,00 €","480,00 € / 1 l",50 ml,Hautpflege,Nach der Rasur und Reinigung gleichmäßig auf die Gesichtshaut auftragen und einwirken lassen.,"AQUA (WATER), DICAPRYLYL CARBONATE, GLYCERIN, CAPRYLIC/CAPRIC TRIGLYCERIDE, SQUALANE, ORYZA SATIVA (RICE) STARCH, ACACIA SENEGAL GUM, TOCOPHERYL ACETATE, XANTHAN GUM, SODIUM HYALURONATE, PARFUM (FRAGRANCE), SODIUM BENZOATE, COCO-BETAINE, SODIUM STEAROYL GLUTAMATE, BISABOLOL, CHONDRUS CRISPUS (CARRAGEENAN) EXTRACT, LACTIC ACID, TETRAMETHYL ACETYLOCTAHYDRONAPHTHALENES, PENTYLENE GLYCOL, MAGNESIUM ASPARTATE, ZINC GLUCONATE, PHENOXYETHANOL, SODIUM CHLORIDE, LINALOOL, LIMONENE, LITHOTHAMNIOM CALCAREUM EXTRACT, LINALYL ACETATE, PINENE, SODIUM CARRAGEENAN, JANIA RUBENS EXTRACT, COPPER GLUCONATE, CITRUS AURANTIUM BERGAMIA (BERGAMOT) PEEL OIL, CITRUS AURANTIUM PEEL OIL, GERANIOL, LAVANDULA OIL/EXTRACT, CITRUS LIMON PEEL OIL, TOCOPHEROL, ETHYLHEXYLGLYCERIN, TERPINEOL, COUMARIN, CITRAL",yes,yes,ja
Homme Energising Face Care,en,https://image.labiosthetique.com/i/square-1440/m2-product:homme_energising_face_care_412821_50ml_8c0ee17.jpg/feed-media.jpg,https://www.labiosthetique.de/homme-energising-face-care,/homme-energising-face-care,003904,"The invigorating, hydrating facial care product with an instant and lasting effect for a smoother, revitalised and completely fresh complexion.","24,00 €","480,00 € / 1 l",50 ml,Skin care,"After shaving and cleansing, distribute evenly on the facial skin and leave to take effect.","AQUA (WATER), DICAPRYLYL CARBONATE, GLYCERIN, CAPRYLIC/CAPRIC TRIGLYCERIDE, SQUALANE, ORYZA SATIVA (RICE) STARCH, ACACIA SENEGAL GUM, TOCOPHERYL ACETATE, XANTHAN GUM, SODIUM HYALURONATE, PARFUM (FRAGRANCE), SODIUM BENZOATE, COCO-BETAINE, SODIUM STEAROYL GLUTAMATE, BISABOLOL, CHONDRUS CRISPUS (CARRAGEENAN) EXTRACT, LACTIC ACID, TETRAMETHYL ACETYLOCTAHYDRONAPHTHALENES, PENTYLENE GLYCOL, MAGNESIUM ASPARTATE, ZINC GLUCONATE, PHENOXYETHANOL, SODIUM CHLORIDE, LINALOOL, LIMONENE, LITHOTHAMNIOM CALCAREUM EXTRACT, LINALYL ACETATE, PINENE, SODIUM CARRAGEENAN, JANIA RUBENS EXTRACT, COPPER GLUCONATE, CITRUS AURANTIUM BERGAMIA (BERGAMOT) PEEL OIL, CITRUS AURANTIUM PEEL OIL, GERANIOL, LAVANDULA OIL/EXTRACT, CITRUS LIMON PEEL OIL, TOCOPHEROL, ETHYLHEXYLGLYCERIN, TERPINEOL, COUMARIN, CITRAL",yes,yes,ja
After Sun Hydrating Hair Mask,de,https://image.labiosthetique.com/i/square-1440/m2-product:after_sun_hydrating_hair_mask_413075_125ml_a63fc6f.jpg/feed-media.jpg,https://www.labiosthetique.de/after-sun-hydrating-hair-mask,/after-sun-hydrating-hair-mask,120957,"Die After Sun Hydrating Hair Mask regeneriert sonnenstrapaziertes Haar tiefenwirksam, versorgt es mit Feuchtigkeit und sorgt für spürbar geschmeidiges, glänzendes Sommerhaar.","24,50 €","196,00 € / 1 l",125 ml,Haar- & Kopfhautpflege,"Nach der Haarwäsche gleichmäßig im Haar verteilen. Als Schnellhaarpflege 2–5 Minuten, als Intensivhaarpflege 10–15 Minuten einwirken lassen. Anschließend auswaschen.","AQUA (WATER), CETEARYL ALCOHOL, PENTYLENE GLYCOL, BEHENTRIMONIUM METHOSULFATE, POLYGLYCERYL-3 OLEATE, PANTHENOL, DIMETHYLPABAMIDOPROPYL LAURDIMONIUM TOSYLATE, PARFUM (FRAGRANCE), BETAINE, CAPRYLIC/CAPRIC TRIGLYCERIDE, PHYTANTRIOL, ACETIC ACID, BENZOIC ACID, HYDROLYZED WHEAT PROTEIN, LACTIC ACID, TETRASODIUM EDTA, BUTYLENE GLYCOL, CITRUS AURANTIUM DULCIS PEEL CERA (ORANGE PEEL WAX), TETRAMETHYL ACETYLOCTAHYDRONAPHTHALENES, HYDROGENATED RAPESEED GLYCERIDES , BENZYL SALICYLATE, LIMONENE, HELIANTHUS ANNUUS (SUNFLOWER) SEED EXTRACT, BENZYL ALCOHOL, CITRUS AURANTIUM PEEL OIL, HEXYL CINNAMAL, CITRIC ACID, SODIUM BENZOATE",yes,yes,ja
After Sun Hydrating Hair Mask,en,https://image.labiosthetique.com/i/square-1440/m2-product:after_sun_hydrating_hair_mask_413075_125ml_a63fc6f.jpg/feed-media.jpg,https://www.labiosthetique.de/after-sun-hydrating-hair-mask,/after-sun-hydrating-hair-mask,120957,"After Sun Hydrating Hair Mask regenerates sun-stressed hair down to the roots, supplies it with moisture and makes it noticeably soft and shiny in the summer months.","24,50 €","196,00 € / 1 l",125 ml,Hair & scalp care,"After washing, distribute evenly in the hair. Leave to take effect for 2–5 minutes as express hair care and for 10–15 minutes as intensive hair care, then rinse out.","AQUA (WATER), CETEARYL ALCOHOL, PENTYLENE GLYCOL, BEHENTRIMONIUM METHOSULFATE, POLYGLYCERYL-3 OLEATE, PANTHENOL, DIMETHYLPABAMIDOPROPYL LAURDIMONIUM TOSYLATE, PARFUM (FRAGRANCE), BETAINE, CAPRYLIC/CAPRIC TRIGLYCERIDE, PHYTANTRIOL, ACETIC ACID, BENZOIC ACID, HYDROLYZED WHEAT PROTEIN, LACTIC ACID, TETRASODIUM EDTA, BUTYLENE GLYCOL, CITRUS AURANTIUM DULCIS PEEL CERA (ORANGE PEEL WAX), TETRAMETHYL ACETYLOCTAHYDRONAPHTHALENES, HYDROGENATED RAPESEED GLYCERIDES , BENZYL SALICYLATE, LIMONENE, HELIANTHUS ANNUUS (SUNFLOWER) SEED EXTRACT, BENZYL ALCOHOL, CITRUS AURANTIUM PEEL OIL, HEXYL CINNAMAL, CITRIC ACID, SODIUM BENZOATE",yes,yes,ja
N° 1 Puderpinsel,de,https://image.labiosthetique.com/i/square-1440/m2-product:n_1_puderpinsel_394492_1St_ck_192c1a9.jpg/feed-media.jpg,https://www.labiosthetique.de/n-1-puderpinsel,/n-1-puderpinsel,031397,"Das Must-have, um loses oder gepresstes Powder-Make-up gleichmäßig aufzutragen und auszublenden: Pinsel aus softem Ziegenhaar","26,00 €",0,1 pcs,Make-Up,"Puder durch kreisende Bewegung des Pinsels aufnehmen. Überschüssigen Puder vor der Anwendung leicht auf dem Handrücken abklopfen. Anschließend von der Gesichtsmitte nach außen hin über Stirn, Nase, Kinn und Wangen sanft in die Haut einarbeiten und verblenden. Ideal auch, um Make-up entlang der Gesichtskonturen und der Kinnlinie zu verblenden.",keine Angabe,no,no,ja
N° 1 Powder brush,en,https://image.labiosthetique.com/i/square-1440/m2-product:n_1_puderpinsel_394492_1St_ck_192c1a9.jpg/feed-media.jpg,https://www.labiosthetique.de/n-1-puderpinsel,/n-1-puderpinsel,031397,The essential tool for evenly applying and blending out loose or pressed powder make-up: Soft goat’s hair brush.,"26,00 €",0,1 pcs,Make-up,"Pick up powder with a circling motion of the brush. Lightly tap any surplus powder on to the back of the hand before the application. Gently work in to the skin and blend from the centre of the face outwards across the forehead, nose, chin and cheeks. Also ideal for blending make-up along the facial contours and the chin line.",not specified,no,no,ja
Dermosthétique Retinol Booster Firming Body Cream,de,https://image.labiosthetique.com/i/square-1440/m2-product:dermosth_tique_retinol_booster_firming_body_cream_334255_200ml_b406489.jpg/feed-media.jpg,https://www.labiosthetique.de/dermosthetique-retinol-firming-body-cream,/dermosthetique-retinol-firming-body-cream,002501,"Die intelligente Körperpflege, mit preisgekröntem Inhaltsstoff. Eine pflanzliche Retinol-Alternative, die sowohl hauteigenes Retinol boostet und damit eine Festigung der Haut bewirkt, als auch außergewöhnliche Vorteile für zu Akne neigende Haut bietet.","58,50 €","292,50 € / 1 l",200 ml,Hautpflege,Täglich nach dem Duschen oder Baden auf die Körperhaut auftragen und einmassieren.,"AQUA (WATER), CAPRYLIC/CAPRIC TRIGLYCERIDE, HYDROGENATED COCO-GLYCERIDES, UREA, BUTYROSPERMUM PARKII (SHEA) BUTTER, RICINUS COMMUNIS (CASTOR) SEED OIL, SORBITOL, C14-22 ALCOHOLS, ISOPROPYL PALMITATE, BENTONITE, CERA ALBA (BEESWAX), SIMMONDSIA CHINENSIS (JOJOBA) SEED OIL, SODIUM STEAROYL GLUTAMATE, SQUALANE, PHENOXYETHANOL, XANTHAN GUM, SODIUM LACTATE, C12-20 ALKYL GLUCOSIDE, HYDROXYACETOPHENONE, TOCOPHERYL ACETATE, MICROCRYSTALLINE CELLULOSE, PARFUM (FRAGRANCE), LACTIC ACID, BRASSICA CAMPESTRIS (RAPESEED) STEROLS, CETEARYL ALCOHOL, ETHYLHEXYLGLYCERIN, CELLULOSE GUM, PENTYLENE GLYCOL, PISTACIA LENTISCUS (MASTIC) GUM, LECITHIN, GLYCERYL CAPRYLATE, TOCOPHEROL, BETA-PINENES",yes,no,ja
Dermosthétique Retinol Booster Firming Body Cream,en,https://image.labiosthetique.com/i/square-1440/m2-product:dermosth_tique_retinol_booster_firming_body_cream_334255_200ml_b406489.jpg/feed-media.jpg,https://www.labiosthetique.de/dermosthetique-retinol-firming-body-cream,/dermosthetique-retinol-firming-body-cream,002501,The intelligent body care cream boosts the skin’s own retinol and thus firms the skin.,"58,50 €","292,50 € / 1 l",200 ml,Skin care,Apply daily to the body skin after showering or bathing and massage in with gentle circling motions.,"AQUA (WATER), CAPRYLIC/CAPRIC TRIGLYCERIDE, HYDROGENATED COCO-GLYCERIDES, UREA, BUTYROSPERMUM PARKII (SHEA) BUTTER, RICINUS COMMUNIS (CASTOR) SEED OIL, SORBITOL, C14-22 ALCOHOLS, ISOPROPYL PALMITATE, BENTONITE, CERA ALBA (BEESWAX), SIMMONDSIA CHINENSIS (JOJOBA) SEED OIL, SODIUM STEAROYL GLUTAMATE, SQUALANE, PHENOXYETHANOL, XANTHAN GUM, SODIUM LACTATE, C12-20 ALKYL GLUCOSIDE, HYDROXYACETOPHENONE, TOCOPHERYL ACETATE, MICROCRYSTALLINE CELLULOSE, PARFUM (FRAGRANCE), LACTIC ACID, BRASSICA CAMPESTRIS (RAPESEED) STEROLS, CETEARYL ALCOHOL, ETHYLHEXYLGLYCERIN, CELLULOSE GUM, PENTYLENE GLYCOL, PISTACIA LENTISCUS (MASTIC) GUM, LECITHIN, GLYCERYL CAPRYLATE, TOCOPHEROL, BETA-PINENES",yes,no,ja
Glossing Cream,de,https://image.labiosthetique.com/i/square-1440/m2-product:glossing_cream_398132_50ml_580104f.jpg/feed-media.jpg,https://www.labiosthetique.de/glossing-cream,/glossing-cream,110521,Die silikonfreie Frisiercreme mit ihrer reichhaltigen Formel an veganen Inhaltsstoffen schenkt dem Haar unvergleichlich brillanten Glanz und schützt die Haarstruktur vor dem Austrocknen und schädlichen UV-Strahlen.,"18,00 €","360,00 € / 1 l",50 ml,Styling,"Eine kleine Menge Glossing Cream in den Handflächen verteilen, ins trockene Haar einarbeiten und das Haar in die gewünschte Form bringen. Glossing Cream ist sehr ergiebig. Sparsam beginnen und bei Bedarf mehr verwenden.","COCO-CAPRYLATE/CAPRATE, CAPRYLIC/CAPRIC TRIGLYCERIDE, RICINUS COMMUNIS (CASTOR) SEED OIL, AQUA (WATER), RHUS VERNICIFLUA PEEL CERA, C10-18 TRIGLYCERIDES, HYDROGENATED VEGETABLE OIL, JOJOBA ESTERS, QUATERNIUM-90 BENTONITE, HELIANTHUS ANNUUS (SUNFLOWER) SEED WAX, PARFUM (FRAGRANCE), BIS-ETHYLHEXYLOXYPHENOL METHOXYPHENYL TRIAZINE, SIMMONDSIA CHINENSIS (JOJOBA) SEED OIL, HYDROGENATED CASTOR OIL, ORYZA SATIVA (RICE) BRAN WAX, RHUS SUCCEDANEA FRUIT CERA, CETEARYL ALCOHOL, MYRISTYL ALCOHOL, HELIANTHUS ANNUUS (SUNFLOWER) SEED OIL, ACACIA DECURRENS FLOWER WAX, PHENOXYETHANOL, POLYGLYCERIN-3, LIMONENE, TOCOPHEROL, LINALYL ACETATE, COPERNICIA CERIFERA CERA (CARNAUBA WAX), LINALOOL, GERANIOL, PINENE, ETHYLHEXYLGLYCERIN, GERANYL ACETATE, COUMARIN, TERPINEOL",yes,yes,ja
Glossing Cream,en,https://image.labiosthetique.com/i/square-1440/m2-product:glossing_cream_398132_50ml_580104f.jpg/feed-media.jpg,https://www.labiosthetique.de/glossing-cream,/glossing-cream,110521,"Formally Brillance Cream - new design, unchanged formula: The silicone-free styling cream with its rich formula of vegan ingredients gives the hair incomparably brilliant shine and protects the hair structure from drying out and harmful UV rays.","18,00 €","360,00 € / 1 l",50 ml,Styling,"Distribute a small amount of Glossing Cream in the palms of your hands, work into dry hair and shape the hair as desired. Glossing Cream is very economical. Start sparingly and use more if necessary.","COCO-CAPRYLATE/CAPRATE, CAPRYLIC/CAPRIC TRIGLYCERIDE, RICINUS COMMUNIS (CASTOR) SEED OIL, AQUA (WATER), RHUS VERNICIFLUA PEEL CERA, C10-18 TRIGLYCERIDES, HYDROGENATED VEGETABLE OIL, JOJOBA ESTERS, QUATERNIUM-90 BENTONITE, HELIANTHUS ANNUUS (SUNFLOWER) SEED WAX, PARFUM (FRAGRANCE), BIS-ETHYLHEXYLOXYPHENOL METHOXYPHENYL TRIAZINE, SIMMONDSIA CHINENSIS (JOJOBA) SEED OIL, HYDROGENATED CASTOR OIL, ORYZA SATIVA (RICE) BRAN WAX, RHUS SUCCEDANEA FRUIT CERA, CETEARYL ALCOHOL, MYRISTYL ALCOHOL, HELIANTHUS ANNUUS (SUNFLOWER) SEED OIL, ACACIA DECURRENS FLOWER WAX, PHENOXYETHANOL, POLYGLYCERIN-3, LIMONENE, TOCOPHEROL, LINALYL ACETATE, COPERNICIA CERIFERA CERA (CARNAUBA WAX), LINALOOL, GERANIOL, PINENE, ETHYLHEXYLGLYCERIN, GERANYL ACETATE, COUMARIN, TERPINEOL",yes,yes,ja
Automatic Pencil for Eyes K37 Absinthe,de,https://image.labiosthetique.com/i/square-1440/m2-product:automatic_pencil_for_eyes_k37_absinthe_418579_0_35g_85eef03.jpg/feed-media.jpg,https://www.labiosthetique.de/automatic-pencil-for-eyes?childSku=4040218896022,/automatic-pencil-for-eyes?childSku=4040218896022,017315,"Der elegante Automatic Pencil vereint hochpigmentierte Farbkraft mit wasserfester Haltbarkeit. Die weiche, zurückdrehbare Mine erlaubt präzise Linien oder Schattierungen, die den ganzen Tag halten.","24,50 €",0,"0,35 g",Make-Up,Vom inneren Augenwinkel entlang des Wimpernkranzes eine Linie zum äußeren Augenwinkel ziehen. Bei Bedarf mit dem Blending Tool am Ende des Stiftes oder einem Pinsel aussoften. Korrekturen können sofort mit Make-up Entferner und einem Wattestäbchen vorgenommen werden.,"MICA, C9-12 ALKANE, BIS-BEHENYL/ISOSTEARYL/PHYTOSTERYL DIMER DILINOLEYL DIMER DILINOLEATE, CI 77891 (TITANIUM DIOXIDE), CI 77288 (CHROMIUM OXIDE GREEN), SUCROSE TETRASTEARATE TRIACETATE, SYNTHETIC WAX, HYDROGENATED CASTOR OIL, POLYGLYCERYL-4 DIISOSTEARATE/POLYHYDROXYSTEARATE/SEBACATE, COPERNICIA CERIFERA CERA (CARNAUBA WAX), CI 19140 (YELLOW 5 LAKE), CI 77491 (IRON OXIDES), DISTEARDIMONIUM HECTORITE, TOCOPHEROL, PROPYLENE CARBONATE",yes,yes,ja
Automatic Pencil for Eyes K37 Absinthe,en,https://image.labiosthetique.com/i/square-1440/m2-product:automatic_pencil_for_eyes_k37_absinthe_418579_0_35g_85eef03.jpg/feed-media.jpg,https://www.labiosthetique.de/automatic-pencil-for-eyes?childSku=4040218896022,/automatic-pencil-for-eyes?childSku=4040218896022,017315,"The elegant Automatic Pencil combines highly pigmented colour vibrancy with waterproof staying power. The soft, retractable lead allows users to draw precise lines or shading lasting all day long.","24,50 €",0,"0,35 g",Make-up,"Draw a line from the inner corner of the eye along the lash line to the outer corner of the eye. If needed, use the blending tool at the end of the pencil or a brush to soften the line. The line can be corrected immediately with make-up remover and a cotton bud.","MICA, C9-12 ALKANE, BIS-BEHENYL/ISOSTEARYL/PHYTOSTERYL DIMER DILINOLEYL DIMER DILINOLEATE, CI 77891 (TITANIUM DIOXIDE), CI 77288 (CHROMIUM OXIDE GREEN), SUCROSE TETRASTEARATE TRIACETATE, SYNTHETIC WAX, HYDROGENATED CASTOR OIL, POLYGLYCERYL-4 DIISOSTEARATE/POLYHYDROXYSTEARATE/SEBACATE, COPERNICIA CERIFERA CERA (CARNAUBA WAX), CI 19140 (YELLOW 5 LAKE), CI 77491 (IRON OXIDES), DISTEARDIMONIUM HECTORITE, TOCOPHEROL, PROPYLENE CARBONATE",yes,yes,ja
Structure Repair Nourishing Shampoo,de,https://image.labiosthetique.com/i/square-1440/m2-product:structure_repair_nourishing_shampoo_352803_250ml_b461d46.jpg/feed-media.jpg,https://www.labiosthetique.de/structure-repair-nourishing-shampoo?childSku=4040218865721,/structure-repair-nourishing-shampoo?childSku=4040218865721,120313,"Das Feuchtigkeit spendende Shampoo wirkt Struktur ausgleichend und macht trockenes, geschädigtes Haar herrlich geschmeidig und seidig glänzend.","29,50 €","118,00 € / 1 l",250 ml,Haar- & Kopfhautpflege,Gleichmäßig im Haar und auf der Kopfhaut verteilen und einmassieren. Anschließend gründlich ausspülen.,"AQUA (WATER), SODIUM LAURETH SULFATE, LAURYL GLUCOSIDE , DISODIUM COCOAMPHODIACETATE , SODIUM LAUROYL GLUTAMATE, SODIUM CHLORIDE, ANASTATICA HIEROCHUNTICA EXTRACT, LACTIC ACID, SODIUM BENZOATE, GLYCOL DISTEARATE, PARFUM (FRAGRANCE), PROPYLENE GLYCOL, COCAMIDE MEA, HYDROXYPROPYL OXIDIZED STARCH PG-TRIMONIUM CHLORIDE, SODIUM CITRATE, TETRAMETHYL ACETYLOCTAHYDRONAPHTHALENES, HYDROXYPROPYL GUAR HYDROXYPROPYLTRIMONIUM CHLORIDE, STARCH HYDROXYPROPYLTRIMONIUM CHLORIDE, LAURETH-10, SODIUM LACTATE, UREA, LACTOBACILLUS FERMENT, LIMONENE, CITRUS AURANTIUM BERGAMIA (BERGAMOT) PEEL OIL, LINALOOL, ARGANIA SPINOSA (ARGAN) KERNEL OIL, FORMIC ACID, GLYCERIN, LEVULINIC ACID, P-ANISIC ACID",yes,yes,ja
Structure Repair Nourishing Shampoo,en,https://image.labiosthetique.com/i/square-1440/m2-product:structure_repair_nourishing_shampoo_352803_250ml_b461d46.jpg/feed-media.jpg,https://www.labiosthetique.de/structure-repair-nourishing-shampoo?childSku=4040218865721,/structure-repair-nourishing-shampoo?childSku=4040218865721,120313,"The moisturising shampoo has a structure-balancing effect and makes dry, damaged hair wonderfully soft with silky shine.","29,50 €","118,00 € / 1 l",250 ml,Hair & scalp care,"Evenly distribute into the hair and onto the scalp and massage in, then rinse out thoroughly.","AQUA (WATER), SODIUM LAURETH SULFATE, LAURYL GLUCOSIDE , DISODIUM COCOAMPHODIACETATE , SODIUM LAUROYL GLUTAMATE, SODIUM CHLORIDE, ANASTATICA HIEROCHUNTICA EXTRACT, LACTIC ACID, SODIUM BENZOATE, GLYCOL DISTEARATE, PARFUM (FRAGRANCE), PROPYLENE GLYCOL, COCAMIDE MEA, HYDROXYPROPYL OXIDIZED STARCH PG-TRIMONIUM CHLORIDE, SODIUM CITRATE, TETRAMETHYL ACETYLOCTAHYDRONAPHTHALENES, HYDROXYPROPYL GUAR HYDROXYPROPYLTRIMONIUM CHLORIDE, STARCH HYDROXYPROPYLTRIMONIUM CHLORIDE, LAURETH-10, SODIUM LACTATE, UREA, LACTOBACILLUS FERMENT, LIMONENE, CITRUS AURANTIUM BERGAMIA (BERGAMOT) PEEL OIL, LINALOOL, ARGANIA SPINOSA (ARGAN) KERNEL OIL, FORMIC ACID, GLYCERIN, LEVULINIC ACID, P-ANISIC ACID",yes,yes,ja
Matt Clay,de,https://image.labiosthetique.com/i/square-1440/m2-product:matt_clay_368329_75ml_5e3cd4b.jpg/feed-media.jpg,https://www.labiosthetique.de/matt-clay-1,/matt-clay-1,110204,Strukturierende Stylingpaste für modellierbare Matt-Looks mit starkem Halt.,"33,50 €","446,67 € / 1 l",75 ml,Styling,"Matt Clay zwischen den Fingern verreiben, ins trockene Haar einarbeiten und wie gewünscht stylen. Flexible Modellierbarkeit ermöglicht ein beliebiges Umformen zwischendurch.","PETROLATUM, KAOLIN, CERA ALBA (BEESWAX), PROPYLENE GLYCOL, ISODECYL NEOPENTANOATE, ALCOHOL DENAT., STEARETH-21, QUATERNIUM-90 BENTONITE, SILICA, PARFUM (FRAGRANCE), PEG-12 DIMETHICONE, VINYL CAPROLACTAM/VP/DIMETHYLAMINOETHYL METHACRYLATE COPOLYMER, TETRAMETHYL ACETYLOCTAHYDRONAPHTHALENES, CI 77891 (TITANIUM DIOXIDE), HEXAMETHYLINDANOPYRAN, LIMONENE, LINALYL ACETATE, PINENE, LINALOOL, CITRONELLOL, CITRUS LIMON PEEL OIL, GERANIOL, CITRAL, CINNAMOMUM ZEYLANICUM BARK OIL, BETA-CARYOPHYLLENE, CITRUS AURANTIUM PEEL OIL, TERPINEOL",no,no,ja
Matt Clay,en,https://image.labiosthetique.com/i/square-1440/m2-product:matt_clay_368329_75ml_5e3cd4b.jpg/feed-media.jpg,https://www.labiosthetique.de/matt-clay-1,/matt-clay-1,110204,Structuring styling paste for modellable matt looks with a strong hold.,"33,50 €","446,67 € / 1 l",75 ml,Styling,"Rub Matt Clay between your fingers, work into dry hair and style as desired. Flexible modelling allows you to reshape your hair at will.","PETROLATUM, KAOLIN, CERA ALBA (BEESWAX), PROPYLENE GLYCOL, ISODECYL NEOPENTANOATE, ALCOHOL DENAT., STEARETH-21, QUATERNIUM-90 BENTONITE, SILICA, PARFUM (FRAGRANCE), PEG-12 DIMETHICONE, VINYL CAPROLACTAM/VP/DIMETHYLAMINOETHYL METHACRYLATE COPOLYMER, TETRAMETHYL ACETYLOCTAHYDRONAPHTHALENES, CI 77891 (TITANIUM DIOXIDE), HEXAMETHYLINDANOPYRAN, LIMONENE, LINALYL ACETATE, PINENE, LINALOOL, CITRONELLOL, CITRUS LIMON PEEL OIL, GERANIOL, CITRAL, CINNAMOMUM ZEYLANICUM BARK OIL, BETA-CARYOPHYLLENE, CITRUS AURANTIUM PEEL OIL, TERPINEOL",no,no,ja
Perfect Style Evergreen,de,https://image.labiosthetique.com/i/square-1440/m2-product:perfect_style_evergreen_378601_8ml_f9bd4b0.jpg/feed-media.jpg,https://www.labiosthetique.de/perfect-style?childSku=4040218870121,/perfect-style?childSku=4040218870121,017656,"Die Volumen-Mascara Perfect Style zaubert ultimative Fülle und Schwung auf die Augen. Für Wimpern, die zu Höchstform auflaufen!","27,00 €",0,8 ml,Make-Up,"Tuschen Sie die Wimpern vom Ansatz bis zur Spitze, indem Sie den Bürstenbogen u-förmig mit der Öffnung nach oben halten.","AQUA (WATER), HELIANTHUS ANNUUS (SUNFLOWER) SEED WAX, HYDROGENATED OLIVE OIL STEARYL ESTERS, COPERNICIA CERIFERA CERA (CARNAUBA WAX), CI 77007 (ULTRAMARINES), LACTOBACILLUS FERMENT, PROPANEDIOL, STEARIC ACID, PALMITIC ACID, CI 77492 (IRON OXIDES), CI 77499 (IRON OXIDES), MICA, OLEA EUROPAEA (OLIVE) OIL UNSAPONIFIABLES, ORYZA SATIVA (RICE) BRAN WAX, PULLULAN, AMINOMETHYL PROPANOL, CI 77288 (CHROMIUM OXIDE GREEN), 1,2-HEXANEDIOL, CAPRYLYL GLYCOL, CI 42090 (BLUE 1 LAKE), GALACTOARABINAN, HYDROXYETHYLCELLULOSE, RHUS VERNICIFLUA PEEL CERA, SHOREA ROBUSTA RESIN, ROSA CENTIFOLIA FLOWER CERA, ROSA DAMASCENA FLOWER CERA, DISODIUM PHOSPHATE, POLYSORBATE 60, SODIUM PHOSPHATE",yes,yes,ja
Perfect Style Evergreen,en,https://image.labiosthetique.com/i/square-1440/m2-product:perfect_style_evergreen_378601_8ml_f9bd4b0.jpg/feed-media.jpg,https://www.labiosthetique.de/perfect-style?childSku=4040218870121,/perfect-style?childSku=4040218870121,017656,Perfect Style volumising mascara magically gives your lashes the ultimate fullness and a beautiful curl. For beautifully shaped lashes!,"27,00 €",0,8 ml,Make-up,Apply mascara from roots to tips by holding the brush curve in a U-shape with the opening upwards.,"AQUA (WATER), HELIANTHUS ANNUUS (SUNFLOWER) SEED WAX, HYDROGENATED OLIVE OIL STEARYL ESTERS, COPERNICIA CERIFERA CERA (CARNAUBA WAX), CI 77007 (ULTRAMARINES), LACTOBACILLUS FERMENT, PROPANEDIOL, STEARIC ACID, PALMITIC ACID, CI 77492 (IRON OXIDES), CI 77499 (IRON OXIDES), MICA, OLEA EUROPAEA (OLIVE) OIL UNSAPONIFIABLES, ORYZA SATIVA (RICE) BRAN WAX, PULLULAN, AMINOMETHYL PROPANOL, CI 77288 (CHROMIUM OXIDE GREEN), 1,2-HEXANEDIOL, CAPRYLYL GLYCOL, CI 42090 (BLUE 1 LAKE), GALACTOARABINAN, HYDROXYETHYLCELLULOSE, RHUS VERNICIFLUA PEEL CERA, SHOREA ROBUSTA RESIN, ROSA CENTIFOLIA FLOWER CERA, ROSA DAMASCENA FLOWER CERA, DISODIUM PHOSPHATE, POLYSORBATE 60, SODIUM PHOSPHATE",yes,yes,ja
Revitalising Capsules,de,https://image.labiosthetique.com/i/square-1440/m2-product:revitalising_capsules_389019_60Kapseln_5da1b36.jpg/feed-media.jpg,https://www.labiosthetique.de/revitalising-capsules?childSku=4040218872521,/revitalising-capsules?childSku=4040218872521,002147,"Die Revitalising Capsules komplettieren das ausgewogene Pflegekonzept von Méthode Régénérante. Jede Lipid-Kapsel enthält einen hochwirksamen Cocktail wertvoller Öle, die tiefenwirksam revitalisieren, intensiv pflegen und ein seidiges Hautgefühl verleihen. Für alle Liebhaber von La Capsule wird dies Ihr neues Lieblingsprodukt.","97,50 €",0,60 capsules,Hautpflege,"Eine Kapsel öffnen und das enthaltene Pflegeöl mit den Fingerspitzen sanft auf die gereinigte, tonisierte Haut auftragen. Bei trockener Haut täglich morgens und/oder abends den Inhalt einer Kapsel auftragen. Bei normaler Haut 2- bis 4-mal wöchentlich morgens oder abends anwenden. Bei fettiger Haut 1- bis 2-mal wöchentlich abends anwenden. Bei Bedarf kann nach einigen Minuten Einwirkzeit eine zusätzliche Pflege oder Make-up aufgetragen werden.","C9-12 ALKANE, C13-15 ALKANE, MACADAMIA INTEGRIFOLIA SEED OIL, COCO-CAPRYLATE/CAPRATE, DIMETHICONOL, BORAGO OFFICINALIS SEED OIL, ALARIA ESCULENTA EXTRACT, CRAMBE ABYSSINICA SEED OIL, BETA-CAROTENE, XANTHOPHYLL, TOCOPHEROL, ROSMARINUS OFFICINALIS (ROSEMARY) LEAF EXTRACT , HELIANTHUS ANNUUS (SUNFLOWER) SEED OIL, CAPRYLIC/CAPRIC TRIGLYCERIDE, PARFUM (FRAGRANCE), TETRAMETHYL ACETYLOCTAHYDRONAPHTHALENES, ALPHA-ISOMETHYL IONONE, GERANIOL, BENZYL ALCOHOL, PINENE, LIMONENE, LINALOOL, LINALYL ACETATE, CITRONELLOL, HEXYL CINNAMAL, POGOSTEMON CABLIN OIL",no,no,ja
Revitalising Capsules,en,https://image.labiosthetique.com/i/square-1440/m2-product:revitalising_capsules_389019_60Kapseln_5da1b36.jpg/feed-media.jpg,https://www.labiosthetique.de/revitalising-capsules?childSku=4040218872521,/revitalising-capsules?childSku=4040218872521,002147,"Revitalising Capsules complete the balanced Méthode Régénérante care concept. Each lipid capsule contains a high-quality cocktail of valuable oils that revitalise the skin deep down, provide intensive care and leave the skin feeling silky soft.","97,50 €",0,60 capsules,Skin care,"Open a capsule and apply its care oil to the cleansed and toned skin of the face, neck and décolleté.","C9-12 ALKANE, C13-15 ALKANE, MACADAMIA INTEGRIFOLIA SEED OIL, COCO-CAPRYLATE/CAPRATE, DIMETHICONOL, BORAGO OFFICINALIS SEED OIL, ALARIA ESCULENTA EXTRACT, CRAMBE ABYSSINICA SEED OIL, BETA-CAROTENE, XANTHOPHYLL, TOCOPHEROL, ROSMARINUS OFFICINALIS (ROSEMARY) LEAF EXTRACT , HELIANTHUS ANNUUS (SUNFLOWER) SEED OIL, CAPRYLIC/CAPRIC TRIGLYCERIDE, PARFUM (FRAGRANCE), TETRAMETHYL ACETYLOCTAHYDRONAPHTHALENES, ALPHA-ISOMETHYL IONONE, GERANIOL, BENZYL ALCOHOL, PINENE, LIMONENE, LINALOOL, LINALYL ACETATE, CITRONELLOL, HEXYL CINNAMAL, POGOSTEMON CABLIN OIL",no,no,ja
BELAVANCE® Brilliant Nail Amberglow,de,https://image.labiosthetique.com/i/square-1440/m2-product:belavance_brilliant_nail_amberglow_418594_8ml_69ffd40.jpg/feed-media.jpg,https://www.labiosthetique.de/brilliant-nail?childSku=4040218896121,/brilliant-nail?childSku=4040218896121,020476,Der Nagellack Brilliant Nail peppt Hand- und Fußnägel frech auf und bringt sie auf Hochglanz – langanhaltend.,"19,00 €",0,8 ml,Make-Up,"Einfach eine dünne Schicht Brilliant Nail über den bereits getrockneten Unterlack bzw. auch direkt auf den Nagel auftragen. Intensiveres Farbergebnis gewünscht? Dann einfach eine zweite Schicht auftragen. Für eine noch längere Haltbarkeit mit dem Überlack Superior Nail Treatment fixieren. Und wenn´s schnell gehen soll, dann den Nagellack-Schnelltrockner Brilliant Nail Finish verwenden.","BUTYL ACETATE, ETHYL ACETATE, NITROCELLULOSE, ADIPIC ACID/NEOPENTYL GLYCOL/TRIMELLITIC ANHYDRIDE COPOLYMER, ACETYL TRIBUTYL CITRATE, ISOPROPYL ALCOHOL, STEARALKONIUM BENTONITE, CI 77491 (IRON OXIDES), CI 77891 (TITANIUM DIOXIDE), N-BUTYL ALCOHOL, BENZOPHENONE-1, CI 19140 (YELLOW 5 LAKE), ACRYLATES COPOLYMER, BARIUM SULFATE, CI 15850 (RED 6), ALUMINUM HYDROXIDE, TRIETHOXYCAPRYLYLSILANE, TRIMETHYLPENTANEDIYL DIBENZOATE, POLYVINYL BUTYRAL",no,yes,ja
BELAVANCE® Brilliant Nail Amberglow,en,https://image.labiosthetique.com/i/square-1440/m2-product:belavance_brilliant_nail_amberglow_418594_8ml_69ffd40.jpg/feed-media.jpg,https://www.labiosthetique.de/brilliant-nail?childSku=4040218896121,/brilliant-nail?childSku=4040218896121,020476,Brilliant Nail nail polish gives finger and toe nails a cheeky look with high shine and is also long-lasting,"19,00 €",0,8 ml,Make-up,"Simply apply a thin coat of Brilliant Nail to the already dry base coat and/or directly to the nail. Would you like a more intense colour result? If so, simply apply a second coat. For more durability fix the nails with the Superior Nail Treatment top coat. And if you are in a rush, use Brilliant Nail Finish for fast-drying nails.","BUTYL ACETATE, ETHYL ACETATE, NITROCELLULOSE, ADIPIC ACID/NEOPENTYL GLYCOL/TRIMELLITIC ANHYDRIDE COPOLYMER, ACETYL TRIBUTYL CITRATE, ISOPROPYL ALCOHOL, STEARALKONIUM BENTONITE, CI 77491 (IRON OXIDES), CI 77891 (TITANIUM DIOXIDE), N-BUTYL ALCOHOL, BENZOPHENONE-1, CI 19140 (YELLOW 5 LAKE), ACRYLATES COPOLYMER, BARIUM SULFATE, CI 15850 (RED 6), ALUMINUM HYDROXIDE, TRIETHOXYCAPRYLYLSILANE, TRIMETHYLPENTANEDIYL DIBENZOATE, POLYVINYL BUTYRAL",no,yes,ja
Pencil for Eyes Khol Silk,de,https://image.labiosthetique.com/i/square-1440/m2-product:pencil_for_eyes_khol_silk_247591_1_06g_a6fedc2.jpg/feed-media.jpg,https://www.labiosthetique.de/pencil-for-eyes?childSku=4040218775020,/pencil-for-eyes?childSku=4040218775020,017077,Der herrlich sanfte Kajal lässt sich durch seine einzigartig geschmeidige Textur hochpräzise auftragen und verleiht den Augen eine natürlich wache Ausstrahlungskraft.,"22,00 €",0,"1,06 g",Make-Up,Pencil for Eyes auf den inneren Rand der Augen oder am unteren und/oder oberen Wimpernansatz sanft auftragen.,"CI 77499 (IRON OXIDES), HYDROGENATED JOJOBA OIL, CAPRYLIC/CAPRIC TRIGLYCERIDE, HYDROGENATED VEGETABLE OIL, SIMMONDSIA CHINENSIS (JOJOBA) SEED OIL, BUTYROSPERMUM PARKII (SHEA) BUTTER, CANDELILLA CERA (EUPHORBIA CERIFERA WAX), CANOLA OIL, MICA, SCLEROCARYA BIRREA (MARULA) SEED OIL, COPERNICIA CERIFERA CERA (CARNAUBA WAX), GLYCERYL CAPRYLATE, TOCOPHEROL, HELIANTHUS ANNUUS (SUNFLOWER) SEED OIL, ASCORBYL PALMITATE",yes,yes,ja
Pencil for Eyes Khol Silk,en,https://image.labiosthetique.com/i/square-1440/m2-product:pencil_for_eyes_khol_silk_247591_1_06g_a6fedc2.jpg/feed-media.jpg,https://www.labiosthetique.de/pencil-for-eyes?childSku=4040218775020,/pencil-for-eyes?childSku=4040218775020,017077,"The wonderfully soft eye pencil features a uniquely silky texture for high-precision application and naturally wide awake, beautifully radiant eyes","22,00 €",0,"1,06 g",Make-up,Gently apply Pencil for Eyes to the inside edge of your eyes or on the bottom and/or top lashes.,"CI 77499 (IRON OXIDES), HYDROGENATED JOJOBA OIL, CAPRYLIC/CAPRIC TRIGLYCERIDE, HYDROGENATED VEGETABLE OIL, SIMMONDSIA CHINENSIS (JOJOBA) SEED OIL, BUTYROSPERMUM PARKII (SHEA) BUTTER, CANDELILLA CERA (EUPHORBIA CERIFERA WAX), CANOLA OIL, MICA, SCLEROCARYA BIRREA (MARULA) SEED OIL, COPERNICIA CERIFERA CERA (CARNAUBA WAX), GLYCERYL CAPRYLATE, TOCOPHEROL, HELIANTHUS ANNUUS (SUNFLOWER) SEED OIL, ASCORBYL PALMITATE",yes,yes,ja
Silky Mineral Powder 0/1 Light Rose,de,https://image.labiosthetique.com/i/square-1440/m2-product:silky_mineral_powder_0_1_light_rose_247797_12g_ff76531.jpg/feed-media.jpg,https://www.labiosthetique.de/silky-mineral-powder?childSku=4040218840520,/silky-mineral-powder?childSku=4040218840520,018252,"Das lose Mineral-Puder fixiert das Make-up und zaubert als Puder mit puren Mineral-Pigmenten eine Haut, so rein, frisch und luxuriös wie reinste Seide.","31,00 €",0,12 g,Make-Up,Zum Fixieren und zur Verbesserung der Haltbarkeit des Make-ups: Silky Mineral Powder mit der flauschigen Quaste hauchzart auf das Gesicht stäuben. Für ein deckenderes Ergebnis: Silky Mineral Powder mit dem La Biosthétique Kabuki-Pinsel durch leichtes Eindrehen in Kreisbewegungen in die Haut einarbeiten.,"MICA, ZINC STEARATE, KAOLIN, BORON NITRIDE, SYNTHETIC FLUORPHLOGOPITE, MAGNESIUM MYRISTATE, DEHYDROACETIC ACID, CI 77492 (IRON OXIDES), CI 77491 (IRON OXIDES), STEARIC ACID, CI 77499 (IRON OXIDES)",yes,yes,ja
Silky Mineral Powder 0/1 Light Rose,en,https://image.labiosthetique.com/i/square-1440/m2-product:silky_mineral_powder_0_1_light_rose_247797_12g_ff76531.jpg/feed-media.jpg,https://www.labiosthetique.de/silky-mineral-powder?childSku=4040218840520,/silky-mineral-powder?childSku=4040218840520,018252,The loose mineral powder fixes your make-up and its pure mineral pigments magically give you a skin as fresh and luxurious as the purest skin.,"31,00 €",0,12 g,Make-up,"For fixing and improving your make-up’s durability: Delicately use the fluffy powder puff to finely dust Silky Mineral Powder on to your face. For more coverage: Use the La Biosthétique kabuki brush to work Silky Mineral Powder into the skin with lightly twisting, circular motions.","MICA, ZINC STEARATE, KAOLIN, BORON NITRIDE, SYNTHETIC FLUORPHLOGOPITE, MAGNESIUM MYRISTATE, DEHYDROACETIC ACID, CI 77492 (IRON OXIDES), CI 77491 (IRON OXIDES), STEARIC ACID, CI 77499 (IRON OXIDES)",yes,yes,ja
Structure Repair Nourishing Mask,de,https://image.labiosthetique.com/i/square-1440/m2-product:structure_repair_nourishing_mask_352797_100ml_160d2f6.jpg/feed-media.jpg,https://www.labiosthetique.de/structure-repair-nourishing-mask,/structure-repair-nourishing-mask,120038,"Wertvolle Öle und Nährstoffe bauen stark geschädigtes Haar tiefenwirksam auf, versiegeln seine Oberfläche und sorgen für glanzvolle Geschmeidigkeit.","38,00 €","380,00 € / 1 l",100 ml,Haar- & Kopfhautpflege,"Gleichmäßig im feuchten Haar verteilen, 10 Minuten einwirken lassen und anschließend ausspülen.","AQUA (WATER), BEHENAMIDOPROPYL DIMETHYLAMINE, CETEARYL ALCOHOL, GLYCERIN, LACTIC ACID, CARYODENDRON ORINOCENSE SEED OIL, HEPTYL UNDECYLENATE, ANASTATICA HIEROCHUNTICA EXTRACT, DICOCOYL PENTAERYTHRITYL DISTEARYL CITRATE , RICINUS COMMUNIS (CASTOR) SEED OIL, DISODIUM COCOAMPHODIACETATE , LIMNANTHES ALBA (MEADOWFOAM) SEED OIL, PARFUM (FRAGRANCE), BENZYL ALCOHOL, SODIUM CHLORIDE, TETRAMETHYL ACETYLOCTAHYDRONAPHTHALENES, CETYLHYDROXYPROLINE PALMITAMIDE, MYROXYLON BALSAMUM (BALSAM TOLU) RESIN, TRIETHYL CITRATE, DEHYDROACETIC ACID, LACTOBACILLUS FERMENT, HYDROXYPROPYL OXIDIZED STARCH PG-TRIMONIUM CHLORIDE, LIMONENE, LINALOOL, CITRUS AURANTIUM BERGAMIA (BERGAMOT) PEEL OIL, BENZOIC ACID, STARCH HYDROXYPROPYLTRIMONIUM CHLORIDE, CITRUS LIMON (LEMON) PEEL OIL, BENZYL BENZOATE, LINALYL ACETATE, SODIUM LACTATE, UREA, ALCOHOL, LEVULINIC ACID, P-ANISIC ACID",yes,yes,ja
Structure Repair Nourishing Mask,en,https://image.labiosthetique.com/i/square-1440/m2-product:structure_repair_nourishing_mask_352797_100ml_160d2f6.jpg/feed-media.jpg,https://www.labiosthetique.de/structure-repair-nourishing-mask,/structure-repair-nourishing-mask,120038,"Valuable oils and nutrients rebuild severely damaged hair from deep down, seal its surface and make it silky soft and shiny.","38,00 €","380,00 € / 1 l",100 ml,Hair & scalp care,"Evenly distribute into washed hair, leave to take effect for 10 minutes, then rinse out thoroughly.","AQUA (WATER), BEHENAMIDOPROPYL DIMETHYLAMINE, CETEARYL ALCOHOL, GLYCERIN, LACTIC ACID, CARYODENDRON ORINOCENSE SEED OIL, HEPTYL UNDECYLENATE, ANASTATICA HIEROCHUNTICA EXTRACT, DICOCOYL PENTAERYTHRITYL DISTEARYL CITRATE , RICINUS COMMUNIS (CASTOR) SEED OIL, DISODIUM COCOAMPHODIACETATE , LIMNANTHES ALBA (MEADOWFOAM) SEED OIL, PARFUM (FRAGRANCE), BENZYL ALCOHOL, SODIUM CHLORIDE, TETRAMETHYL ACETYLOCTAHYDRONAPHTHALENES, CETYLHYDROXYPROLINE PALMITAMIDE, MYROXYLON BALSAMUM (BALSAM TOLU) RESIN, TRIETHYL CITRATE, DEHYDROACETIC ACID, LACTOBACILLUS FERMENT, HYDROXYPROPYL OXIDIZED STARCH PG-TRIMONIUM CHLORIDE, LIMONENE, LINALOOL, CITRUS AURANTIUM BERGAMIA (BERGAMOT) PEEL OIL, BENZOIC ACID, STARCH HYDROXYPROPYLTRIMONIUM CHLORIDE, CITRUS LIMON (LEMON) PEEL OIL, BENZYL BENZOATE, LINALYL ACETATE, SODIUM LACTATE, UREA, ALCOHOL, LEVULINIC ACID, P-ANISIC ACID",yes,yes,ja
Blow Dry Spray,de,https://image.labiosthetique.com/i/square-1440/m2-product:blow_dry_spray_398084_250ml_db2ca64.jpg/feed-media.jpg,https://www.labiosthetique.de/blow-dry-spray,/blow-dry-spray,110619,"Das leichte Föhnspray sorgt für bessere Formbarkeit, schafft flexible Haltbarkeit und gepflegten Glanz ohne Silikone.","33,00 €","132,00 € / 1 l",250 ml,Styling,Vor dem Föhnen ins feuchte Haar sprühen.,"AQUA (WATER), ALCOHOL DENAT., VP/VA COPOLYMER, PEG-40 HYDROGENATED CASTOR OIL, PARFUM (FRAGRANCE), PEG-15 COCOPOLYAMINE, TETRAMETHYL ACETYLOCTAHYDRONAPHTHALENES, LIMONENE, LINALOOL, TROMETHAMINE, LINALYL ACETATE, GERANIOL, CITRONELLOL, PINENE, COUMARIN, HYDROGEN PEROXIDE, ANISE ALCOHOL, DIMETHYL PHENETHYL ACETATE",yes,yes,ja
Blow Dry Spray,en,https://image.labiosthetique.com/i/square-1440/m2-product:blow_dry_spray_398084_250ml_db2ca64.jpg/feed-media.jpg,https://www.labiosthetique.de/blow-dry-spray,/blow-dry-spray,110619,"The lightweight blow-dry spray ensures better mouldability, creates flexible hold and a well-groomed shine without silicones.","33,00 €","132,00 € / 1 l",250 ml,Styling,Spray into damp hair before blow-drying.,"AQUA (WATER), ALCOHOL DENAT., VP/VA COPOLYMER, PEG-40 HYDROGENATED CASTOR OIL, PARFUM (FRAGRANCE), PEG-15 COCOPOLYAMINE, TETRAMETHYL ACETYLOCTAHYDRONAPHTHALENES, LIMONENE, LINALOOL, TROMETHAMINE, LINALYL ACETATE, GERANIOL, CITRONELLOL, PINENE, COUMARIN, HYDROGEN PEROXIDE, ANISE ALCOHOL, DIMETHYL PHENETHYL ACETATE",yes,yes,ja
Brow Definer B02 Grey Brown,de,https://image.labiosthetique.com/i/square-1440/m2-product:brow_definer_b02_grey_brown_406086_0_09g_11cd1c9.jpg/feed-media.jpg,https://www.labiosthetique.de/brow-definer?childSku=4040218890020,/brow-definer?childSku=4040218890020,017634,"Der stylish schlanke Brow Definer definiert mühelos präzise, natürlich wirkende Brauen, setzt einzelne Härchen und nuanciert Konturen. Die ultrafeine Spitze ist auf einen Dreh perfekt on point. Mit veganen, natürlichen Inhaltsstoffen und pflegenden Vitaminen.","24,50 €",0,"0,09 g",Make-Up,"Die feine Spitze herausdrehen und kurze, haarähnliche Striche setzen für eine natürliche Definition der Brauen. Ein sanfter Druck genügt. Ein etwas stärkerer Druck intensiviert die Strichbreite und den Ausdruck. Mit dem integrierten Bürstchen verblenden und die Brauen in Form bringen – perfekt in Sekunden!","OCTYLDODECANOL, CI 77891 (TITANIUM DIOXIDE), HYDROGENATED VEGETABLE OIL, MICA, ORYZA SATIVA (RICE) BRAN WAX, SYNTHETIC WAX, COPERNICIA CERIFERA CERA (CARNAUBA WAX), CI 77499 (IRON OXIDES), CI 77492 (IRON OXIDES), ETHYLCELLULOSE, CI 77491 (IRON OXIDES), TOCOPHEROL, ASCORBYL PALMITATE",yes,yes,ja
Brow Definer B02 Grey Brown,en,https://image.labiosthetique.com/i/square-1440/m2-product:brow_definer_b02_grey_brown_406086_0_09g_11cd1c9.jpg/feed-media.jpg,https://www.labiosthetique.de/brow-definer?childSku=4040218890020,/brow-definer?childSku=4040218890020,017634,"The stylishly slim Brow Definer effortlessly defines precise, natural-looking eyebrows, fills in individual hairs and shades contours. Its ultra-fine tip delivers on-point results with just one twist. With vegan, natural ingredients and caring vitamins.","24,50 €",0,"0,09 g",Make-up,"Twist out the fine tip and draw short, hair-like lines for natural brow definition. Light pressure is sufficient. Slightly stronger pressure intensifies the line thickness and expression. Blend with the integrated brush and shape the brows – for a perfect result in seconds!","OCTYLDODECANOL, CI 77891 (TITANIUM DIOXIDE), HYDROGENATED VEGETABLE OIL, MICA, ORYZA SATIVA (RICE) BRAN WAX, SYNTHETIC WAX, COPERNICIA CERIFERA CERA (CARNAUBA WAX), CI 77499 (IRON OXIDES), CI 77492 (IRON OXIDES), ETHYLCELLULOSE, CI 77491 (IRON OXIDES), TOCOPHEROL, ASCORBYL PALMITATE",yes,yes,ja
Spa Relaxing Body Lotion,de,https://image.labiosthetique.com/i/square-1440/m2-product:spa_relaxing_body_lotion_329677_250ml_05514d9.jpg/feed-media.jpg,https://www.labiosthetique.de/spa-relaxing-body-lotion?childSku=4040218898620,/spa-relaxing-body-lotion?childSku=4040218898620,002153,Entspannende Körperlotion,"29,00 €",0,250 ml,Hautpflege,"Nach dem Bad, der Dusche oder einem Peeling gleichmäßig und in kreisenden Bewegungen auf der sauberen, trockenen Körperhaut verteilen. Sanft einmassieren oder einige Minuten einziehen lassen.","AQUA (WATER), COCOS NUCIFERA (COCONUT) OIL, ALCOHOL DENAT., HYDROGENATED COCO-GLYCERIDES, PARFUM (FRAGRANCE), PENTAERYTHRITYL DISTEARATE, SIMMONDSIA CHINENSIS (JOJOBA) SEED OIL, DICAPRYLYL CARBONATE, SODIUM GLUCONATE, SODIUM LACTATE, INULIN, ACACIA SENEGAL GUM, XANTHAN GUM, SODIUM STEAROYL GLUTAMATE, TETRAMETHYL ACETYLOCTAHYDRONAPHTHALENES, PHENOXYETHANOL, LIMONENE, ALPHA-GLUCAN OLIGOSACCHARIDE, SODIUM BENZOATE, COCO-BETAINE, CITRUS LIMON PEEL OIL, CITRUS AURANTIUM PEEL OIL, TOCOPHEROL, BENZOIC ACID, SODIUM CHLORIDE, PINENE, DEHYDROACETIC ACID, CITRAL, HELIANTHUS ANNUUS (SUNFLOWER) SEED OIL, LEMONGRASS OIL, LINALOOL, GERANIOL, GERANYL ACETATE",yes,no,ja
Spa Relaxing Body Lotion,en,https://image.labiosthetique.com/i/square-1440/m2-product:spa_relaxing_body_lotion_329677_250ml_05514d9.jpg/feed-media.jpg,https://www.labiosthetique.de/spa-relaxing-body-lotion?childSku=4040218898620,/spa-relaxing-body-lotion?childSku=4040218898620,002153,Relaxing body lotion,"29,00 €",0,250 ml,Skin care,"After bathing, showering or an exfoliation treatment, evenly distribute the body milk on the clean, dry body skin with circling motions. Gently massage in or leave to absorb for a few minutes.","AQUA (WATER), COCOS NUCIFERA (COCONUT) OIL, ALCOHOL DENAT., HYDROGENATED COCO-GLYCERIDES, PARFUM (FRAGRANCE), PENTAERYTHRITYL DISTEARATE, SIMMONDSIA CHINENSIS (JOJOBA) SEED OIL, DICAPRYLYL CARBONATE, SODIUM GLUCONATE, SODIUM LACTATE, INULIN, ACACIA SENEGAL GUM, XANTHAN GUM, SODIUM STEAROYL GLUTAMATE, TETRAMETHYL ACETYLOCTAHYDRONAPHTHALENES, PHENOXYETHANOL, LIMONENE, ALPHA-GLUCAN OLIGOSACCHARIDE, SODIUM BENZOATE, COCO-BETAINE, CITRUS LIMON PEEL OIL, CITRUS AURANTIUM PEEL OIL, TOCOPHEROL, BENZOIC ACID, SODIUM CHLORIDE, PINENE, DEHYDROACETIC ACID, CITRAL, HELIANTHUS ANNUUS (SUNFLOWER) SEED OIL, LEMONGRASS OIL, LINALOOL, GERANIOL, GERANYL ACETATE",yes,no,ja
glam + colour Steel Grey .11 .AA Colouring Toner,de,https://image.labiosthetique.com/i/square-1440/m2-product:glam_colour_steel_grey_.11_.aa_colouring_toner_386251_200ml_3bf7a14.jpg/feed-media.jpg,https://www.labiosthetique.de/glam-colour-steel-grey-11-aa-colouring-toner,/glam-colour-steel-grey-11-aa-colouring-toner,038204,"Der Steel Grey Colouring Toner veredelt natürlich ergrautes Haar mit einem stahlgrauen Reflex. Je nach Einwirkzeit reduziert er den Gelbstich, kaschiert graue Haare oder dunkelt ergrautes Haar natürlich ab.","41,00 €","205,00 € / 1 l",200 ml,Haar- & Kopfhautpflege,"ANWENDUNG Legen Sie ein dunkles Handtuch zum Schutz vor Farbflecken um Ihre Schultern. Waschen Sie das Haar und frottieren Sie es mit einem Handtuch an. Mit dem beigefügten Skin Protecting Oil schützen Sie die Haut an den Haarkonturen vor Anfärbung. Tragen Sie nun den Colouring Toner unter Verwendung der beigefügten Handschuhe großzügig auf. Das Haar sollte vollständig bedeckt sein. Achten Sie auf eine gleichmäßige Verteilung. Bei Bedarf mit einem Kunststoffkamm durchkämmen. Spülen Sie die Handschuhe mit Wasser ab, um sie später beim Auswaschen des Toners zu verwenden. Je nach Intensität des gewünschten Reflexes 2–20 Minuten einwirken lassen. Gründlich ausspülen, bis das Wasser klar bleibt und unbedingt nochmals mit einem geeigneten Shampoo auswaschen. Bei beanspruchtem Haar kann anschließend eine Pflege aufgetragen werden. Trocknen und stylen Sie Ihr Haar wie gewohnt. Haltbarkeit und Farbintensität der Tönung sind abhängig von der Beschaffenheit der Haarstruktur und der Einwirkzeit. Wir empfehlen, die Anwendung nach Bedarf und gewünschtem Farbergebnis zu wiederholen. Gelbstichneutralisation: Einwirkzeit 2–5 Minuten. Kaschierung von weißem Haar: Einwirkzeit 5–10 Minuten. Steel Grey Tönung (temporäre, auswaschbare Haarfarbe): Einwirkzeit bis zu 20 Minuten. Anwendung nur auf Naturhaar. Auf gefärbtem Haar kann es zu Farbverzerrungen (Blaustich) kommen.","Glam+Colour Colouring Toner Steel Grey.11 INGREDIENTS: AQUA (WATER), GLYCINE, CETEARYL ALCOHOL, PETROLATUM, CITRIC ACID, LAURETH-2, MALEIC ACID, PHENOXYETHANOL, SODIUM CETEARYL SULFATE, PARFUM (FRAGRANCE), ETHYLHEXYLGLYCERIN, TETRAMETHYL ACETYLOCTAHYDRONAPHTHALENES, SODIUM SULFATE, GLYCERIN, ACID BLACK 1, CITRUS AURANTIUM BERGAMIA (BERGAMOT) PEEL OIL, ACID VIOLET 43, CI 77266 (BLACK 2)(NANO), LIMONENE, ACID ORANGE 7, LINALOOL, PVP, LINALYL ACETATE, GERANIOL, DEHYDROACETIC ACID Skin Protecting Oil INGREDIENTS: POLYSORBATE 80, PARFUM (FRAGRANCE), AQUA (WATER), PROPYLENE GLYCOL, TETRAMETHYL ACETYLOCTAHYDRONAPHTHALENES, HEXAMETHYLINDANOPYRAN, LIMONENE, LINALOOL, GLYCYRRHETINIC ACID, CITRUS AURANTIUM BERGAMIA (BERGAMOT) PEEL OIL, EPILOBIUM ANGUSTIFOLIUM FLOWER/LEAF/STEM EXTRACT, LINALYL ACETATE, PINENE, GERANIOL, PHENOXYETHANOL, SODIUM METABISULFITE",yes,yes,ja
glam + colour Steel Grey .11 .AA Colouring Toner,en,https://image.labiosthetique.com/i/square-1440/m2-product:glam_colour_steel_grey_.11_.aa_colouring_toner_386251_200ml_3bf7a14.jpg/feed-media.jpg,https://www.labiosthetique.de/glam-colour-steel-grey-11-aa-colouring-toner,/glam-colour-steel-grey-11-aa-colouring-toner,038204,"Depending on the processing time, Glam Color Toner neutralises yellow reflexes in hair that has naturally turned grey, reduces the contrast between grey hair and the natural shade or gives hair a uniform darker result and new freshness.","41,00 €","205,00 € / 1 l",200 ml,Hair & scalp care,"Place an old towel around your shoulders to protect from colour stains. Wash your hair and dry it with a towel. Protect the contours from colour stains with the enclosed protective scalp oil Color Barrier. Generously apply Glam Color Toner using the enclosed gloves so that the hair is completely covered. Pay attention to even distribution. If needed, comb through with a plastic comb. Rinse the gloves with water so you can use them again after the processing time when you wash out the toner. Depending on the intensity of the desired reflex, leave in for 2 – 20 minutes: – Neutralisation of yellow tinge: Processing time: 2 – 5 minutes. – Concealing of grey hair: Processing time: 5 – 10 minutes. – Steel Gray tint (temporary hair colour): Processing time up to 20 minutes. Rinse thoroughly until water runs clear and wash out with a suitable shampoo.","Glam+Colour Colouring Toner Steel Grey.11 INGREDIENTS: AQUA (WATER), GLYCINE, CETEARYL ALCOHOL, PETROLATUM, CITRIC ACID, LAURETH-2, MALEIC ACID, PHENOXYETHANOL, SODIUM CETEARYL SULFATE, PARFUM (FRAGRANCE), ETHYLHEXYLGLYCERIN, TETRAMETHYL ACETYLOCTAHYDRONAPHTHALENES, SODIUM SULFATE, GLYCERIN, ACID BLACK 1, CITRUS AURANTIUM BERGAMIA (BERGAMOT) PEEL OIL, ACID VIOLET 43, CI 77266 (BLACK 2)(NANO), LIMONENE, ACID ORANGE 7, LINALOOL, PVP, LINALYL ACETATE, GERANIOL, DEHYDROACETIC ACID Skin Protecting Oil INGREDIENTS: POLYSORBATE 80, PARFUM (FRAGRANCE), AQUA (WATER), PROPYLENE GLYCOL, TETRAMETHYL ACETYLOCTAHYDRONAPHTHALENES, HEXAMETHYLINDANOPYRAN, LIMONENE, LINALOOL, GLYCYRRHETINIC ACID, CITRUS AURANTIUM BERGAMIA (BERGAMOT) PEEL OIL, EPILOBIUM ANGUSTIFOLIUM FLOWER/LEAF/STEM EXTRACT, LINALYL ACETATE, PINENE, GERANIOL, PHENOXYETHANOL, SODIUM METABISULFITE",yes,yes,ja
Magic Shadow 04 Champagne,de,https://image.labiosthetique.com/i/square-1440/m2-product:magic_shadow_04_champagne_247557_2_5g_1bf1572.jpg/feed-media.jpg,https://www.labiosthetique.de/magic-shadow?childSku=4040218815818,/magic-shadow?childSku=4040218815818,016566,Der Puder-Lidschatten zaubert mit seinen pudrigen Farbpigmenten magische Akzente auf die Augenlider.,"25,00 €",0,"2,5 g",Make-Up,"Magic Shadow einfach mit den Fingern, dem Lidschattenapplikator oder einem Pinsel in gewünschter Form und Farbintensität auf das Lid auftragen.","TALC, MICA, CI 77891 (TITANIUM DIOXIDE), ISOPROPYL ISOSTEARATE, OCTYLDODECYL STEAROYL STEARATE, PENTAERYTHRITYL TETRAISOSTEARATE, ZINC STEARATE, ALUMINA, SILICA, DEHYDROACETIC ACID, CI 77491 (IRON OXIDES), CI 77492 (IRON OXIDES), TIN OXIDE, STEARIC ACID, CI 77499 (IRON OXIDES)",yes,yes,ja
Magic Shadow 04 Champagne,en,https://image.labiosthetique.com/i/square-1440/m2-product:magic_shadow_04_champagne_247557_2_5g_1bf1572.jpg/feed-media.jpg,https://www.labiosthetique.de/magic-shadow?childSku=4040218815818,/magic-shadow?childSku=4040218815818,016566,The powder eyeshadow contains powdery colour pigments to magically give the eyelids enchanting accents.,"25,00 €",0,"2,5 g",Make-up,"Simply apply Magic Shadow to the lid with the fingers, the eyeshadow applicator or a brush in the desired shape and colour intensity.","TALC, MICA, CI 77891 (TITANIUM DIOXIDE), ISOPROPYL ISOSTEARATE, OCTYLDODECYL STEAROYL STEARATE, PENTAERYTHRITYL TETRAISOSTEARATE, ZINC STEARATE, ALUMINA, SILICA, DEHYDROACETIC ACID, CI 77491 (IRON OXIDES), CI 77492 (IRON OXIDES), TIN OXIDE, STEARIC ACID, CI 77499 (IRON OXIDES)",yes,yes,ja
Colour Protection Structure Restoring Mask,de,https://image.labiosthetique.com/i/square-1440/m2-product:colour_protection_structure_restoring_mask_247175_100ml_714a4a0.jpg/feed-media.jpg,https://www.labiosthetique.de/colour-protection-structure-restoring-mask,/colour-protection-structure-restoring-mask,120828,"Die intensiv pflegende Maske mit Mehrfachwirkung regeneriert und restrukturiert die Struktur der Haare tiefenwirksam, versiegelt und schützt die äußeren Schichten und bewahrt die Farbbrillanz der Haare.","48,00 €","480,00 € / 1 l",100 ml,Haar- & Kopfhautpflege,"Im feuchten Haar verteilen, 10 Minuten einwirken lassen und anschließend ausspülen.","AQUA (WATER), BEHENAMIDOPROPYL DIMETHYLAMINE, CETEARYL ALCOHOL, PROPYLENE GLYCOL, NEOPENTYL GLYCOL DIHEPTANOATE, DICAPRYLYL ETHER , DICOCOYL PENTAERYTHRITYL DISTEARYL CITRATE , INULIN, LACTIC ACID, BEHENTRIMONIUM METHOSULFATE, LAURYL ALCOHOL, ARGANIA SPINOSA (ARGAN) KERNEL OIL, PARFUM (FRAGRANCE), BUTYLENE GLYCOL, BENZOIC ACID, CETEARYL ISONONANOATE, TRITICUM VULGARE GERM OIL, TETRAMETHYL ACETYLOCTAHYDRONAPHTHALENES, CAPRYLIC/CAPRIC TRIGLYCERIDE, STARCH HYDROXYPROPYLTRIMONIUM CHLORIDE, CERAMIDE NG, TROMETHAMINE, LINOLEIC ACID, LIMONENE, CITRUS AURANTIUM BERGAMIA (BERGAMOT) PEEL OIL, HYDROXYPROPYL OXIDIZED STARCH PG-TRIMONIUM CHLORIDE, LINALOOL, TRITICUM VULGARE (WHEAT) BRAN EXTRACT, TRITICUM VULGARE GERM EXTRACT, SODIUM LACTATE, CRAMBE MARITIMA LEAF EXTRACT, LINALYL ACETATE, SODIUM CHLORIDE, UREA, GLYCERIN, CAMELLIA OLEIFERA SEED OIL, LEVULINIC ACID, TOCOPHERYL ACETATE, TOCOPHEROL, P-ANISIC ACID",yes,yes,ja
Colour Protection Structure Restoring Mask,en,https://image.labiosthetique.com/i/square-1440/m2-product:colour_protection_structure_restoring_mask_247175_100ml_714a4a0.jpg/feed-media.jpg,https://www.labiosthetique.de/colour-protection-structure-restoring-mask,/colour-protection-structure-restoring-mask,120828,"The deep-conditioning mask with a multiple effect deeply regenerates and restructures the hair structure, seals and protects its external layers and maintains the hair’s colour brilliance.","48,00 €","480,00 € / 1 l",100 ml,Hair & scalp care,"Distribute into damp hair, leave in for 10 minutes and rinse out thoroughly.","AQUA (WATER), BEHENAMIDOPROPYL DIMETHYLAMINE, CETEARYL ALCOHOL, PROPYLENE GLYCOL, NEOPENTYL GLYCOL DIHEPTANOATE, DICAPRYLYL ETHER , DICOCOYL PENTAERYTHRITYL DISTEARYL CITRATE , INULIN, LACTIC ACID, BEHENTRIMONIUM METHOSULFATE, LAURYL ALCOHOL, ARGANIA SPINOSA (ARGAN) KERNEL OIL, PARFUM (FRAGRANCE), BUTYLENE GLYCOL, BENZOIC ACID, CETEARYL ISONONANOATE, TRITICUM VULGARE GERM OIL, TETRAMETHYL ACETYLOCTAHYDRONAPHTHALENES, CAPRYLIC/CAPRIC TRIGLYCERIDE, STARCH HYDROXYPROPYLTRIMONIUM CHLORIDE, CERAMIDE NG, TROMETHAMINE, LINOLEIC ACID, LIMONENE, CITRUS AURANTIUM BERGAMIA (BERGAMOT) PEEL OIL, HYDROXYPROPYL OXIDIZED STARCH PG-TRIMONIUM CHLORIDE, LINALOOL, TRITICUM VULGARE (WHEAT) BRAN EXTRACT, TRITICUM VULGARE GERM EXTRACT, SODIUM LACTATE, CRAMBE MARITIMA LEAF EXTRACT, LINALYL ACETATE, SODIUM CHLORIDE, UREA, GLYCERIN, CAMELLIA OLEIFERA SEED OIL, LEVULINIC ACID, TOCOPHERYL ACETATE, TOCOPHEROL, P-ANISIC ACID",yes,yes,ja
Fortifying Scalp Concentrate,de,https://image.labiosthetique.com/i/square-1440/m2-product:fortifying_scalp_concentrate_384374_100ml_8314254.jpg/feed-media.jpg,https://www.labiosthetique.de/fortifying-scalp-concentrate,/fortifying-scalp-concentrate,120569,"Das Kopfhautkonzentrat erhöht die Nährstoffversorgung der Haarwurzeln, wirkt Haarausfall entgegen und sorgt für dichteres, kräftigeres Haar. Für alle Liebhaber von Bio-Fanelan Régénérant Premium wird dies Ihr neues Lieblingsprodukt.","136,00 €","1.360,00 € / 1 l",100 ml,Haar- & Kopfhautpflege,"Den Inhalt einer Ampulle scheitelweise auf der Kopfhaut verteilen und leicht einmassieren. Vor dem Föhnen einziehen lassen. Zur Intensivbehandlung empfiehlt sich die Anwendung idealerweise jeden 2. Tag über einen Zeitraum von drei Monaten. Zur Prophylaxe, bei altersbedingt schwächer werdendem Haarwuchs und wenn in der Familie eine Tendenz zu Haarausfall erkennbar ist, empfiehlt sich eine dauerhaft vorbeugende Behandlung mit 1–2 Ampullen pro Woche. Gleiches gilt bei altersbedingt geschwächtem Haar.","AQUA (WATER), FAEX (YEAST) EXTRACT, PROPYLENE GLYCOL, PANAX GINSENG ROOT EXTRACT, PHENOXYETHANOL, ARGININE, ACETYL TYROSINE, ARCTIUM MAJUS ROOT EXTRACT, HYDROLYZED SOY PROTEIN, 1,2-HEXANEDIOL, GLUTATHIONE, HYDROLYZED DNA, ISOMERIZED LINOLEIC ACID, TETRASODIUM GLUTAMATE DIACETATE, CALCIUM PANTOTHENATE , DIPOTASSIUM GLYCYRRHIZATE, HYDROXYPROPYL GUAR, SODIUM POLYPHOSPHATE, ZINC GLUCONATE, ETHYLHEXYLGLYCERIN, TROMETHAMINE, LACTIC ACID, NIACINAMIDE, ORNITHINE HCL, CHLORELLA VULGARIS/LUPINUS ALBUS PROTEIN FERMENT, CITRULLINE, CAPRYLOYL GLYCINE, CAPRYLYL/CAPRYL GLUCOSIDE, CICHORIUM INTYBUS ROOT EXTRACT, GLUCOSAMINE HCL, BIOTIN, DISODIUM SUCCINATE, METHYLPARABEN, SODIUM BENZOATE, POTASSIUM SORBATE, TOCOPHEROL",yes,yes,nein
Fortifying Scalp Concentrate,en,https://image.labiosthetique.com/i/square-1440/m2-product:fortifying_scalp_concentrate_384374_100ml_8314254.jpg/feed-media.jpg,https://www.labiosthetique.de/fortifying-scalp-concentrate,/fortifying-scalp-concentrate,120569,"The scalp concentrate increases the supply of nutrients to the hair roots, counteracts hair loss and makes the hair thicker and stronger.","136,00 €","1.360,00 € / 1 l",100 ml,Hair & scalp care,"Apply the contents of one ampoule to the scalp along the parting and massage in gently. Allow to absorb before blow-drying. For intensive treatment, we recommend that you ideally use the product every other day over a period of three months. For prophylaxis in the case of age-related weakening hair growth and if there is a recognisable tendency towards hair loss in the family, long-term preventive treatment with 1–2 ampoules per week is recommended.","AQUA (WATER), FAEX (YEAST) EXTRACT, PROPYLENE GLYCOL, PANAX GINSENG ROOT EXTRACT, PHENOXYETHANOL, ARGININE, ACETYL TYROSINE, ARCTIUM MAJUS ROOT EXTRACT, HYDROLYZED SOY PROTEIN, 1,2-HEXANEDIOL, GLUTATHIONE, HYDROLYZED DNA, ISOMERIZED LINOLEIC ACID, TETRASODIUM GLUTAMATE DIACETATE, CALCIUM PANTOTHENATE , DIPOTASSIUM GLYCYRRHIZATE, HYDROXYPROPYL GUAR, SODIUM POLYPHOSPHATE, ZINC GLUCONATE, ETHYLHEXYLGLYCERIN, TROMETHAMINE, LACTIC ACID, NIACINAMIDE, ORNITHINE HCL, CHLORELLA VULGARIS/LUPINUS ALBUS PROTEIN FERMENT, CITRULLINE, CAPRYLOYL GLYCINE, CAPRYLYL/CAPRYL GLUCOSIDE, CICHORIUM INTYBUS ROOT EXTRACT, GLUCOSAMINE HCL, BIOTIN, DISODIUM SUCCINATE, METHYLPARABEN, SODIUM BENZOATE, POTASSIUM SORBATE, TOCOPHEROL",yes,yes,nein
Moisture Control Shampoo,de,https://image.labiosthetique.com/i/square-1440/m2-product:moisture_control_shampoo_395124_250ml_f28af5b.jpg/feed-media.jpg,https://www.labiosthetique.de/moisture-control-shampoo?childSku=4040218882018,/moisture-control-shampoo?childSku=4040218882018,120373,"Während es Kopfhaut und Haare mild reinigt, reduziert das Shampoo das Austreten von Schweiß aus den Kopfhautporen und sorgt für länger andauernde Frische. Für alle Liebhaber von Shampooing Hydrotoxa wird dies Ihr neues Lieblingsprodukt.","27,50 €","110,00 € / 1 l",250 ml,Haar- & Kopfhautpflege,"Gleichmäßig im feuchten Haar und auf der Kopfhaut verteilen, kurz einwirken lassen und gründlich ausspülen.","AQUA (WATER), SODIUM LAURETH SULFATE, CAPRYLYL/CAPRYL GLUCOSIDE, LAURYL PYRROLIDONE, DISODIUM LAURETH SULFOSUCCINATE, PROPANEDIOL, POLYGLYCERYL-3 OLEATE, SODIUM BENZOATE, SODIUM CHLORIDE, PARFUM (FRAGRANCE), BETAINE, ACETIC ACID, TETRAMETHYL ACETYLOCTAHYDRONAPHTHALENES, BENZOIC ACID, FOMES OFFICINALIS (MUSHROOM) EXTRACT, CITRIC ACID, POTASSIUM SORBATE, LIMONENE, CITRUS LIMON (LEMON) PEEL OIL, PINENE",yes,yes,ja
Moisture Control Shampoo,en,https://image.labiosthetique.com/i/square-1440/m2-product:moisture_control_shampoo_395124_250ml_f28af5b.jpg/feed-media.jpg,https://www.labiosthetique.de/moisture-control-shampoo?childSku=4040218882018,/moisture-control-shampoo?childSku=4040218882018,120373,"While mildly cleansing the scalp and hair, the shampoo reduces the excretion of sweat from the scalp pores and provides longer-lasting freshness.","27,50 €","110,00 € / 1 l",250 ml,Hair & scalp care,"Distribute evenly in moist hair and on the scalp, briefly leave to take effect, then rinse out thoroughly.","AQUA (WATER), SODIUM LAURETH SULFATE, CAPRYLYL/CAPRYL GLUCOSIDE, LAURYL PYRROLIDONE, DISODIUM LAURETH SULFOSUCCINATE, PROPANEDIOL, POLYGLYCERYL-3 OLEATE, SODIUM BENZOATE, SODIUM CHLORIDE, PARFUM (FRAGRANCE), BETAINE, ACETIC ACID, TETRAMETHYL ACETYLOCTAHYDRONAPHTHALENES, BENZOIC ACID, FOMES OFFICINALIS (MUSHROOM) EXTRACT, CITRIC ACID, POTASSIUM SORBATE, LIMONENE, CITRUS LIMON (LEMON) PEEL OIL, PINENE",yes,yes,ja
Belesthétique The Cream,de,https://image.labiosthetique.com/i/square-1440/m2-product:belesth_tique_the_cream_247895_50ml_f1f8703.jpg/feed-media.jpg,https://www.labiosthetique.de/belesthetique-the-cream,/belesthetique-the-cream,002042,"Mit hochwirksamen pflanzlichen Inhaltsstoffen und einem exklusiven Anti-Age-Phytokomplex mit Iris und weißem Trüffel liftet The Cream die Gesichtskontur sichtbar und hilft der Haut, ihre zeitlose Schönheit und Jugendlichkeit zu bewahren.","249,50 €","4.990,00 € / 1 l",50 ml,Hautpflege,The Cream morgens und abends auf das gereinigte Gesicht auftragen.,"AQUA (WATER), GLYCERIN, CAPRYLIC/CAPRIC TRIGLYCERIDE, SQUALANE, CETEARYL ETHYLHEXANOATE, HYDROGENATED COCO-GLYCERIDES, SACCHARIDE ISOMERATE, CETEARYL ALCOHOL, CETEARYL GLUCOSIDE, HELIANTHUS ANNUUS (SUNFLOWER) SEED OIL, CETYL PALMITATE, BUTYLENE GLYCOL, LAUROYL LYSINE, PROPANEDIOL, POTASSIUM CETYL PHOSPHATE, PARFUM (FRAGRANCE), PHENOXYETHANOL, ACMELLA OLERACEA EXTRACT, CERAMIDE NG, ISOPROPYL MYRISTATE, TETRAMETHYL ACETYLOCTAHYDRONAPHTHALENES, BRASSICA CAMPESTRIS (RAPESEED) STEROLS, TUBER MAGNATUM EXTRACT, BEHENYL ALCOHOL, GLYCERYL STEARATE, ETHYL FERULATE, PALMITIC ACID, STEARIC ACID, TOCOPHEROL, BENZOIC ACID, IRIS FLORENTINA ROOT EXTRACT, CITRUS AURANTIUM BERGAMIA (BERGAMOT) PEEL OIL, DEHYDROACETIC ACID, ALPHA-ISOMETHYL IONONE, CITRIC ACID, SODIUM CITRATE, LIMONENE, CETYL ALCOHOL, LAURYL ALCOHOL, LECITHIN, LUPINUS ALBUS SEED EXTRACT, MYRISTYL ALCOHOL, ROSMARINUS OFFICINALIS (ROSEMARY) LEAF EXTRACT , LINALOOL, LINALYL ACETATE, GERANIOL, TERPINEOL, PINENE, POTASSIUM SORBATE, SODIUM BENZOATE, CITRONELLOL, ROSE FLOWER OIL/EXTRAKT",yes,yes,ja
Belesthétique The Cream,en,https://image.labiosthetique.com/i/square-1440/m2-product:belesth_tique_the_cream_247895_50ml_f1f8703.jpg/feed-media.jpg,https://www.labiosthetique.de/belesthetique-the-cream,/belesthetique-the-cream,002042,"With highly effective plant ingredients and an exclusive anti-aging phyto complex with iris and white truffle, The Cream visibly lifts the facial contours and helps the skin to maintain its timeless beauty and youthfulness.","249,50 €","4.990,00 € / 1 l",50 ml,Skin care,"In the morning and evening, apply The Cream to the cleansed face.","AQUA (WATER), GLYCERIN, CAPRYLIC/CAPRIC TRIGLYCERIDE, SQUALANE, CETEARYL ETHYLHEXANOATE, HYDROGENATED COCO-GLYCERIDES, SACCHARIDE ISOMERATE, CETEARYL ALCOHOL, CETEARYL GLUCOSIDE, HELIANTHUS ANNUUS (SUNFLOWER) SEED OIL, CETYL PALMITATE, BUTYLENE GLYCOL, LAUROYL LYSINE, PROPANEDIOL, POTASSIUM CETYL PHOSPHATE, PARFUM (FRAGRANCE), PHENOXYETHANOL, ACMELLA OLERACEA EXTRACT, CERAMIDE NG, ISOPROPYL MYRISTATE, TETRAMETHYL ACETYLOCTAHYDRONAPHTHALENES, BRASSICA CAMPESTRIS (RAPESEED) STEROLS, TUBER MAGNATUM EXTRACT, BEHENYL ALCOHOL, GLYCERYL STEARATE, ETHYL FERULATE, PALMITIC ACID, STEARIC ACID, TOCOPHEROL, BENZOIC ACID, IRIS FLORENTINA ROOT EXTRACT, CITRUS AURANTIUM BERGAMIA (BERGAMOT) PEEL OIL, DEHYDROACETIC ACID, ALPHA-ISOMETHYL IONONE, CITRIC ACID, SODIUM CITRATE, LIMONENE, CETYL ALCOHOL, LAURYL ALCOHOL, LECITHIN, LUPINUS ALBUS SEED EXTRACT, MYRISTYL ALCOHOL, ROSMARINUS OFFICINALIS (ROSEMARY) LEAF EXTRACT , LINALOOL, LINALYL ACETATE, GERANIOL, TERPINEOL, PINENE, POTASSIUM SORBATE, SODIUM BENZOATE, CITRONELLOL, ROSE FLOWER OIL/EXTRAKT",yes,yes,ja
N° 12 Lippenpinsel,de,https://image.labiosthetique.com/i/square-1440/m2-product:n_12_lippenpinsel_394493_1St_ck_9835505.jpg/feed-media.jpg,https://www.labiosthetique.de/n-12-lippenpinsel,/n-12-lippenpinsel,031562,Für die exakte Applikation vom Lippen-Make-up: Formstabiler Pinsel für die Lippenkontur und einen perfekt geschminkten Mund,"13,50 €",0,1 pcs,Make-Up,Mit dem Pinsel Lippenfarbe oder Gloss aufnehmen und mit der Spitze des Pinsels die Lippenkontur nachziehen: vom Amorbogen bis zum Profil der Unterlippe. Anschließend mit der breiten Seite des Pinsels die Lippen ausmalen.,keine Angabe,no,no,ja
N° 12 Lip brush,en,https://image.labiosthetique.com/i/square-1440/m2-product:n_12_lippenpinsel_394493_1St_ck_9835505.jpg/feed-media.jpg,https://www.labiosthetique.de/n-12-lippenpinsel,/n-12-lippenpinsel,031562,For precise lip make-up application: brush that retains its shape for the lip line and perfect lip make-up.,"13,50 €",0,1 pcs,Make-up,"Use the brush to pick up lip colour or lip gloss, and use the tip of the brush to outline the lip line: from the cupid’s bow to the edge of the bottom lip. Then use the wide side of the brush to fill in the lips.",not specified,no,no,ja
Dermosthétique Vitamin C + Niacin Illuminating Concentrate,de,https://image.labiosthetique.com/i/square-1440/m2-product:dermosth_tique_vitamin_c_niacin_illuminating_concentrate_247949_30ml_a3def97.jpg/feed-media.jpg,https://www.labiosthetique.de/dermosthetique-vitamin-c-niacin-illuminating-concentrate,/dermosthetique-vitamin-c-niacin-illuminating-concentrate,002294,"Die konzentrierte Kraft zweier Vitamine mindert Pigmentstörungen und schafft ein ausgeglichenes, klares Hautbild mit jugendlicher Strahlkraft.","85,00 €","2.833,33 € / 1 l",30 ml,Hautpflege,"Morgens und abends 3-4 Tropfen des Konzentrats auf der gereinigten und tonifizierten Haut an Gesicht, Hals und Dekolleté, aber auch an betroffenen Hautstellen, wie z.B. Handrücken, Kopfhaut (Glatze), Unterarmen verteilen und leicht einmassieren.","AQUA (WATER), PENTYLENE GLYCOL, NIACINAMIDE, SODIUM ASCORBYL PHOSPHATE, SODIUM HYALURONATE, HYDROXYACETOPHENONE, LINOLENIC ACID",yes,yes,ja
Dermosthétique Vitamin C + Niacin Illuminating Concentrate,en,https://image.labiosthetique.com/i/square-1440/m2-product:dermosth_tique_vitamin_c_niacin_illuminating_concentrate_247949_30ml_a3def97.jpg/feed-media.jpg,https://www.labiosthetique.de/dermosthetique-vitamin-c-niacin-illuminating-concentrate,/dermosthetique-vitamin-c-niacin-illuminating-concentrate,002294,"The concentrated power of two vitamins reduces pigment disorders and creates a balanced, clear complexion with youthful radiance.","85,00 €","2.833,33 € / 1 l",30 ml,Skin care,"In the morning and evening, distribute three to four drops of the concentrate onto the cleansed and toned skin of the face, neck and décolleté, as well as onto affected areas of skin such as the backs of the hands, scalp (if bald) and forearms, and lightly massage in.","AQUA (WATER), PENTYLENE GLYCOL, NIACINAMIDE, SODIUM ASCORBYL PHOSPHATE, SODIUM HYALURONATE, HYDROXYACETOPHENONE, LINOLENIC ACID",yes,yes,ja
Perfect Skin 2/4 Medium Peach,de,https://image.labiosthetique.com/i/square-1440/m2-product:perfect_skin_2_4_medium_peach_391653_30ml_877dbd6.jpg/feed-media.jpg,https://www.labiosthetique.de/perfect-skin?childSku=4040218878516,/perfect-skin?childSku=4040218878516,021579,Mit hoher Pigmentdichte und starker Deckkraft gleicht die schmelzende Creme-Foundation Hautunebenheiten mühelos aus und sorgt für lang anhaltende Perfektion.,"40,00 €",0,30 ml,Make-Up,"Perfect Skin mit einem Pinsel, einem Schwamm oder den Fingern sparsam von der Gesichtsmitte nach außen auftragen und gut verblenden. Bei Bedarf wiederholen.","CENTAUREA CYANUS FLOWER WATER, C9-12 ALKANE, CI 77891 (TITANIUM DIOXIDE), AQUA (WATER), POLYGLYCERYL-2 DIPOLYHYDROXYSTEARATE, UNDECANE, COCO-CAPRYLATE/CAPRATE, TRIHYDROXYSTEARIN, TRIDECANE, POLYGLYCERYL-3 DIISOSTEARATE, CI 77492 (IRON OXIDES), MAGNESIUM SULFATE, CI 77491 (IRON OXIDES), PERSEA GRATISSIMA (AVOCADO) OIL, POTASSIUM SORBATE, HYDROGENATED VEGETABLE OIL, SODIUM LEVULINATE, PARFUM (FRAGRANCE), CI 77499 (IRON OXIDES), BENZYL ALCOHOL, SODIUM BENZOATE, SODIUM PHYTATE, LACTIC ACID, VANILLIN, TOCOPHEROL, BALANITES ROXBURGHII SEED OIL, LINALOOL, CITRUS AURANTIUM PEEL OIL, LIMONENE, JUNIPERUS VIRGINIANA OIL, POGOSTEMON CABLIN OIL, ALCOHOL",yes,yes,ja
Perfect Skin 2/4 Medium Peach,en,https://image.labiosthetique.com/i/square-1440/m2-product:perfect_skin_2_4_medium_peach_391653_30ml_877dbd6.jpg/feed-media.jpg,https://www.labiosthetique.de/perfect-skin?childSku=4040218878516,/perfect-skin?childSku=4040218878516,021579,"With its perfect coverage, the liquid foundation provides a lastingly flawless, naturally cared for and mattified complexion.","40,00 €",0,30 ml,Make-up,"Evenly apply a small amount of the product with a make-up brush, sponge or the fingers, and blend in.","CENTAUREA CYANUS FLOWER WATER, C9-12 ALKANE, CI 77891 (TITANIUM DIOXIDE), AQUA (WATER), POLYGLYCERYL-2 DIPOLYHYDROXYSTEARATE, UNDECANE, COCO-CAPRYLATE/CAPRATE, TRIHYDROXYSTEARIN, TRIDECANE, POLYGLYCERYL-3 DIISOSTEARATE, CI 77492 (IRON OXIDES), MAGNESIUM SULFATE, CI 77491 (IRON OXIDES), PERSEA GRATISSIMA (AVOCADO) OIL, POTASSIUM SORBATE, HYDROGENATED VEGETABLE OIL, SODIUM LEVULINATE, PARFUM (FRAGRANCE), CI 77499 (IRON OXIDES), BENZYL ALCOHOL, SODIUM BENZOATE, SODIUM PHYTATE, LACTIC ACID, VANILLIN, TOCOPHEROL, BALANITES ROXBURGHII SEED OIL, LINALOOL, CITRUS AURANTIUM PEEL OIL, LIMONENE, JUNIPERUS VIRGINIANA OIL, POGOSTEMON CABLIN OIL, ALCOHOL",yes,yes,ja
Limited Edition Spa Set,de,https://image.labiosthetique.com/i/square-1440/m2-product:limited_edition_spa_set_420420_1Set_ade0c82.jpg/feed-media.jpg,https://www.labiosthetique.de/limited-edition-spa-set,/limited-edition-spa-set,012978,"Exklusives Wellness-Pflegeset für Ihre Auszeit zuhause. Die Kombination aus Relaxing Body Wash (50ml), Relaxing Body Lotion (50ml), Wellness Hair Shampoo (50ml) und Wellness Hair Conditioner (50ml) verwandelt die tägliche Pflege in ein unendlich wohltuendes Spa–Erlebnis.","39,50 €",0,1 set,"Haar- & Kopfhautpflege,Hautpflege","Relaxing Body Wash Mit den Händen oder einem Waschhandschuh auf der angefeuchteten Haut verteilen, aufschäumen und mit warmem Wasser abspülen. Relaxing Body Lotion Nach dem Bad, der Dusche oder einem Peeling gleichmäßig und in kreisenden Bewegungen auf der sauberen, trockenen Körperhaut verteilen. Sanft einmassieren oder einige Minuten einziehen lassen. Wellness Hair Shampoo Eine haselnussgroße Menge im feuchten Haar verteilen und aufschäumen. Die Kopfhaut dabei mit den Fingerspitzen massieren. Mit reichlich warmem Wasser ausspülen. Wellness Hair Conditioner Eine haselnussgroße Menge im handtuchtrockenen Haar verteilen. Nach 2 Minuten Einwirkzeit mit warmem Wasser ausspülen.","Relaxing Body Wash: INGREDIENTS: AQUA (WATER), SODIUM LAURETH SULFATE, LAURYL GLUCOSIDE , SODIUM LAUROYL OAT AMINO ACIDS, PARFUM (FRAGRANCE), BETAINE, INULIN, ALPHA-GLUCAN OLIGOSACCHARIDE, SODIUM GLUCONATE, SODIUM LACTATE, COCO-GLUCOSIDE , GLYCERYL OLEATE, HYDROXYPROPYL GUAR HYDROXYPROPYLTRIMONIUM CHLORIDE, LACTIC ACID, CITRIC ACID, BENZOIC ACID, PHENOXYETHANOL, ETHYLHEXYLGLYCERIN, TETRAMETHYL ACETYLOCTAHYDRONAPHTHALENES, LIMONENE, CITRUS LIMON (LEMON) PEEL OIL, CITRUS AURANTIUM PEEL OIL, TETRASODIUM EDTA, PINENE, COUMARIN, CITRAL Relaxing Body Lotion: INGREDIENTS: AQUA (WATER), ISOPROPYL PALMITATE, CAPRYLIC/CAPRIC TRIGLYCERIDE, HYDROGENATED COCO-GLYCERIDES, SORBITOL, C14-22 ALCOHOLS, PARFUM (FRAGRANCE), ALPHA-GLUCAN OLIGOSACCHARIDE, INULIN, SODIUM GLUCONATE, SODIUM STEAROYL GLUTAMATE, SODIUM LACTATE, LYSOLECITHIN, SCLEROTIUM GUM, C12-20 ALKYL GLUCOSIDE, SILICA, XANTHAN GUM, PULLULAN, PHENOXYETHANOL, BENZOIC ACID, ETHYLHEXYLGLYCERIN, DEHYDROACETIC ACID, TETRAMETHYL ACETYLOCTAHYDRONAPHTHALENES, LIMONENE, METHYLPROPANEDIOL, CITRUS LIMON (LEMON) PEEL OIL, CITRUS AURANTIUM PEEL OIL, CAPRYLHYDROXAMIC ACID, PINENE, COUMARIN, CITRAL, LEMONGRASS OIL, LINALOOL, GERANYL ACETATE Wellness Hair Shampoo: INGREDIENTS: AQUA (WATER), SODIUM LAURETH SULFATE, LAURYL GLUCOSIDE , SODIUM LAUROYL OAT AMINO ACIDS, PARFUM (FRAGRANCE), BETAINE, SODIUM GLUCONATE, SODIUM LACTATE, BENZOIC ACID, COCO-GLUCOSIDE , GLYCERYL OLEATE, TETRAMETHYL ACETYLOCTAHYDRONAPHTHALENES, LACTIC ACID, HY¬DROXYPROPYL GUAR HYDROXYPROPYLTRIMONIUM CHLORIDE, LIMONENE, CITRUS LIMON (LEMON) PEEL OIL, CITRUS AURANTIUM PEEL OIL, INULIN, PHENOXYETHANOL, CITRIC ACID, TETRASODIUM EDTA, PINENE, ALPHA-GLUCAN OLIGOSACCHARIDE, COUMARIN, CITRAL, ETHYLHEXYLGLYCERIN Wellness Hair Conditioner: INGREDIENTS: AQUA (WATER), CETEARYL ALCOHOL, PARFUM (FRAGRANCE), INULIN, ALPHA-GLUCAN OLIGOSACCHARIDE, CETRIMONIUM CHLORIDE, SODIUM LACTATE, SODIUM GLUCONATE, LACTIC ACID, CITRIC ACID, ETHYLHEXYLGLYCERIN, CAPRYLHYDROXAMIC ACID, BENZOIC ACID, TETRAMETHYL ACETYLOCTAHYDRONAPHTHALENES, METHYLPROPANEDIOL, LIMONENE, CITRUS LIMON (LEMON) PEEL OIL, CITRUS AURANTIUM PEEL OIL, PINENE, COUMARIN, CITRAL",yes,no,ja
Limited Edition Spa Set,en,https://image.labiosthetique.com/i/square-1440/m2-product:limited_edition_spa_set_420420_1Set_ade0c82.jpg/feed-media.jpg,https://www.labiosthetique.de/limited-edition-spa-set,/limited-edition-spa-set,012978,"An exclusive wellness care set for your at-home retreat. The combination of Relaxing Body Wash (50ml), Relaxing Body Lotion (50ml), Wellness Hair Shampoo (50ml) and Wellness Hair Conditioner (50ml) transforms your daily skincare routine into an infinitely soothing spa experience.","39,50 €",0,1 set,"Hair & scalp care,Skin care","Relaxing Body Wash Apply to damp skin using your hands or a washcloth, work into a lather, and rinse off with warm water. Relaxing Body Lotion After a bath, shower, or exfoliation, apply evenly to clean, dry skin using circular motions. Gently massage in or let it absorb for a few minutes. Wellness Hair Shampoo Apply a hazelnut-sized amount to damp hair and work into a lather. Massage the scalp with your fingertips. Rinse thoroughly with plenty of warm water. Wellness Hair Conditioner Apply a hazelnut-sized amount to towel-dried hair. Leave on for 2 minutes, then rinse with warm water.","Relaxing Body Wash: INGREDIENTS: AQUA (WATER), SODIUM LAURETH SULFATE, LAURYL GLUCOSIDE , SODIUM LAUROYL OAT AMINO ACIDS, PARFUM (FRAGRANCE), BETAINE, INULIN, ALPHA-GLUCAN OLIGOSACCHARIDE, SODIUM GLUCONATE, SODIUM LACTATE, COCO-GLUCOSIDE , GLYCERYL OLEATE, HYDROXYPROPYL GUAR HYDROXYPROPYLTRIMONIUM CHLORIDE, LACTIC ACID, CITRIC ACID, BENZOIC ACID, PHENOXYETHANOL, ETHYLHEXYLGLYCERIN, TETRAMETHYL ACETYLOCTAHYDRONAPHTHALENES, LIMONENE, CITRUS LIMON (LEMON) PEEL OIL, CITRUS AURANTIUM PEEL OIL, TETRASODIUM EDTA, PINENE, COUMARIN, CITRAL Relaxing Body Lotion: INGREDIENTS: AQUA (WATER), ISOPROPYL PALMITATE, CAPRYLIC/CAPRIC TRIGLYCERIDE, HYDROGENATED COCO-GLYCERIDES, SORBITOL, C14-22 ALCOHOLS, PARFUM (FRAGRANCE), ALPHA-GLUCAN OLIGOSACCHARIDE, INULIN, SODIUM GLUCONATE, SODIUM STEAROYL GLUTAMATE, SODIUM LACTATE, LYSOLECITHIN, SCLEROTIUM GUM, C12-20 ALKYL GLUCOSIDE, SILICA, XANTHAN GUM, PULLULAN, PHENOXYETHANOL, BENZOIC ACID, ETHYLHEXYLGLYCERIN, DEHYDROACETIC ACID, TETRAMETHYL ACETYLOCTAHYDRONAPHTHALENES, LIMONENE, METHYLPROPANEDIOL, CITRUS LIMON (LEMON) PEEL OIL, CITRUS AURANTIUM PEEL OIL, CAPRYLHYDROXAMIC ACID, PINENE, COUMARIN, CITRAL, LEMONGRASS OIL, LINALOOL, GERANYL ACETATE Wellness Hair Shampoo: INGREDIENTS: AQUA (WATER), SODIUM LAURETH SULFATE, LAURYL GLUCOSIDE , SODIUM LAUROYL OAT AMINO ACIDS, PARFUM (FRAGRANCE), BETAINE, SODIUM GLUCONATE, SODIUM LACTATE, BENZOIC ACID, COCO-GLUCOSIDE , GLYCERYL OLEATE, TETRAMETHYL ACETYLOCTAHYDRONAPHTHALENES, LACTIC ACID, HY¬DROXYPROPYL GUAR HYDROXYPROPYLTRIMONIUM CHLORIDE, LIMONENE, CITRUS LIMON (LEMON) PEEL OIL, CITRUS AURANTIUM PEEL OIL, INULIN, PHENOXYETHANOL, CITRIC ACID, TETRASODIUM EDTA, PINENE, ALPHA-GLUCAN OLIGOSACCHARIDE, COUMARIN, CITRAL, ETHYLHEXYLGLYCERIN Wellness Hair Conditioner: INGREDIENTS: AQUA (WATER), CETEARYL ALCOHOL, PARFUM (FRAGRANCE), INULIN, ALPHA-GLUCAN OLIGOSACCHARIDE, CETRIMONIUM CHLORIDE, SODIUM LACTATE, SODIUM GLUCONATE, LACTIC ACID, CITRIC ACID, ETHYLHEXYLGLYCERIN, CAPRYLHYDROXAMIC ACID, BENZOIC ACID, TETRAMETHYL ACETYLOCTAHYDRONAPHTHALENES, METHYLPROPANEDIOL, LIMONENE, CITRUS LIMON (LEMON) PEEL OIL, CITRUS AURANTIUM PEEL OIL, PINENE, COUMARIN, CITRAL",yes,no,ja
Bürste Ceramic & Ion 80mm,de,https://image.labiosthetique.com/i/square-1440/m2-product:b_rste_ceramic_ion_80mm_247435_1St_ck_3f330f2.jpg/feed-media.jpg,https://www.labiosthetique.de/buerste-ceramic-ion-80mm,/buerste-ceramic-ion-80mm,043583,"Die besonders große Rundbürste für mehr Glanz, schnelles Trocknen und mehr Volumen. Mit ionisierenden Borsten für eine antistatische Wirkung.","37,00 €",0,1 pcs,"Haar- & Kopfhautpflege,Styling","Das Haar halbtrocken föhnen und anschließend strähnenweise aufdrehen, föhnen und im Anschluss mit Haarspray fixieren. Die Bürste am Haaransatz ansetzen, unter Spannung halten und den Föhn auf den Bürstenkörper richten. Das Haar erst auf hoher Stufe und für einen längeren Halt anschließend kalt föhnen.",keine Angabe,no,no,ja
Brush Ceramic & Ion 80mm,en,https://image.labiosthetique.com/i/square-1440/m2-product:b_rste_ceramic_ion_80mm_247435_1St_ck_3f330f2.jpg/feed-media.jpg,https://www.labiosthetique.de/buerste-ceramic-ion-80mm,/buerste-ceramic-ion-80mm,043583,"The special big round brush for more shine, fast drying and more volume. With ionising bristles for an antistatic effect.","37,00 €",0,1 pcs,"Hair & scalp care,Styling","Blow-dry the hair till it is half-dry and then twist the brush in the hair strand by strand, blow-dry and fix with hairspray. Place the brush at the hair roots, hold tight in the hair and direct the hairdryer at the brush body. Blow-dry the hair on a high setting and for longer hold blast it with the cool shot setting.",not specified,no,no,ja
N° 2 Rougepinsel,de,https://image.labiosthetique.com/i/square-1440/m2-product:n_2_rougepinsel_394489_1St_ck_4e44ccc.jpg/feed-media.jpg,https://www.labiosthetique.de/n-2-rougepinsel,/n-2-rougepinsel,031241,"Für eine raffinierte und präzise Betonung der Wangenkonturen: Hochwertiger Rougepinsel aus weichen, abgeschrägten Kunsthaaren.","25,00 €",0,1 pcs,Make-Up,Etwas Rougepuder mit dem Pinsel aufnehmen. Überschüssige Farbe am Handrücken abklopfen. Für einen akzentuierenden Effekt ziehen Sie die Wangen nach innen und verteilen Sie das Rouge unterhalb der Wangenknochen von unten nach oben in Richtung der Ohren und verblenden Sie die Farbe sanft. Tipp: Unterhalb der Wangenknochen eine dunklere Nuance zum Konturieren setzen. Auf den Knochen einen Highlighter zum Akzentuieren geben und die Übergänge verblenden.,keine Angabe,no,no,ja
N° 2 Blush brush,en,https://image.labiosthetique.com/i/square-1440/m2-product:n_2_rougepinsel_394489_1St_ck_4e44ccc.jpg/feed-media.jpg,https://www.labiosthetique.de/n-2-rougepinsel,/n-2-rougepinsel,031241,"For a sophisticated and precise emphasis of the cheek contours: High-quality blusher brush made of soft, slanted natural hair","25,00 €",0,1 pcs,Make-up,Pick up some blusher powder with the brush. Tap surplus blusher on to the back of your hand. For an accentuated effect suck the cheeks in and distribute the blusher below the cheekbones from bottom to top in the direction of the ears and softly blend. Tip: Apply a darker shade below the cheekbones for contouring. Apply highlighter to accentuate the cheekbones and blend the edges.,not specified,no,no,ja
Cream Gloss Spicy Orange,de,https://image.labiosthetique.com/i/square-1440/m2-product:cream_gloss_spicy_orange_324295_3_5ml_2015887.jpg/feed-media.jpg,https://www.labiosthetique.de/cream-gloss?childSku=4040218847215,/cream-gloss?childSku=4040218847215,019898,Intensive Farbbrillanz und Pflege in Einem: Dieser hochglänzende Cream Gloss zaubert im Handumdrehen sinnlich volle Lippen für einen glamourösen Look.,"25,00 €",0,"3,5 ml",Make-Up,Cream Gloss mit Hilfe des Applikators auf die Lippen geben. Die cremige Textur ermöglicht ein einfaches und präzises Auftragen. Tipp: Für eine besondere 3-D-Wirkung die Lippen mit Konturen- und Lippenstift schminken und anschließend Gloss nur auf der Mitte der Ober- und Unterlippe auftragen.,"OLEIC/LINOLEIC/LINOLENIC POLYGLYCERIDES, RICINUS COMMUNIS (CASTOR) SEED OIL, HYDROGENATED VEGETABLE OIL, KAOLIN, CANDELILLA CERA (EUPHORBIA CERIFERA WAX), CERA ALBA (BEESWAX), DICALCIUM PHOSPHATE, CI 77891 (TITANIUM DIOXIDE), CI 19140 (YELLOW 5 LAKE), CI 45410 (RED 28 LAKE), PARFUM (FRAGRANCE), CI 77491 (IRON OXIDES), SIMMONDSIA CHINENSIS (JOJOBA) SEED OIL, CI 77499 (IRON OXIDES)",yes,no,ja
Cream Gloss Spicy Orange,en,https://image.labiosthetique.com/i/square-1440/m2-product:cream_gloss_spicy_orange_324295_3_5ml_2015887.jpg/feed-media.jpg,https://www.labiosthetique.de/cream-gloss?childSku=4040218847215,/cream-gloss?childSku=4040218847215,019898,Intense colour brilliance and care in one: This high-gloss Cream Gloss gives you sensuously full and glamorous 50s-style lips in the time it takes you to create that perfect pout,"25,00 €",0,"3,5 ml",Make-up,Apply Cream Gloss to the lips with the help of the applicator. The creamy texture enables a precise and easy application. Tip: For a special 3D effect apply lipliner and lipstick and then just apply the gloss to the middle of the top and bottom lip.,"OLEIC/LINOLEIC/LINOLENIC POLYGLYCERIDES, RICINUS COMMUNIS (CASTOR) SEED OIL, HYDROGENATED VEGETABLE OIL, KAOLIN, CANDELILLA CERA (EUPHORBIA CERIFERA WAX), CERA ALBA (BEESWAX), DICALCIUM PHOSPHATE, CI 77891 (TITANIUM DIOXIDE), CI 19140 (YELLOW 5 LAKE), CI 45410 (RED 28 LAKE), PARFUM (FRAGRANCE), CI 77491 (IRON OXIDES), SIMMONDSIA CHINENSIS (JOJOBA) SEED OIL, CI 77499 (IRON OXIDES)",yes,no,ja
Spa Wellness Soap,de,https://image.labiosthetique.com/i/square-1440/m2-product:spa_wellness_soap_329821_50g_6d7a278.jpg/feed-media.jpg,https://www.labiosthetique.de/spa-wellness-soap?childSku=4040218856415,/spa-wellness-soap?childSku=4040218856415,003923,Sanfte Wellness-Seife zur Reinigung von Gesicht und Körper.,"9,00 €","180,00 € / 1 kg",50 g,Hautpflege,Das Seifenstück in den feuchten Händen aufschäumen und den Schaum auf der angefeuchteten Haut von Gesicht und Körper verteilen. Mit warmem Wasser abspülen. Kann zur täglichen Reinigung verwendet werden.,"SODIUM PALMATE, SODIUM PALM KERNELATE, AQUA (WATER), PARFUM (FRAGRANCE), GLYCERIN, BUTYROSPERMUM PARKII (SHEA) BUTTER, SODIUM CHLORIDE, TETRAMETHYL ACETYLOCTAHYDRONAPHTHALENES, LIMONENE, CITRUS LIMON PEEL OIL, CITRUS AURANTIUM PEEL OIL, TETRASODIUM EDTA, TETRASODIUM ETIDRONATE, PINENE, CITRAL, LEMONGRASS OIL",yes,no,ja
Spa Wellness Soap,en,https://image.labiosthetique.com/i/square-1440/m2-product:spa_wellness_soap_329821_50g_6d7a278.jpg/feed-media.jpg,https://www.labiosthetique.de/spa-wellness-soap?childSku=4040218856415,/spa-wellness-soap?childSku=4040218856415,003923,A gentle wellness soap for cleansing the face and body.,"9,00 €","180,00 € / 1 kg",50 g,Skin care,Lather the soap bar in moist hands and distribute the foam on the moistened skin of the face and body. Rinse off with warm water. Can be used for daily cleansing.,"SODIUM PALMATE, SODIUM PALM KERNELATE, AQUA (WATER), PARFUM (FRAGRANCE), GLYCERIN, BUTYROSPERMUM PARKII (SHEA) BUTTER, SODIUM CHLORIDE, TETRAMETHYL ACETYLOCTAHYDRONAPHTHALENES, LIMONENE, CITRUS LIMON PEEL OIL, CITRUS AURANTIUM PEEL OIL, TETRASODIUM EDTA, TETRASODIUM ETIDRONATE, PINENE, CITRAL, LEMONGRASS OIL",yes,no,ja
Sensual Lipstick Brilliant B243 Purple Gem,de,https://image.labiosthetique.com/i/square-1440/m2-product:sensual_lipstick_brilliant_b243_purple_gem_410743_3_3g_f5125ae.jpg/feed-media.jpg,https://www.labiosthetique.de/sensual-lipstick-brilliant?childSku=4040218889215,/sensual-lipstick-brilliant?childSku=4040218889215,019963,Der Lippenstift pflegt mit wertvollen Ölen und sorgt für einen filmreifen Kussmund.,"26,50 €",0,"3,3 g",Make-Up,Sensual Lipstick Brilliant einfach auf die Lippen auftragen und schimmern. Ein Lippenpinsel sorgt für ein noch präziseres Ergebnis. Durch sanftes Nachziehen der Lippenkontur in einem farblich auf den Lippenstift abgestimmten Konturenstift lässt sich die brillante Farbwirkung intensivieren.,"POLYGLYCERYL-2 TRIISOSTEARATE, CAPRYLIC/CAPRIC TRIGLYCERIDE, CI 77491 (IRON OXIDES), MICA, HELIANTHUS ANNUUS (SUNFLOWER) SEED WAX, CANDELILLA CERA (EUPHORBIA CERIFERA WAX), CI 77891 (TITANIUM DIOXIDE), CI 42090 (BLUE 1 LAKE), CI 15850 (RED 7 LAKE), ETHYL VANILLIN, PENTAERYTHRITYL TETRA-DI-T-BUTYL HYDROXYHYDROCINNAMATE, AROMA (FLAVOR), SILICA, ASCORBYL PALMITATE, HELIANTHUS ANNUUS (SUNFLOWER) SEED OIL, TOCOPHEROL, DISTEARDIMONIUM HECTORITE, POLYHYDROXYSTEARIC ACID, CI 15850 (RED 6), CI 15985 (YELLOW 6 LAKE), CI 19140 (YELLOW 5 LAKE), CI 45410 (RED 28 LAKE), CI 77492 (IRON OXIDES), CI 77499 (IRON OXIDES)",yes,yes,ja
Sensual Lipstick Brilliant B243 Purple Gem,en,https://image.labiosthetique.com/i/square-1440/m2-product:sensual_lipstick_brilliant_b243_purple_gem_410743_3_3g_f5125ae.jpg/feed-media.jpg,https://www.labiosthetique.de/sensual-lipstick-brilliant?childSku=4040218889215,/sensual-lipstick-brilliant?childSku=4040218889215,019963,The lipstick contains high-quality conditioning oils for a film star pout.,"26,50 €",0,"3,3 g",Make-up,Simply apply Sensual Lipstick Brilliant to the lips for shimmering shine. A lip brush provides a more precise application. Gently outline the lip line with a lip liner to match the colour of the lipstick for more intense colour brilliance.,"POLYGLYCERYL-2 TRIISOSTEARATE, CAPRYLIC/CAPRIC TRIGLYCERIDE, CI 77491 (IRON OXIDES), MICA, HELIANTHUS ANNUUS (SUNFLOWER) SEED WAX, CANDELILLA CERA (EUPHORBIA CERIFERA WAX), CI 77891 (TITANIUM DIOXIDE), CI 42090 (BLUE 1 LAKE), CI 15850 (RED 7 LAKE), ETHYL VANILLIN, PENTAERYTHRITYL TETRA-DI-T-BUTYL HYDROXYHYDROCINNAMATE, AROMA (FLAVOR), SILICA, ASCORBYL PALMITATE, HELIANTHUS ANNUUS (SUNFLOWER) SEED OIL, TOCOPHEROL, DISTEARDIMONIUM HECTORITE, POLYHYDROXYSTEARIC ACID, CI 15850 (RED 6), CI 15985 (YELLOW 6 LAKE), CI 19140 (YELLOW 5 LAKE), CI 45410 (RED 28 LAKE), CI 77492 (IRON OXIDES), CI 77499 (IRON OXIDES)",yes,yes,ja
Perfect Volume Black,de,https://image.labiosthetique.com/i/square-1440/m2-product:perfect_volume_black_247603_8ml_d9144ad.jpg/feed-media.jpg,https://www.labiosthetique.de/perfect-volume?childSku=4040218772814,/perfect-volume?childSku=4040218772814,017560,"Die Volumen-Wimperntusche zaubert ultimatives Volumen, verführerischen Glanz und flexiblem Halt - mit sofortigem Wow-Effekt.","27,00 €",0,8 ml,Make-Up,Die Wimpern mit nach unten gerichtetem Blick in einer Zick- Zack-Bewegung vom Ansatz bis zur Spitze mit Perfect Volume tuschen.,"AQUA (WATER), CI 77499 (IRON OXIDES), HELIANTHUS ANNUUS (SUNFLOWER) SEED WAX, HYDROGENATED OLIVE OIL STEARYL ESTERS, COPERNICIA CERIFERA CERA (CARNAUBA WAX), LACTOBACILLUS FERMENT, PROPANEDIOL, STEARIC ACID, PALMITIC ACID, OLEA EUROPAEA (OLIVE) OIL UNSAPONIFIABLES, ORYZA SATIVA (RICE) BRAN WAX, PULLULAN, AMINOMETHYL PROPANOL, 1,2-HEXANEDIOL, CAPRYLYL GLYCOL, GALACTOARABINAN, HYDROXYETHYLCELLULOSE, RHUS SUCCEDANEA FRUIT CERA, SHOREA ROBUSTA RESIN, ROSA CENTIFOLIA FLOWER CERA, ROSA DAMASCENA FLOWER CERA, DISODIUM PHOSPHATE, POLYSORBATE 60, SODIUM PHOSPHATE",yes,yes,ja
Perfect Volume Black,en,https://image.labiosthetique.com/i/square-1440/m2-product:perfect_volume_black_247603_8ml_d9144ad.jpg/feed-media.jpg,https://www.labiosthetique.de/perfect-volume?childSku=4040218772814,/perfect-volume?childSku=4040218772814,017560,"The volumising mascara provides ultimate volume, seductive shine and flexible hold – for that instant wow effect.","27,00 €",0,8 ml,Make-up,Look down as you apply Perfect Volume mascara in a zig-zag direction from roots to tips.,"AQUA (WATER), CI 77499 (IRON OXIDES), HELIANTHUS ANNUUS (SUNFLOWER) SEED WAX, HYDROGENATED OLIVE OIL STEARYL ESTERS, COPERNICIA CERIFERA CERA (CARNAUBA WAX), LACTOBACILLUS FERMENT, PROPANEDIOL, STEARIC ACID, PALMITIC ACID, OLEA EUROPAEA (OLIVE) OIL UNSAPONIFIABLES, ORYZA SATIVA (RICE) BRAN WAX, PULLULAN, AMINOMETHYL PROPANOL, 1,2-HEXANEDIOL, CAPRYLYL GLYCOL, GALACTOARABINAN, HYDROXYETHYLCELLULOSE, RHUS SUCCEDANEA FRUIT CERA, SHOREA ROBUSTA RESIN, ROSA CENTIFOLIA FLOWER CERA, ROSA DAMASCENA FLOWER CERA, DISODIUM PHOSPHATE, POLYSORBATE 60, SODIUM PHOSPHATE",yes,yes,ja
Magic Shadow 55 Earth,de,https://image.labiosthetique.com/i/square-1440/m2-product:magic_shadow_55_earth_388817_2_5g_27c7aaa.jpg/feed-media.jpg,https://www.labiosthetique.de/magic-shadow?childSku=4040218874914,/magic-shadow?childSku=4040218874914,016506,Der Puder-Lidschatten zaubert mit seinen pudrigen Farbpigmenten magische Akzente auf die Augenlider.,"25,00 €","10,00 € / 1 g","2,5 g",Make-Up,"Magic Shadow einfach mit den Fingern, dem Lidschattenapplikator oder einem Pinsel in gewünschter Form und Farbintensität auf das Lid auftragen.","TALC, CI 77499 (IRON OXIDES), MICA, CI 77491 (IRON OXIDES), PENTAERYTHRITYL TETRAISOSTEARATE, ZEA MAYS (CORN) STARCH, OCTYLDODECYL STEAROYL STEARATE, PHENYL TRIMETHICONE, CI 77891 (TITANIUM DIOXIDE), ZINC STEARATE, CI 77492 (IRON OXIDES), SORBIC ACID, SODIUM DEHYDROACETATE, GLYCINE SOJA (SOYBEAN) OIL, BISABOLOL, CALENDULA OFFICINALIS FLOWER EXTRACT, TOCOPHEROL",no,yes,ja
Magic Shadow 55 Earth,en,https://image.labiosthetique.com/i/square-1440/m2-product:magic_shadow_55_earth_388817_2_5g_27c7aaa.jpg/feed-media.jpg,https://www.labiosthetique.de/magic-shadow?childSku=4040218874914,/magic-shadow?childSku=4040218874914,016506,The powder eyeshadow contains powdery colour pigments to magically give the eyelids enchanting accents.,"25,00 €","10,00 € / 1 g","2,5 g",Make-up,"Simply apply Magic Shadow to the lid with the fingers, the eyeshadow applicator or a brush in the desired shape and colour intensity.","TALC, CI 77499 (IRON OXIDES), MICA, CI 77491 (IRON OXIDES), PENTAERYTHRITYL TETRAISOSTEARATE, ZEA MAYS (CORN) STARCH, OCTYLDODECYL STEAROYL STEARATE, PHENYL TRIMETHICONE, CI 77891 (TITANIUM DIOXIDE), ZINC STEARATE, CI 77492 (IRON OXIDES), SORBIC ACID, SODIUM DEHYDROACETATE, GLYCINE SOJA (SOYBEAN) OIL, BISABOLOL, CALENDULA OFFICINALIS FLOWER EXTRACT, TOCOPHEROL",no,yes,ja
Velvet Finish Paste,de,https://image.labiosthetique.com/i/square-1440/m2-product:velvet_finish_paste_398160_75ml_d9f055f.jpg/feed-media.jpg,https://www.labiosthetique.de/velvet-finish-paste,/velvet-finish-paste,120749,"Ehemals Botanique Styling Cream- neues Design, unveränderte Rezeptur: Die vegane Stylingpaste formt und vollendet die Frisur mit pflanzlichen Wachsen, pflegenden Wirkstoffen und einem samtigen Matt-Glanz-Finish. Für flexible Definition und natürlichen Halt.","31,00 €","413,33 € / 1 l",75 ml,Styling,Zwischen den Fingern verreiben und ins trockene oder noch leicht feuchte Haar einarbeiten.,"AQUA (WATER), GLYCERIN, HEPTYL UNDECYLENATE, COPERNICIA CERIFERA CERA (CARNAUBA WAX), MYRICA CERIFERA (BAYBERRY) FRUIT WAX, HYDROGENATED COCO-GLYCERIDES, ETHYLHEXYL STEARATE, KAOLIN, CETEARYL ALCOHOL, CETEARYL GLUCOSIDE, CETYL PALMITATE, STEARIC ACID, PALMITIC ACID, SODIUM BENZOATE, POTASSIUM CETYL PHOSPHATE, PARFUM (FRAGRANCE), CITRUS LIMON (LEMON) PEEL OIL, LIMONENE, MENTHA VIRIDIS LEAF OIL, CARVONE, PELARGONIUM GRAVEOLENS FLOWER OIL, PANAX GINSENG ROOT EXTRACT, PINENE, CITRONELLOL, GERANIOL, CITRAL, LINALOOL, MENTHOL, BETA-CARYOPHYLLENE",yes,yes,ja
Velvet Finish Paste,en,https://image.labiosthetique.com/i/square-1440/m2-product:velvet_finish_paste_398160_75ml_d9f055f.jpg/feed-media.jpg,https://www.labiosthetique.de/velvet-finish-paste,/velvet-finish-paste,120749,"The vegan styling paste shapes and completes hairstyles with plant waxes, caring ingredients and a silky matte finish – for flexible definition and natural hold.","31,00 €","413,33 € / 1 l",75 ml,Styling,Rub the paste between your fingers and work it into dry or still slightly damp hair.,"AQUA (WATER), GLYCERIN, HEPTYL UNDECYLENATE, COPERNICIA CERIFERA CERA (CARNAUBA WAX), MYRICA CERIFERA (BAYBERRY) FRUIT WAX, HYDROGENATED COCO-GLYCERIDES, ETHYLHEXYL STEARATE, KAOLIN, CETEARYL ALCOHOL, CETEARYL GLUCOSIDE, CETYL PALMITATE, STEARIC ACID, PALMITIC ACID, SODIUM BENZOATE, POTASSIUM CETYL PHOSPHATE, PARFUM (FRAGRANCE), CITRUS LIMON (LEMON) PEEL OIL, LIMONENE, MENTHA VIRIDIS LEAF OIL, CARVONE, PELARGONIUM GRAVEOLENS FLOWER OIL, PANAX GINSENG ROOT EXTRACT, PINENE, CITRONELLOL, GERANIOL, CITRAL, LINALOOL, MENTHOL, BETA-CARYOPHYLLENE",yes,yes,ja
Brilliant Nail Nightshade,de,https://image.labiosthetique.com/i/square-1440/m2-product:brilliant_nail_nightshade_405202_8ml_bda625e.jpg/feed-media.jpg,https://www.labiosthetique.de/brilliant-nail?childSku=4040218885514,/brilliant-nail?childSku=4040218885514,020461,Der Nagellack Brilliant Nail peppt Hand- und Fußnägel frech auf und bringt sie auf Hochglanz – langanhaltend.,"19,00 €",0,8 ml,Make-Up,"Einfach eine dünne Schicht Brilliant Nail über den bereits getrockneten Unterlack bzw. auch direkt auf den Nagel auftragen. Intensiveres Farbergebnis gewünscht? Dann einfach eine zweite Schicht auftragen. Für eine noch längere Haltbarkeit mit dem Überlack Superior Nail Treatment fixieren. Und wenn´s schnell gehen soll, dann den Nagellack-Schnelltrockner Brilliant Nail Finish verwenden.","BUTYL ACETATE, ETHYL ACETATE, NITROCELLULOSE, ADIPIC ACID/NEOPENTYL GLYCOL/TRIMELLITIC ANHYDRIDE COPOLYMER, ACETYL TRIBUTYL CITRATE, ISOPROPYL ALCOHOL, CI 77007 (ULTRAMARINES), STEARALKONIUM HECTORITE, CI 15850 (RED 7 LAKE), MICA, CI 77891 (TITANIUM DIOXIDE), CI 77266 (BLACK 2), CITRIC ACID",yes,yes,ja
Brilliant Nail Nightshade,en,https://image.labiosthetique.com/i/square-1440/m2-product:brilliant_nail_nightshade_405202_8ml_bda625e.jpg/feed-media.jpg,https://www.labiosthetique.de/brilliant-nail?childSku=4040218885514,/brilliant-nail?childSku=4040218885514,020461,Brilliant Nail nail polish gives finger and toe nails a cheeky look with high shine and is also long-lasting,"19,00 €",0,8 ml,Make-up,"Simply apply a thin coat of Brilliant Nail to the already dry base coat and/or directly to the nail. Would you like a more intense colour result? If so, simply apply a second coat. For more durability fix the nails with the Superior Nail Treatment top coat. And if you are in a rush, use Brilliant Nail Finish for fast-drying nails.","BUTYL ACETATE, ETHYL ACETATE, NITROCELLULOSE, ADIPIC ACID/NEOPENTYL GLYCOL/TRIMELLITIC ANHYDRIDE COPOLYMER, ACETYL TRIBUTYL CITRATE, ISOPROPYL ALCOHOL, CI 77007 (ULTRAMARINES), STEARALKONIUM HECTORITE, CI 15850 (RED 7 LAKE), MICA, CI 77891 (TITANIUM DIOXIDE), CI 77266 (BLACK 2), CITRIC ACID",yes,yes,ja
Eyeshadow Pen Flare,de,https://image.labiosthetique.com/i/square-1440/m2-product:eyeshadow_pen_flare_411716_1_4g_eaf7068.jpg/feed-media.jpg,https://www.labiosthetique.de/eyeshadow-pen?childSku=4040218889314,/eyeshadow-pen?childSku=4040218889314,016317,"Als Lidschatten oder Eyeliner anwendbar: Eyeshadow Pen mit cremig weicher Textur, die sich einfach auftragen und verblenden lässt","23,50 €",0,"1,4 g",Make-Up,Den Eyeshadow Pen als Lidschatten auf das gesamte Oberlid oder als Eyeliner entlang des Wimpernkranzes auftragen. Mit den Fingern oder einem Pinsel lässt sich die Farbe auch einfach verblenden. Tipp: Für Smokey Eyes den Lidschatten am äußeren Lidrand intensiver auftragen und nach oben hin verblenden.,"DIMETHICONE, SILICA, MICA, ISOAMYL COCOATE, SUCROSE TETRASTEARATE TRIACETATE, CALCIUM SODIUM BOROSILICATE, POLYBUTENE, HYDROGENATED JOJOBA OIL, SYNTHETIC WAX, TRIMETHYLSILOXYSILICATE/DIMETHICONOL CROSSPOLYMER, CI 77891 (TITANIUM DIOXIDE), GLYCERYL CAPRYLATE, SILICA SILYLATE, CI 77491 (IRON OXIDES), PENTAERYTHRITYL TETRA-DI-T-BUTYL HYDROXYHYDROCINNAMATE, CI 77499 (IRON OXIDES), CI 77492 (IRON OXIDES), TIN OXIDE, ETHYLENE/METHACRYLATE COPOLYMER, ISOPROPYL TITANIUM TRIISOSTEARATE/METHICONE CROSSPOLYMER",no,yes,ja
Eyeshadow Pen Flare,en,https://image.labiosthetique.com/i/square-1440/m2-product:eyeshadow_pen_flare_411716_1_4g_eaf7068.jpg/feed-media.jpg,https://www.labiosthetique.de/eyeshadow-pen?childSku=4040218889314,/eyeshadow-pen?childSku=4040218889314,016317,Can be used as an eyeshadow or an liner: Eyeshadow Pen with a soft and creamy texture that is easy to apply and blend,"23,50 €",0,"1,4 g",Make-up,Apply the Eyeshadow Pen as an eyeshadow to the whole top lid or as an eyeliner along the lashes. The colour is easy to blend with the fingers or a brush.,"DIMETHICONE, SILICA, MICA, ISOAMYL COCOATE, SUCROSE TETRASTEARATE TRIACETATE, CALCIUM SODIUM BOROSILICATE, POLYBUTENE, HYDROGENATED JOJOBA OIL, SYNTHETIC WAX, TRIMETHYLSILOXYSILICATE/DIMETHICONOL CROSSPOLYMER, CI 77891 (TITANIUM DIOXIDE), GLYCERYL CAPRYLATE, SILICA SILYLATE, CI 77491 (IRON OXIDES), PENTAERYTHRITYL TETRA-DI-T-BUTYL HYDROXYHYDROCINNAMATE, CI 77499 (IRON OXIDES), CI 77492 (IRON OXIDES), TIN OXIDE, ETHYLENE/METHACRYLATE COPOLYMER, ISOPROPYL TITANIUM TRIISOSTEARATE/METHICONE CROSSPOLYMER",no,yes,ja
Magic Shadow 57 Almond,de,https://image.labiosthetique.com/i/square-1440/m2-product:magic_shadow_57_almond_396597_2_5g_0c70999.jpg/feed-media.jpg,https://www.labiosthetique.de/magic-shadow?childSku=4040218881813,/magic-shadow?childSku=4040218881813,016575,Der Puder-Lidschatten zaubert mit seinen pudrigen Farbpigmenten magische Akzente auf die Augenlider.,"25,00 €",0,"2,5 g",Make-Up,"Magic Shadow einfach mit den Fingern, dem Lidschattenapplikator oder einem Pinsel in gewünschter Form und Farbintensität auf das Lid auftragen.","TALC, SYNTHETIC FLUORPHLOGOPITE, CI 77891 (TITANIUM DIOXIDE), CI 77491 (IRON OXIDES), PENTAERYTHRITYL TETRAISOSTEARATE, CI 77499 (IRON OXIDES), ZEA MAYS (CORN) STARCH, OCTYLDODECYL STEAROYL STEARATE, CI 77742 (MANGANESE VIOLET), ZINC STEARATE, CI 77492 (IRON OXIDES), SORBIC ACID, SODIUM DEHYDROACETATE, TIN OXIDE, GLYCINE SOJA (SOYBEAN) OIL, BISABOLOL, CALENDULA OFFICINALIS FLOWER EXTRACT, TOCOPHEROL",yes,yes,ja
Magic Shadow 57 Almond,en,https://image.labiosthetique.com/i/square-1440/m2-product:magic_shadow_57_almond_396597_2_5g_0c70999.jpg/feed-media.jpg,https://www.labiosthetique.de/magic-shadow?childSku=4040218881813,/magic-shadow?childSku=4040218881813,016575,The powder eyeshadow contains powdery colour pigments to magically give the eyelids enchanting accents.,"25,00 €",0,"2,5 g",Make-up,"Simply apply Magic Shadow to the lid with the fingers, the eyeshadow applicator or a brush in the desired shape and colour intensity.","TALC, SYNTHETIC FLUORPHLOGOPITE, CI 77891 (TITANIUM DIOXIDE), CI 77491 (IRON OXIDES), PENTAERYTHRITYL TETRAISOSTEARATE, CI 77499 (IRON OXIDES), ZEA MAYS (CORN) STARCH, OCTYLDODECYL STEAROYL STEARATE, CI 77742 (MANGANESE VIOLET), ZINC STEARATE, CI 77492 (IRON OXIDES), SORBIC ACID, SODIUM DEHYDROACETATE, TIN OXIDE, GLYCINE SOJA (SOYBEAN) OIL, BISABOLOL, CALENDULA OFFICINALIS FLOWER EXTRACT, TOCOPHEROL",yes,yes,ja
Automatic Pencil for Eyes K10 Anthracite,de,https://image.labiosthetique.com/i/square-1440/m2-product:automatic_pencil_for_eyes_k10_anthracite_247587_0_35g_c270607.jpg/feed-media.jpg,https://www.labiosthetique.de/automatic-pencil-for-eyes?childSku=4040218883213,/automatic-pencil-for-eyes?childSku=4040218883213,017011,"Der elegante Automatic Pencil vereint hochpigmentierte Farbkraft mit wasserfester Haltbarkeit. Die weiche, zurückdrehbare Mine erlaubt präzise Linien oder Schattierungen, die den ganzen Tag halten.","24,50 €",0,"0,35 g",Make-Up,Vom inneren Augenwinkel entlang des Wimpernkranzes eine Linie zum äußeren Augenwinkel ziehen. Bei Bedarf mit dem Blending Tool am Ende des Stiftes oder einem Pinsel aussoften. Korrekturen können sofort mit Make-up Entferner und einem Wattestäbchen vorgenommen werden.,"C9-12 ALKANE, CI 77499 (IRON OXIDES), MICA, BIS-BEHENYL/ISOSTEARYL/PHYTOSTERYL DIMER DILINOLEYL DIMER DILINOLEATE, SUCROSE TETRASTEARATE TRIACETATE, CI 77891 (TITANIUM DIOXIDE), HYDROGENATED CASTOR OIL, SYNTHETIC WAX, COPERNICIA CERIFERA CERA (CARNAUBA WAX), POLYGLYCERYL-4 DIISOSTEARATE/POLYHYDROXYSTEARATE/SEBACATE, CI 77491 (IRON OXIDES), CI 77492 (IRON OXIDES), DISTEARDIMONIUM HECTORITE, TOCOPHEROL, PROPYLENE GLYCOL, TIN OXIDE",yes,yes,ja
Automatic Pencil for Eyes K10 Anthracite,en,https://image.labiosthetique.com/i/square-1440/m2-product:automatic_pencil_for_eyes_k10_anthracite_247587_0_35g_c270607.jpg/feed-media.jpg,https://www.labiosthetique.de/automatic-pencil-for-eyes?childSku=4040218883213,/automatic-pencil-for-eyes?childSku=4040218883213,017011,"The elegant Automatic Pencil combines highly pigmented colour vibrancy with waterproof staying power. The soft, retractable lead allows users to draw precise lines or shading lasting all day long.","24,50 €",0,"0,35 g",Make-up,"Draw a line from the inner corner of the eye along the lash line to the outer corner of the eye. If needed, use the blending tool at the end of the pencil or a brush to soften the line. The line can be corrected immediately with make-up remover and a cotton bud.","C9-12 ALKANE, CI 77499 (IRON OXIDES), MICA, BIS-BEHENYL/ISOSTEARYL/PHYTOSTERYL DIMER DILINOLEYL DIMER DILINOLEATE, SUCROSE TETRASTEARATE TRIACETATE, CI 77891 (TITANIUM DIOXIDE), HYDROGENATED CASTOR OIL, SYNTHETIC WAX, COPERNICIA CERIFERA CERA (CARNAUBA WAX), POLYGLYCERYL-4 DIISOSTEARATE/POLYHYDROXYSTEARATE/SEBACATE, CI 77491 (IRON OXIDES), CI 77492 (IRON OXIDES), DISTEARDIMONIUM HECTORITE, TOCOPHEROL, PROPYLENE GLYCOL, TIN OXIDE",yes,yes,ja
BELAVANCE® Nail Whitener,de,https://image.labiosthetique.com/i/square-1440/m2-product:belavance_nail_whitener_413256_8ml_a59b6cf.jpg/feed-media.jpg,https://www.labiosthetique.de/belavancer-nail-whitener,/belavancer-nail-whitener,020485,Mit seiner speziell für den professionellen Einsatz entwickelten Textur neutralisiert der BELAVANCE® Nail Whitener Farbveränderungen und hellt den Nagel sichtbar auf.,"19,00 €",0,8 ml,Make-Up,Den Nail Whitener gleichmäßig auf den gereinigten Naturnagel auftragen. Für einen intensiveren Effekt zwei Schichten applizieren.,"BUTYL ACETATE, ETHYL ACETATE, CELLULOSE ACETATE BUTYRATE, ISOPROPYL ALCOHOL, ADIPIC ACID/NEOPENTYL GLYCOL/TRIMELLITIC ANHYDRIDE COPOLYMER, DIPROPYLENE GLYCOL DIBENZOATE, NITROCELLULOSE, FLUORESCENT BRIGHTENER 367",yes,yes,ja
BELAVANCE® Nail Whitener,en,https://image.labiosthetique.com/i/square-1440/m2-product:belavance_nail_whitener_413256_8ml_a59b6cf.jpg/feed-media.jpg,https://www.labiosthetique.de/belavancer-nail-whitener,/belavancer-nail-whitener,020485,"With its texture developed especially for professional use, BELAVANCE® Nail Whitener neutralises discolouration and visibly lightens the nails.","19,00 €",0,8 ml,Make-up,"Apply Nail Whitener evenly to cleaned natural nails. For a more intense effect, apply two coats.","BUTYL ACETATE, ETHYL ACETATE, CELLULOSE ACETATE BUTYRATE, ISOPROPYL ALCOHOL, ADIPIC ACID/NEOPENTYL GLYCOL/TRIMELLITIC ANHYDRIDE COPOLYMER, DIPROPYLENE GLYCOL DIBENZOATE, NITROCELLULOSE, FLUORESCENT BRIGHTENER 367",yes,yes,ja
Hairloss Control Shampoo,de,https://image.labiosthetique.com/i/square-1440/m2-product:hairloss_control_shampoo_408086_100ml_d3daab5.jpg/feed-media.jpg,https://www.labiosthetique.de/hairloss-control-shampoo?childSku=4040218892611,/hairloss-control-shampoo?childSku=4040218892611,120201,"Das milde Shampoo revitalisiert die Haarwurzeln, macht das Haar widerstandsfähiger und hilft, Haarausfall vorzubeugen. Für alle Liebhaber von Shampooing Actif wird dies Ihr neues Lieblingsprodukt.","16,00 €","160,00 € / 1 l",100 ml,Haar- & Kopfhautpflege,"Gleichmäßig im Haar und auf der Kopfhaut verteilen, kurz einwirken lassen und gründlich ausspülen.","AQUA (WATER), SODIUM LAURETH SULFATE, COCAMIDOPROPYL BETAINE, SODIUM CHLORIDE, PHENOXYETHANOL, TROMETHAMINE, PANTHENOL, POLYQUATERNIUM-7, SODIUM BENZOATE, BENZOIC ACID, POLYQUATERNIUM-10, LACTIC ACID, ETHYLHEXYLGLYCERIN, SODIUM POLYPHOSPHATE, PARFUM (FRAGRANCE), CITRIC ACID, ALCOHOL, CHLORELLA VULGARIS/LUPINUS ALBUS PROTEIN FERMENT, KERATIN, MALUS DOMESTICA FRUIT CELL CULTURE EXTRACT, MANNITOL, PHOSPHATIDYLCHOLINE, GLYCERIN, HYDROLYZED KERATIN, LECITHIN, POTASSIUM SORBATE, POLYGLYCERYL-10 LAURATE, XANTHAN GUM, SODIUM ACETATE, CETYL ALCOHOL, LEONTOPODIUM ALPINUM FLOWER/LEAF EXTRACT, NIACINAMIDE, SORBITAN OLEATE, ISOPROPYL ALCOHOL, CAPRYLYL GLYCOL, CETRIMONIUM CHLORIDE, SODIUM LACTATE, SALVIA MILTIORRHIZA LEAF EXTRACT, PORPHYRA UMBILICALIS EXTRACT , TOCOPHEROL, PHYTOSPHINGOSINE",no,no,ja
Hairloss Control Shampoo,en,https://image.labiosthetique.com/i/square-1440/m2-product:hairloss_control_shampoo_408086_100ml_d3daab5.jpg/feed-media.jpg,https://www.labiosthetique.de/hairloss-control-shampoo?childSku=4040218892611,/hairloss-control-shampoo?childSku=4040218892611,120201,"The mild shampoo revitalises the hair roots, makes the hair more resistant and helps to prevent hair loss.","16,00 €","160,00 € / 1 l",100 ml,Hair & scalp care,"Distribute evenly in the hair and on the scalp, briefly allow to take effect, then rinse out thoroughly.","AQUA (WATER), SODIUM LAURETH SULFATE, COCAMIDOPROPYL BETAINE, SODIUM CHLORIDE, PHENOXYETHANOL, TROMETHAMINE, PANTHENOL, POLYQUATERNIUM-7, SODIUM BENZOATE, BENZOIC ACID, POLYQUATERNIUM-10, LACTIC ACID, ETHYLHEXYLGLYCERIN, SODIUM POLYPHOSPHATE, PARFUM (FRAGRANCE), CITRIC ACID, ALCOHOL, CHLORELLA VULGARIS/LUPINUS ALBUS PROTEIN FERMENT, KERATIN, MALUS DOMESTICA FRUIT CELL CULTURE EXTRACT, MANNITOL, PHOSPHATIDYLCHOLINE, GLYCERIN, HYDROLYZED KERATIN, LECITHIN, POTASSIUM SORBATE, POLYGLYCERYL-10 LAURATE, XANTHAN GUM, SODIUM ACETATE, CETYL ALCOHOL, LEONTOPODIUM ALPINUM FLOWER/LEAF EXTRACT, NIACINAMIDE, SORBITAN OLEATE, ISOPROPYL ALCOHOL, CAPRYLYL GLYCOL, CETRIMONIUM CHLORIDE, SODIUM LACTATE, SALVIA MILTIORRHIZA LEAF EXTRACT, PORPHYRA UMBILICALIS EXTRACT , TOCOPHEROL, PHYTOSPHINGOSINE",no,no,ja
Anti-Grey Elixir,de,https://image.labiosthetique.com/i/square-1440/m2-product:anti_grey_elixir_385958_95ml_37e4a93.jpg/feed-media.jpg,https://www.labiosthetique.de/elixir-anti-grey,/elixir-anti-grey,120323,"Das einzigartige Kopfhautelixier revitalisiert ergrautes Haar und verhilft ihm zu seiner natürlichen Farbe zurück. Das Haar wird repigmentiert und nachhaltig vor zukünftigem Pigmentverlust geschützt. Neues Design, unveränderte Rezeptur, bewährte Wirksamkeit","69,50 €","731,58 € / 1 l",95 ml,Haar- & Kopfhautpflege,Den Inhalt von 1–2 Pipetten nach der Haarwäsche oder auch unabhängig davon auf der Kopfhaut verteilen und leicht einmassieren. Nicht ausspülen! Im Idealfall während der ersten 3 Monate täglich anwenden. Nach 3 Monaten kann die Anwendung auf einen 2-tägigen Rhythmus reduziert werden. Die regelmäßige Anwendung sichert den Erfolg.,"AQUA (WATER), ALCOHOL DENAT., GLYCERIN, PENTYLENE GLYCOL, PANTHENOL, PHENOXYETHANOL, ACRYLATES/C10-30 ALKYL ACRYLATE CROSSPOLYMER, MALTODEXTRIN, CASSIA ALATA LEAF EXTRACT, PVP, SODIUM POLYPHOSPHATE, TROMETHAMINE, COPPER GLUCONATE, ETHYLHEXYLGLYCERIN, MALACHITE EXTRACT, CITRIC ACID, PALMITOYL TETRAPEPTIDE-20, TOCOPHEROL",yes,yes,ja
Anti-Grey Elixir,en,https://image.labiosthetique.com/i/square-1440/m2-product:anti_grey_elixir_385958_95ml_37e4a93.jpg/feed-media.jpg,https://www.labiosthetique.de/elixir-anti-grey,/elixir-anti-grey,120323,The unique scalp elixir revitalises hair that has turned grey and helps it regain its natural colour. The hair is repigmented and lastingly protected against future pigment loss.,"69,50 €","731,58 € / 1 l",95 ml,Hair & scalp care,"Apply the contents of 1–2 pipettes to the scalp after shampooing or at any time and massage in gently. Do not rinse out! Ideally, use daily for the first three months. After three months, the application can be reduced to once every two days. Regular use ensures success.","AQUA (WATER), ALCOHOL DENAT., GLYCERIN, PENTYLENE GLYCOL, PANTHENOL, PHENOXYETHANOL, ACRYLATES/C10-30 ALKYL ACRYLATE CROSSPOLYMER, MALTODEXTRIN, CASSIA ALATA LEAF EXTRACT, PVP, SODIUM POLYPHOSPHATE, TROMETHAMINE, COPPER GLUCONATE, ETHYLHEXYLGLYCERIN, MALACHITE EXTRACT, CITRIC ACID, PALMITOYL TETRAPEPTIDE-20, TOCOPHEROL",yes,yes,ja
Clarifying Clay Mask,de,https://image.labiosthetique.com/i/square-1440/m2-product:clarifying_clay_mask_396294_75ml_67f1c5e.jpg/feed-media.jpg,https://www.labiosthetique.de/clarifying-clay-mask,/clarifying-clay-mask,027161,"Die klärende Tonerde Maske absorbiert überschüssigen Talg, wirkt tiefenreinigend, hautberuhigend und mattierend. Für alle Liebhaber von Masque Clarifiant wird dies Ihr neues Lieblingsprodukt.","29,00 €","386,67 € / 1 l",75 ml,Hautpflege,2–3-mal pro Woche morgens oder abends auf die gereinigte Gesichtshaut auftragen und 10–15 Minuten einwirken lassen. Anschließend die Überreste mit warmem Wasser und einer Kompresse abnehmen.,"AQUA (WATER), KAOLIN, CAPRYLIC/CAPRIC TRIGLYCERIDE, CETEARYL ALCOHOL, GLYCERIN, GLYCERYL STEARATE CITRATE, CI 77891 (TITANIUM DIOXIDE), SIMMONDSIA CHINENSIS (JOJOBA) SEED OIL, TOCOPHEROL, BISABOLOL, GLYCERYL CAPRYLATE, CARBOMER, PHENOXYETHANOL, ETHYLHEXYLGLYCERIN, PARFUM (FRAGRANCE), TROMETHAMINE, TETRAMETHYL ACETYLOCTAHYDRONAPHTHALENES, LIMONENE, CITRUS LIMON (LEMON) PEEL OIL, PINENE, GLYCINE SOJA (SOYBEAN) OIL",yes,yes,ja
Clarifying Clay Mask,en,https://image.labiosthetique.com/i/square-1440/m2-product:clarifying_clay_mask_396294_75ml_67f1c5e.jpg/feed-media.jpg,https://www.labiosthetique.de/clarifying-clay-mask,/clarifying-clay-mask,027161,"The clarifying clay mask absorbs excess sebum and has a deep-cleansing, skin-calming and mattifying effect. For all lovers of Masque Clarifiant this will be your new favorite product.","29,00 €","386,67 € / 1 l",75 ml,Skin care,"In the morning or evening 2–3 times a week, apply the mask to the cleansed facial skin and leave it to take effect for 10–15 minutes. Remove any mask residue with warm water and a compress.","AQUA (WATER), KAOLIN, CAPRYLIC/CAPRIC TRIGLYCERIDE, CETEARYL ALCOHOL, GLYCERIN, GLYCERYL STEARATE CITRATE, CI 77891 (TITANIUM DIOXIDE), SIMMONDSIA CHINENSIS (JOJOBA) SEED OIL, TOCOPHEROL, BISABOLOL, GLYCERYL CAPRYLATE, CARBOMER, PHENOXYETHANOL, ETHYLHEXYLGLYCERIN, PARFUM (FRAGRANCE), TROMETHAMINE, TETRAMETHYL ACETYLOCTAHYDRONAPHTHALENES, LIMONENE, CITRUS LIMON (LEMON) PEEL OIL, PINENE, GLYCINE SOJA (SOYBEAN) OIL",yes,yes,ja
Velvet Skin 3/3 Medium Gold,de,https://image.labiosthetique.com/i/square-1440/m2-product:velvet_skin_3_3_medium_gold_407849_10g_4dfdffa.jpg/feed-media.jpg,https://www.labiosthetique.de/velvet-skin?childSku=4040218893410,/velvet-skin?childSku=4040218893410,021550,"Jederzeit frischer Teint: Die Kompakt Foundation sorgt mit ihrer leichten, samtigen Textur für einen semi-mattem Finish und liefert im Nu ein natürliches, ebenmäßiges Hautbild. Sie verfeinert, statt maskenhaft abzudecken. Das mitgelieferte Schwämmchen ist ideal für unkomplizierte, rasche Touch-ups.","39,50 €",0,10 g,Make-Up,"Die Velvet Skin Foundation mit ihrer zarten, samtigen Textur lässt sich mühelos mit Pinsel, Schwämmchen oder Fingern auftragen und verteilen. In der Gesichtsmitte beginnen und nach außen ausarbeiten. Für ein besonders ebenmäßiges Finish leicht einklopfen und sorgfältig verblenden.","ISONONYL ISONONANOATE, CAPRYLIC/CAPRIC TRIGLYCERIDE, CI 77891 (TITANIUM DIOXIDE), RICINUS COMMUNIS (CASTOR) SEED OIL, TITANIUM DIOXIDE, SYNTHETIC WAX, MICA, CI 77492 (IRON OXIDES), TRIBEHENIN, ALUMINUM STARCH OCTENYLSUCCINATE, SILICA, SYNTHETIC BEESWAX, HYDROGENATED CASTOR OIL, TOCOPHERYL ACETATE, JOJOBA ESTERS, POLYHYDROXYSTEARIC ACID, CI 77491 (IRON OXIDES), HELIANTHUS ANNUUS (SUNFLOWER) SEED OIL, CI 77499 (IRON OXIDES), PENTAERYTHRITYL TETRA-DI-T-BUTYL HYDROXYHYDROCINNAMATE, COPERNICIA CERIFERA CERA (CARNAUBA WAX), ZINGIBER OFFICINALE (GINGER) LEAF CELL EXTRACT, DISTEARDIMONIUM HECTORITE",yes,yes,ja
Velvet Skin 3/3 Medium Gold,en,https://image.labiosthetique.com/i/square-1440/m2-product:velvet_skin_3_3_medium_gold_407849_10g_4dfdffa.jpg/feed-media.jpg,https://www.labiosthetique.de/velvet-skin?childSku=4040218893410,/velvet-skin?childSku=4040218893410,021550,"A fresh complexion whenever you need it: With its light, velvety texture, the compact foundation provides a semi-matte finish and achieves a natural and even complexion in no time at all. It refines the complexion instead of just covering it. The sponge that comes with the foundation is ideal for quick and simple touch-ups.","39,50 €",0,10 g,Make-up,"The soft, velvety texture of Velvet Skin foundation can be effortlessly applied and distributed with a brush, sponge or your fingers. Start in the middle of the face and work outwards. For a particularly even finish, lightly tap the foundation into the skin and carefully blend.","ISONONYL ISONONANOATE, CAPRYLIC/CAPRIC TRIGLYCERIDE, CI 77891 (TITANIUM DIOXIDE), RICINUS COMMUNIS (CASTOR) SEED OIL, TITANIUM DIOXIDE, SYNTHETIC WAX, MICA, CI 77492 (IRON OXIDES), TRIBEHENIN, ALUMINUM STARCH OCTENYLSUCCINATE, SILICA, SYNTHETIC BEESWAX, HYDROGENATED CASTOR OIL, TOCOPHERYL ACETATE, JOJOBA ESTERS, POLYHYDROXYSTEARIC ACID, CI 77491 (IRON OXIDES), HELIANTHUS ANNUUS (SUNFLOWER) SEED OIL, CI 77499 (IRON OXIDES), PENTAERYTHRITYL TETRA-DI-T-BUTYL HYDROXYHYDROCINNAMATE, COPERNICIA CERIFERA CERA (CARNAUBA WAX), ZINGIBER OFFICINALE (GINGER) LEAF CELL EXTRACT, DISTEARDIMONIUM HECTORITE",yes,yes,ja
N°13 Lidschattenpinsel,de,https://image.labiosthetique.com/i/square-1440/m2-product:n_13_lidschattenpinsel_394487_1St_ck_126b7b4.jpg/feed-media.jpg,https://www.labiosthetique.de/n-13-lidschattenpinsel,/n-13-lidschattenpinsel,031228,Zum Ausfedern und Verblenden: Spezialpinsel aus extra elastischem und formbeständigem Ziegenhaar mit spezieller Form für eine einfache Anwendung,"15,50 €",0,1 pcs,Make-Up,Mit dem Pinsel Übergänge verblenden. Anschließend Puder von der Gesichtsmitte nach außen hin auftragen und fixieren.,keine Angabe,no,no,ja
N°13 Eye shadow brush,en,https://image.labiosthetique.com/i/square-1440/m2-product:n_13_lidschattenpinsel_394487_1St_ck_126b7b4.jpg/feed-media.jpg,https://www.labiosthetique.de/n-13-lidschattenpinsel,/n-13-lidschattenpinsel,031228,For feathering and blending: special brush made of extra elastic goat’s hair that retains its special shape for a simple application.,"15,50 €",0,1 pcs,Make-up,"Use the brush to blend edges. Then apply powder from the middle of the face outwards, and fix your make-up.",not specified,no,no,ja
Natural Skin 1/2 Light Beige,de,https://image.labiosthetique.com/i/square-1440/m2-product:natural_skin_1_2_light_beige_390390_30ml_cfc3772.jpg/feed-media.jpg,https://www.labiosthetique.de/natural-skin?childSku=4040218841909,/natural-skin?childSku=4040218841909,021693,"Mit mittlerer Deckkraft, feuchtigkeitsspendenden und pflegenden Komponenten schafft die zarte Foundation einen seidig glatten, natürlich ebenmäßigen Teint.","42,50 €",0,30 ml,Make-Up,Nach der Gesichtspflege mit den Fingern oder mit einem Make-up-Schwämmchen oder -Pinsel auftragen und verblenden.,"AQUA (WATER), CI 77891 (TITANIUM DIOXIDE), CAPRYLIC/CAPRIC TRIGLYCERIDE, ETHYLHEXYL SALICYLATE, PENTYLENE GLYCOL, SILICA, ALCOHOL DENAT., SQUALANE, STEARIC ACID, PALMITIC ACID, GLYCOL STEARATE, MYRISTYL MYRISTATE, CI 77492 (IRON OXIDES), CETEARYL ALCOHOL, SODIUM CETEARYL SULFATE, ETHYLHEXYL PALMITATE, TOCOPHERYL ACETATE, XANTHAN GUM, CI 77491 (IRON OXIDES), PARFUM (FRAGRANCE), HYDROLYZED JOJOBA ESTERS, CI 77499 (IRON OXIDES), HELIANTHUS ANNUUS (SUNFLOWER) SEED OIL, MYRISTIC ACID, SODIUM HYDROXIDE, ARACHIDIC ACID, TOCOPHEROL, JOJOBA ESTERS, CITRONELLOL, TRIHYDROXYSTEARIN, TERPINEOL, VANILLIN, HEXYL CINNAMAL, ALUMINA, MAGNESIUM OXIDE, ALPHA-ISOMETHYL IONONE, SODIUM HYALURONATE, GLUCOMANNAN",yes,yes,ja
Natural Skin 1/2 Light Beige,en,https://image.labiosthetique.com/i/square-1440/m2-product:natural_skin_1_2_light_beige_390390_30ml_cfc3772.jpg/feed-media.jpg,https://www.labiosthetique.de/natural-skin?childSku=4040218841909,/natural-skin?childSku=4040218841909,021693,"With medium coverage, moisturising and conditioning components, the delicate foundation creates a silky smooth, naturally even complexion.","42,50 €",0,30 ml,Make-up,"After face care, apply and blend with the fingers or with a make-up sponge or brush.","AQUA (WATER), CI 77891 (TITANIUM DIOXIDE), CAPRYLIC/CAPRIC TRIGLYCERIDE, ETHYLHEXYL SALICYLATE, PENTYLENE GLYCOL, SILICA, ALCOHOL DENAT., SQUALANE, STEARIC ACID, PALMITIC ACID, GLYCOL STEARATE, MYRISTYL MYRISTATE, CI 77492 (IRON OXIDES), CETEARYL ALCOHOL, SODIUM CETEARYL SULFATE, ETHYLHEXYL PALMITATE, TOCOPHERYL ACETATE, XANTHAN GUM, CI 77491 (IRON OXIDES), PARFUM (FRAGRANCE), HYDROLYZED JOJOBA ESTERS, CI 77499 (IRON OXIDES), HELIANTHUS ANNUUS (SUNFLOWER) SEED OIL, MYRISTIC ACID, SODIUM HYDROXIDE, ARACHIDIC ACID, TOCOPHEROL, JOJOBA ESTERS, CITRONELLOL, TRIHYDROXYSTEARIN, TERPINEOL, VANILLIN, HEXYL CINNAMAL, ALUMINA, MAGNESIUM OXIDE, ALPHA-ISOMETHYL IONONE, SODIUM HYALURONATE, GLUCOMANNAN",yes,yes,ja
Volume Weightless Conditioner,de,https://image.labiosthetique.com/i/square-1440/m2-product:volume_weightless_conditioner_247447_150ml_2a5f6dd.jpg/feed-media.jpg,https://www.labiosthetique.de/volume-weightless-conditioner,/volume-weightless-conditioner,120598,"Die leichte Pflege revitalisiert und kräftigt feines Haar, verwöhnt es mit Feuchtigkeit, entwirrt es sanft und sorgt für schwereloses Volumen.","29,50 €","196,67 € / 1 l",150 ml,Haar- & Kopfhautpflege,Nach der Wäsche im feuchten Haar verteilen und 2-3 Minuten einwirken lassen. Anschließend gut ausspülen.,"AQUA (WATER), ALCOHOL, GLYCERIN, BEHENAMIDOPROPYL DIMETHYLAMINE, LAURYL ALCOHOL, MYRISTYL ALCOHOL, PROPYLENE GLYCOL DIBENZOATE, PENTYLENE GLYCOL, OCTYLDODECANOL, HYDROXYPROPYL STARCH PHOSPHATE, LACTIC ACID, PARFUM (FRAGRANCE), POLYQUATERNIUM-37, HYDROXYPROPYL GUAR HYDROXYPROPYLTRIMONIUM CHLORIDE, HYDROLYZED RICE BRAN PROTEIN, HYDROLYZED SOY PROTEIN, KAPPAPHYCUS ALVAREZII EXTRACT, LAMINARIA SACCHARINA EXTRACT, TETRAMETHYL ACETYLOCTAHYDRONAPHTHALENES, HEXADECANOLACTONE, GLYCINE, BENZYL SALICYLATE, BENZYL BENZOATE, ALPHA-ISOMETHYL IONONE, LIMONENE, CITRUS AURANTIUM BERGAMIA (BERGAMOT) PEEL OIL, ISOPROPYL ALCOHOL, PHENOXYETHANOL, PLANKTON EXTRACT, ETHYLHEXYLGLYCERIN, TETRASODIUM EDTA",yes,yes,ja
Volume Weightless Conditioner,en,https://image.labiosthetique.com/i/square-1440/m2-product:volume_weightless_conditioner_247447_150ml_2a5f6dd.jpg/feed-media.jpg,https://www.labiosthetique.de/volume-weightless-conditioner,/volume-weightless-conditioner,120598,Weightless Conditioner revitalises fine hair with weightless volume. Its plant proteins and algae extracts repair and strengthen the hair fibres and protect against heat damage. It makes the hair easy to detangle and gives it light and airy volume.,"29,50 €","196,67 € / 1 l",150 ml,Hair & scalp care,"After washing, distribute into damp hair and leave in for 2–3 minutes before rinsing thoroughly.","AQUA (WATER), ALCOHOL, GLYCERIN, BEHENAMIDOPROPYL DIMETHYLAMINE, LAURYL ALCOHOL, MYRISTYL ALCOHOL, PROPYLENE GLYCOL DIBENZOATE, PENTYLENE GLYCOL, OCTYLDODECANOL, HYDROXYPROPYL STARCH PHOSPHATE, LACTIC ACID, PARFUM (FRAGRANCE), POLYQUATERNIUM-37, HYDROXYPROPYL GUAR HYDROXYPROPYLTRIMONIUM CHLORIDE, HYDROLYZED RICE BRAN PROTEIN, HYDROLYZED SOY PROTEIN, KAPPAPHYCUS ALVAREZII EXTRACT, LAMINARIA SACCHARINA EXTRACT, TETRAMETHYL ACETYLOCTAHYDRONAPHTHALENES, HEXADECANOLACTONE, GLYCINE, BENZYL SALICYLATE, BENZYL BENZOATE, ALPHA-ISOMETHYL IONONE, LIMONENE, CITRUS AURANTIUM BERGAMIA (BERGAMOT) PEEL OIL, ISOPROPYL ALCOHOL, PHENOXYETHANOL, PLANKTON EXTRACT, ETHYLHEXYLGLYCERIN, TETRASODIUM EDTA",yes,yes,ja
glam + colour Iconic Blonde .03 .LG Colouring Mask,de,https://image.labiosthetique.com/i/square-1440/m2-product:glam_colour_iconic_blonde_.03_.lg_colouring_mask_381810_200ml_d737ba1.jpg/feed-media.jpg,https://www.labiosthetique.de/glam-colour-iconic-blonde-03-lg-colouring-mask,/glam-colour-iconic-blonde-03-lg-colouring-mask,038254,Die Haarmaske mit Farbpigmenten und Farbschutz wirkt intensiv pflegend und verleiht einen ikonischen Blondton mit leuchtend warmen Reflexen.,"37,50 €","187,50 € / 1 l",200 ml,Haar- & Kopfhautpflege,"Die Colouring Mask unter Verwendung der beigefügten Handschuhe gleichmäßig im gewaschenen, handtuchtrockenen Haar verteilen. Je nach gewünschter Intensität 3-10 Minuten einwirken lassen, anschließend gründlich ausspülen.","AQUA (WATER), CETEARYL ALCOHOL, BETAINE, GLYCERIN, DIMETHICONE PEG-8 MEADOWFOAMATE, ISODODECANE, BEHENTRIMONIUM CHLORIDE, PHENOXYETHANOL, PEG-2 DIMEADOWFOAMAMIDOETHYLMONIUM METHOSULFATE, HYDROXYETHYLCELLULOSE, NEOPENTYL GLYCOL DIHEPTANOATE, CRAMBE ABYSSINICA SEED OIL, ETHYLHEXYL SALICYLATE, PARFUM (FRAGRANCE), QUATERNIUM-91, HEXYLENE GLYCOL , CETEARETH-20, PROPYLENE GLYCOL, CETRIMONIUM METHOSULFATE, ISOPROPYL ALCOHOL, HYDROLYZED RICE PROTEIN, ETHYLHEXYLGLYCERIN, QUILLAJA SAPONARIA BARK EXTRACT, HYDROLYZED SERICIN, SORBITOL, TRIBEHENIN, BASIC YELLOW 57, SODIUM BENZOATE, BASIC BROWN 17, BASIC RED 76",no,no,ja
glam + colour Iconic Blonde .03 .LG Colouring Mask,en,https://image.labiosthetique.com/i/square-1440/m2-product:glam_colour_iconic_blonde_.03_.lg_colouring_mask_381810_200ml_d737ba1.jpg/feed-media.jpg,https://www.labiosthetique.de/glam-colour-iconic-blonde-03-lg-colouring-mask,/glam-colour-iconic-blonde-03-lg-colouring-mask,038254,Neutralizing hair mask refreshes golden blonde color reflexes and intensifies them with guaranteed color neutralization that lasts for three to five washes. Hair regains radiant shine.,"37,50 €","187,50 € / 1 l",200 ml,Hair & scalp care,"After washing, evenly apply Glam Color Advanced to towel-dried hair. If necessary, comb through. The processing time is dependent on the desired intensity and is between 3 and 10 minutes (the more porous the hair structure, the more intensely the colour pigments penetrate the hair). Then rinse thoroughly. When you apply it, use gloves to avoid the colour staining the skin!","AQUA (WATER), CETEARYL ALCOHOL, BETAINE, GLYCERIN, DIMETHICONE PEG-8 MEADOWFOAMATE, ISODODECANE, BEHENTRIMONIUM CHLORIDE, PHENOXYETHANOL, PEG-2 DIMEADOWFOAMAMIDOETHYLMONIUM METHOSULFATE, HYDROXYETHYLCELLULOSE, NEOPENTYL GLYCOL DIHEPTANOATE, CRAMBE ABYSSINICA SEED OIL, ETHYLHEXYL SALICYLATE, PARFUM (FRAGRANCE), QUATERNIUM-91, HEXYLENE GLYCOL , CETEARETH-20, PROPYLENE GLYCOL, CETRIMONIUM METHOSULFATE, ISOPROPYL ALCOHOL, HYDROLYZED RICE PROTEIN, ETHYLHEXYLGLYCERIN, QUILLAJA SAPONARIA BARK EXTRACT, HYDROLYZED SERICIN, SORBITOL, TRIBEHENIN, BASIC YELLOW 57, SODIUM BENZOATE, BASIC BROWN 17, BASIC RED 76",no,no,ja
Automatic Pencil for Eyes K34 Cedar,de,https://image.labiosthetique.com/i/square-1440/m2-product:automatic_pencil_for_eyes_k34_cedar_405187_0_35g_4bb026c.jpg/feed-media.jpg,https://www.labiosthetique.de/automatic-pencil-for-eyes?childSku=4040218885309,/automatic-pencil-for-eyes?childSku=4040218885309,017302,"Der elegante Automatic Pencil vereint hochpigmentierte Farbkraft mit wasserfester Haltbarkeit. Die weiche, zurückdrehbare Mine erlaubt präzise Linien oder Schattierungen, die den ganzen Tag halten.","24,50 €",0,"0,35 g",Make-Up,Vom inneren Augenwinkel entlang des Wimpernkranzes eine Linie zum äußeren Augenwinkel ziehen. Bei Bedarf mit dem Blending Tool am Ende des Stiftes oder einem Pinsel aussoften. Korrekturen können sofort mit Make-up Entferner und einem Wattestäbchen vorgenommen werden.,"C9-12 ALKANE, MICA, CI 77491 (IRON OXIDES), BIS-BEHENYL/ISOSTEARYL/PHYTOSTERYL DIMER DILINOLEYL DIMER DILINOLEATE, SYNTHETIC FLUORPHLOGOPITE, SUCROSE TETRASTEARATE TRIACETATE, SYNTHETIC WAX, HYDROGENATED CASTOR OIL, POLYGLYCERYL-4 DIISOSTEARATE/POLYHYDROXYSTEARATE/SEBACATE, CI 77400 (COPPER POWDER), COPERNICIA CERIFERA CERA (CARNAUBA WAX), CI 77499 (IRON OXIDES), DISTEARDIMONIUM HECTORITE, TOCOPHEROL, SILICA, PROPYLENE CARBONATE",yes,yes,ja
Automatic Pencil for Eyes K34 Cedar,en,https://image.labiosthetique.com/i/square-1440/m2-product:automatic_pencil_for_eyes_k34_cedar_405187_0_35g_4bb026c.jpg/feed-media.jpg,https://www.labiosthetique.de/automatic-pencil-for-eyes?childSku=4040218885309,/automatic-pencil-for-eyes?childSku=4040218885309,017302,"The elegant Automatic Pencil combines highly pigmented colour vibrancy with waterproof staying power. The soft, retractable lead allows users to draw precise lines or shading lasting all day long.","24,50 €",0,"0,35 g",Make-up,"Draw a line from the inner corner of the eye along the lash line to the outer corner of the eye. If needed, use the blending tool at the end of the pencil or a brush to soften the line. The line can be corrected immediately with make-up remover and a cotton bud.","C9-12 ALKANE, MICA, CI 77491 (IRON OXIDES), BIS-BEHENYL/ISOSTEARYL/PHYTOSTERYL DIMER DILINOLEYL DIMER DILINOLEATE, SYNTHETIC FLUORPHLOGOPITE, SUCROSE TETRASTEARATE TRIACETATE, SYNTHETIC WAX, HYDROGENATED CASTOR OIL, POLYGLYCERYL-4 DIISOSTEARATE/POLYHYDROXYSTEARATE/SEBACATE, CI 77400 (COPPER POWDER), COPERNICIA CERIFERA CERA (CARNAUBA WAX), CI 77499 (IRON OXIDES), DISTEARDIMONIUM HECTORITE, TOCOPHEROL, SILICA, PROPYLENE CARBONATE",yes,yes,ja
Homme Shaving Cream,de,https://image.labiosthetique.com/i/square-1440/m2-product:homme_shaving_cream_413134_75ml_ff612c9.jpg/feed-media.jpg,https://www.labiosthetique.de/homme-shaving-cream,/homme-shaving-cream,003255,"Die pflegende Rasiercreme bildet einen cremig-weichen Schaum, der die Barthaare ideal vorbereitet, die Rasur spürbar sanfter macht und die Haut glatt und geschmeidig hinterlässt. Für alle Hauttypen geeignet.","19,00 €","253,33 € / 1 l",75 ml,Hautpflege,"Mit den Fingern oder einem Rasierpinsel auf die saubere, feuchte Haut auftragen und aufschäumen.","AQUA (WATER), POTASSIUM STEARATE, POTASSIUM PALMITATE, POTASSIUM COCOATE, GLYCERIN, SODIUM STEARATE, SODIUM PALMITATE, SODIUM COCOATE, CERA ALBA (BEESWAX), CETYL PALMITATE, PARFUM (FRAGRANCE), TETRAMETHYL ACETYLOCTAHYDRONAPHTHALENES, SODIUM SILICATE, CITRUS AURANTIUM BERGAMIA (BERGAMOT) PEEL OIL, LIMONENE, LINALOOL, LINALYL ACETATE, PINENE",yes,no,ja
Homme Shaving Cream,en,https://image.labiosthetique.com/i/square-1440/m2-product:homme_shaving_cream_413134_75ml_ff612c9.jpg/feed-media.jpg,https://www.labiosthetique.de/homme-shaving-cream,/homme-shaving-cream,003255,"The caring shaving cream forms a creamy and soft foam that ideally prepares the beard hair, makes shaving noticeably gentler and leaves the skin feeling smooth and soft. It is suitable for all skin types.","19,00 €","253,33 € / 1 l",75 ml,Skin care,"Use your fingers or a shaving brush to apply the cream to cleansed, damp skin and lather.","AQUA (WATER), POTASSIUM STEARATE, POTASSIUM PALMITATE, POTASSIUM COCOATE, GLYCERIN, SODIUM STEARATE, SODIUM PALMITATE, SODIUM COCOATE, CERA ALBA (BEESWAX), CETYL PALMITATE, PARFUM (FRAGRANCE), TETRAMETHYL ACETYLOCTAHYDRONAPHTHALENES, SODIUM SILICATE, CITRUS AURANTIUM BERGAMIA (BERGAMOT) PEEL OIL, LIMONENE, LINALOOL, LINALYL ACETATE, PINENE",yes,no,ja
BELAVANCE® Brilliant Nail Ruby,de,https://image.labiosthetique.com/i/square-1440/m2-product:belavance_brilliant_nail_ruby_413021_8ml_cd371df.jpg/feed-media.jpg,https://www.labiosthetique.de/brilliant-nail?childSku=4040218896909,/brilliant-nail?childSku=4040218896909,020469,Der Nagellack Brilliant Nail peppt Hand- und Fußnägel frech auf und bringt sie auf Hochglanz – langanhaltend.,"19,00 €",0,8 ml,Make-Up,"Einfach eine dünne Schicht Brilliant Nail über den bereits getrockneten Unterlack bzw. auch direkt auf den Nagel auftragen. Intensiveres Farbergebnis gewünscht? Dann einfach eine zweite Schicht auftragen. Für eine noch längere Haltbarkeit mit dem Überlack Superior Nail Treatment fixieren. Und wenn´s schnell gehen soll, dann den Nagellack-Schnelltrockner Brilliant Nail Finish verwenden.","BUTYL ACETATE, ETHYL ACETATE, NITROCELLULOSE, ACETYL TRIBUTYL CITRATE, ADIPIC ACID/NEOPENTYL GLYCOL/TRIMELLITIC ANHYDRIDE COPOLYMER, ISOPROPYL ALCOHOL, CI 15850 (RED 6 LAKE), STEARALKONIUM BENTONITE, ACRYLATES COPOLYMER, CI 15880 (RED 34 LAKE), CI 77491 (IRON OXIDES), N-BUTYL ALCOHOL, CI 77891 (TITANIUM DIOXIDE), SORBIC ACID, DIETHYLHEXYL SODIUM SULFOSUCCINATE, PHOSPHORIC ACID, AQUA (WATER), ALCOHOL DENAT., CI 19140 (YELLOW 5 LAKE), CI 77510 (FERRIC FERROCYANIDE), CI 77499 (IRON OXIDES)",yes,yes,ja
BELAVANCE® Brilliant Nail Ruby,en,https://image.labiosthetique.com/i/square-1440/m2-product:belavance_brilliant_nail_ruby_413021_8ml_cd371df.jpg/feed-media.jpg,https://www.labiosthetique.de/brilliant-nail?childSku=4040218896909,/brilliant-nail?childSku=4040218896909,020469,Brilliant Nail nail polish gives finger and toe nails a cheeky look with high shine and is also long-lasting,"19,00 €",0,8 ml,Make-up,"Simply apply a thin coat of Brilliant Nail to the already dry base coat and/or directly to the nail. Would you like a more intense colour result? If so, simply apply a second coat. For more durability fix the nails with the Superior Nail Treatment top coat. And if you are in a rush, use Brilliant Nail Finish for fast-drying nails.","BUTYL ACETATE, ETHYL ACETATE, NITROCELLULOSE, ACETYL TRIBUTYL CITRATE, ADIPIC ACID/NEOPENTYL GLYCOL/TRIMELLITIC ANHYDRIDE COPOLYMER, ISOPROPYL ALCOHOL, CI 15850 (RED 6 LAKE), STEARALKONIUM BENTONITE, ACRYLATES COPOLYMER, CI 15880 (RED 34 LAKE), CI 77491 (IRON OXIDES), N-BUTYL ALCOHOL, CI 77891 (TITANIUM DIOXIDE), SORBIC ACID, DIETHYLHEXYL SODIUM SULFOSUCCINATE, PHOSPHORIC ACID, AQUA (WATER), ALCOHOL DENAT., CI 19140 (YELLOW 5 LAKE), CI 77510 (FERRIC FERROCYANIDE), CI 77499 (IRON OXIDES)",yes,yes,ja
Bürste Ceramic & Ion 65mm,de,https://image.labiosthetique.com/i/square-1440/m2-product:b_rste_ceramic_ion_65mm_247433_1St_ck_1d05df5.jpg/feed-media.jpg,https://www.labiosthetique.de/buerste-ceramic-ion-65mm,/buerste-ceramic-ion-65mm,043490,"Gleich drei in einem: Die universelle Rundbürste für extra Glanz, kürzere Trocknungszeit und mehr Volumen. Mit ionisierenden Borsten für eine antistatische Wirkung.","29,00 €",0,1 pcs,"Haar- & Kopfhautpflege,Styling","Das Haar halbtrocken föhnen und anschließend kleine Partien abteilen. Die Bürste am Haaransatz ansetzen, unter Spannung halten und den Föhn auf den Bürstenkörper richten. Das Haar erst auf hoher Stufe und für einen längeren Halt anschließend kalt föhnen.",keine Angabe,no,no,ja
Brush Ceramic & Ion 65mm,en,https://image.labiosthetique.com/i/square-1440/m2-product:b_rste_ceramic_ion_65mm_247433_1St_ck_1d05df5.jpg/feed-media.jpg,https://www.labiosthetique.de/buerste-ceramic-ion-65mm,/buerste-ceramic-ion-65mm,043490,"Three in one: the universal round brush for extra shine, a shorter drying time and more volume. With ionising bristles for an antistatic effect.","29,00 €",0,1 pcs,"Hair & scalp care,Styling","Blow-dry the hair till it is half-dry and then divide into small sections. Place the brush at the hair roots, hold tight in the hair and direct the hairdryer at the brush body. Blow-dry the hair on a high setting and for longer hold blast it with the cool shot setting.",not specified,no,no,ja
Sunsation Honey,de,https://image.labiosthetique.com/i/square-1440/m2-product:sunsation_honey_247803_10g_649619d.jpg/feed-media.jpg,https://www.labiosthetique.de/sunsation?childSku=4040218774108,/sunsation?childSku=4040218774108,018410,Das edle Terrakotta-Puder zaubert einen fantastischen Bronzing-Look – wie nach einem Tag am Strand.,"38,50 €",0,10 g,Make-Up,"Sunsation, je nach Intensitätswunsch, über das gesamte Gesicht verteilt oder partiell als Rouge bzw. zur Akzentuierung einzelner Gesichts- und Körperpartien auftragen.","MICA, OCTYLDODECYL STEAROYL STEARATE, CI 77891 (TITANIUM DIOXIDE), MAGNESIUM STEARATE, CI 77492 (IRON OXIDES), CI 77491 (IRON OXIDES), CI 77499 (IRON OXIDES), CAPRYLYL GLYCOL, PHENOXYETHANOL, POTASSIUM SORBATE, TOCOPHERYL ACETATE, HEXYLENE GLYCOL , TIN OXIDE",yes,yes,nein
Sunsation Honey,en,https://image.labiosthetique.com/i/square-1440/m2-product:sunsation_honey_247803_10g_649619d.jpg/feed-media.jpg,https://www.labiosthetique.de/sunsation?childSku=4040218774108,/sunsation?childSku=4040218774108,018410,The elegant terracotta powder gives you a fantastically tanned look – as if you had spent a day at the beach.,"38,50 €",0,10 g,Make-up,"Depending on the desired intensity, apply Sunsation over the whole face, as a blusher or to accentuate individual parts of the face and body.","MICA, OCTYLDODECYL STEAROYL STEARATE, CI 77891 (TITANIUM DIOXIDE), MAGNESIUM STEARATE, CI 77492 (IRON OXIDES), CI 77491 (IRON OXIDES), CI 77499 (IRON OXIDES), CAPRYLYL GLYCOL, PHENOXYETHANOL, POTASSIUM SORBATE, TOCOPHERYL ACETATE, HEXYLENE GLYCOL , TIN OXIDE",yes,yes,nein
Dermosthétique Agave Inulin Lifting Concentrate,de,https://image.labiosthetique.com/i/square-1440/m2-product:dermosth_tique_agave_inulin_lifting_concentrate_247977_30ml_038adc4.jpg/feed-media.jpg,https://www.labiosthetique.de/dermosthetique-agave-inulin-lifting-concentrate,/dermosthetique-agave-inulin-lifting-concentrate,002890,"Das Lifting Concentrate wirkt sofort und nachhaltig straffend. Die kosmetische Muskelentspannung zur Reduktion von Fältchen, Falten sowie Mimikfalten, restrukturiert die Haut und versorgt sie mit neuer Energie.","85,00 €","2.833,33 € / 1 l",30 ml,Hautpflege,"Morgens und abends 3-4 Tropfen des Konzentrats auf der gereinigten und tonifizierten Haut an Gesicht, Hals und Dekolleté verteilen und leicht einmassieren. Anschließend mit der gewohnten Pflege fortfahren.","AQUA (WATER), PROPANEDIOL, CREATINE, PHENOXYETHANOL, MALTOSE, GLYCERIN, SODIUM HYALURONATE, ACMELLA OLERACEA EXTRACT, AGAVE TEQUILANA LEAF EXTRACT, ETHYLHEXYLGLYCERIN, SODIUM HYALURONATE CROSSPOLYMER, GANODERMA LUCIDUM STEM EXTRACT, SODIUM CARRAGEENAN, JANIA RUBENS EXTRACT, CITRIC ACID, TOCOPHEROL",yes,yes,ja
Dermosthétique Agave Inulin Lifting Concentrate,en,https://image.labiosthetique.com/i/square-1440/m2-product:dermosth_tique_agave_inulin_lifting_concentrate_247977_30ml_038adc4.jpg/feed-media.jpg,https://www.labiosthetique.de/dermosthetique-agave-inulin-lifting-concentrate,/dermosthetique-agave-inulin-lifting-concentrate,002890,"The lifting concentrate has an immediate and lasting firming effect. The cosmetic alternative to Botox visibly reduces all kinds of wrinkles, restructures the skin and gives it new energy.","85,00 €","2.833,33 € / 1 l",30 ml,Skin care,"In the morning and evening, distribute 3 to 4 drops of the concentrate onto the cleansed and toned skin of the face, neck and décolleté and lightly massage in, then continue with your usual care.","AQUA (WATER), PROPANEDIOL, CREATINE, PHENOXYETHANOL, MALTOSE, GLYCERIN, SODIUM HYALURONATE, ACMELLA OLERACEA EXTRACT, AGAVE TEQUILANA LEAF EXTRACT, ETHYLHEXYLGLYCERIN, SODIUM HYALURONATE CROSSPOLYMER, GANODERMA LUCIDUM STEM EXTRACT, SODIUM CARRAGEENAN, JANIA RUBENS EXTRACT, CITRIC ACID, TOCOPHEROL",yes,yes,ja
Sensual Lipstick Matt M405 Magnolia,de,https://image.labiosthetique.com/i/square-1440/m2-product:sensual_lipstick_matt_m405_magnolia_260685_3_3g_723dc6c.jpg/feed-media.jpg,https://www.labiosthetique.de/sensual-lipstick-matt?childSku=4040218857108,/sensual-lipstick-matt?childSku=4040218857108,019914,Geschmeidig und gleichmäßig im Auftrag: Sensual Lipstick Matt hüllt die Lippen in eine angesagt matte Farbnuance.,"26,50 €",0,"3,3 g",Make-Up,"Für ein perfektes Make-up die Lippenkonturen zuerst mit einem Lipliner nachzeichnen, der farblich der Nuance des Lippenstifts entspricht. Anschließend Sensual Lipstick Matt mit einem Lippenpinsel auf die Lippen auftragen.","CAPRYLIC/CAPRIC TRIGLYCERIDE, KAOLIN, CANDELILLA CERA (EUPHORBIA CERIFERA WAX), SILICA, HELIANTHUS ANNUUS (SUNFLOWER) SEED WAX, POLYGLYCERYL-3 DIISOSTEARATE, RICINUS COMMUNIS (CASTOR) SEED OIL, DICAPRYLYL ETHER , CI 77491 (IRON OXIDES), CI 77891 (TITANIUM DIOXIDE), DISTARCH PHOSPHATE, AROMA (FLAVOR), CI 15850 (RED 7 LAKE), ETHYL VANILLIN, LECITHIN, TOCOPHEROL, ASCORBYL PALMITATE, DICALCIUM PHOSPHATE, DISTEARDIMONIUM HECTORITE, POLYHYDROXYSTEARIC ACID, BENZYL ALCOHOL, CITRIC ACID",yes,yes,ja
Sensual Lipstick Matt M405 Magnolia,en,https://image.labiosthetique.com/i/square-1440/m2-product:sensual_lipstick_matt_m405_magnolia_260685_3_3g_723dc6c.jpg/feed-media.jpg,https://www.labiosthetique.de/sensual-lipstick-matt?childSku=4040218857108,/sensual-lipstick-matt?childSku=4040218857108,019914,Soft and even application: Sensual Lipstick Matt gives the lips a trendy matte coat of colour.,"26,50 €",0,"3,3 g",Make-up,For a perfect lip make-up first outline the lipline with a lipliner that matches the colour of the lipstick. Then apply Sensual Lipstick Matt to the lips with a brush.,"CAPRYLIC/CAPRIC TRIGLYCERIDE, KAOLIN, CANDELILLA CERA (EUPHORBIA CERIFERA WAX), SILICA, HELIANTHUS ANNUUS (SUNFLOWER) SEED WAX, POLYGLYCERYL-3 DIISOSTEARATE, RICINUS COMMUNIS (CASTOR) SEED OIL, DICAPRYLYL ETHER , CI 77491 (IRON OXIDES), CI 77891 (TITANIUM DIOXIDE), DISTARCH PHOSPHATE, AROMA (FLAVOR), CI 15850 (RED 7 LAKE), ETHYL VANILLIN, LECITHIN, TOCOPHEROL, ASCORBYL PALMITATE, DICALCIUM PHOSPHATE, DISTEARDIMONIUM HECTORITE, POLYHYDROXYSTEARIC ACID, BENZYL ALCOHOL, CITRIC ACID",yes,yes,ja
Thickening Cream,de,https://image.labiosthetique.com/i/square-1440/m2-product:thickening_cream_398072_125ml_a76f93f.jpg/feed-media.jpg,https://www.labiosthetique.de/thickening-cream,/thickening-cream,110304,Die thermoaktivierte Stylingcreme verdickt nachweislich die Haarstruktur und verleiht sofort sichtbar und spürbar mehr Volumen und Fülle.,"33,00 €","264,00 € / 1 l",125 ml,Styling,Eine kleine Menge Thickening Cream ins handtuchtrockene Haar geben und mithilfe von Kamm oder Bürste gleichmäßig einarbeiten. Mit Föhnhitze aktivieren und das Haar wie gewünscht stylen.,"AQUA (WATER), CETEARYL ALCOHOL, MICROCRYSTALLINE CELLULOSE, HYDROXYPROPYL GUAR HYDROXYPROPYLTRIMONIUM CHLORIDE, HELIANTHUS ANNUUS (SUNFLOWER) SEED WAX, HYDROGENATED CASTOR OIL, ORYZA SATIVA (RICE) BRAN WAX, RHUS SUCCEDANEA FRUIT CERA, PHENOXYETHANOL, BEHENTRIMONIUM METHOSULFATE, PARFUM (FRAGRANCE), VP/VA COPOLYMER, HYDROLYZED WHEAT PROTEIN, POLYQUATERNIUM-7, FRUCTOSE, TETRAMETHYL ACETYLOCTAHYDRONAPHTHALENES, CETRIMONIUM CHLORIDE, ETHYLHEXYLGLYCERIN, SODIUM POLYPHOSPHATE, GLYCERIN, PENTYLENE GLYCOL, LACTIC ACID, HEXAMETHYLINDANOPYRAN, SODIUM CITRATE, LIMONENE, LINALYL ACETATE, SODIUM BENZOATE, CITRIC ACID, SODIUM HYALURONATE, PINENE, LINALOOL, CITRONELLOL, CITRUS LIMON PEEL OIL, GERANIOL, CITRAL, POLYPORUS UMBELLATUS (MUSHROOM) EXTRACT, HYDROGEN PEROXIDE, TOCOPHEROL",yes,yes,ja
Thickening Cream,en,https://image.labiosthetique.com/i/square-1440/m2-product:thickening_cream_398072_125ml_a76f93f.jpg/feed-media.jpg,https://www.labiosthetique.de/thickening-cream,/thickening-cream,110304,The thermo-activated styling cream has been proven to thicken the hair structure and immediately provides visible and noticeable volume and fullness.,"33,00 €","264,00 € / 1 l",125 ml,Styling,Apply a small amount of Thickening Cream to towel-dried hair and work in evenly using a comb or brush. Activate with hairdryer heat and style the hair as desired.,"AQUA (WATER), CETEARYL ALCOHOL, MICROCRYSTALLINE CELLULOSE, HYDROXYPROPYL GUAR HYDROXYPROPYLTRIMONIUM CHLORIDE, HELIANTHUS ANNUUS (SUNFLOWER) SEED WAX, HYDROGENATED CASTOR OIL, ORYZA SATIVA (RICE) BRAN WAX, RHUS SUCCEDANEA FRUIT CERA, PHENOXYETHANOL, BEHENTRIMONIUM METHOSULFATE, PARFUM (FRAGRANCE), VP/VA COPOLYMER, HYDROLYZED WHEAT PROTEIN, POLYQUATERNIUM-7, FRUCTOSE, TETRAMETHYL ACETYLOCTAHYDRONAPHTHALENES, CETRIMONIUM CHLORIDE, ETHYLHEXYLGLYCERIN, SODIUM POLYPHOSPHATE, GLYCERIN, PENTYLENE GLYCOL, LACTIC ACID, HEXAMETHYLINDANOPYRAN, SODIUM CITRATE, LIMONENE, LINALYL ACETATE, SODIUM BENZOATE, CITRIC ACID, SODIUM HYALURONATE, PINENE, LINALOOL, CITRONELLOL, CITRUS LIMON PEEL OIL, GERANIOL, CITRAL, POLYPORUS UMBELLATUS (MUSHROOM) EXTRACT, HYDROGEN PEROXIDE, TOCOPHEROL",yes,yes,ja
glam + colour Chilli Red .55 .RR Colouring Mask,de,https://image.labiosthetique.com/i/square-1440/m2-product:glam_colour_chilli_red_.55_.rr_colouring_mask_381798_200ml_076668a.jpg/feed-media.jpg,https://www.labiosthetique.de/glam-colour-chilli-red-55-rr-colouring-mask,/glam-colour-chilli-red-55-rr-colouring-mask,038216,Die Haarmaske mit Farbpigmenten und Farbschutz wirkt intensiv pflegend und verleiht rotem oder rot colorierten Haar einen feurig heißen chiliroten Ton mit leuchtenden Reflexen.,"37,50 €","187,50 € / 1 l",200 ml,Haar- & Kopfhautpflege,"Die Colouring Mask unter Verwendung der beigefügten Handschuhe gleichmäßig im gewaschenen, handtuchtrockenen Haar verteilen. Je nach gewünschter Intensität 3-10 Minuten einwirken lassen, anschließend gründlich ausspülen.","AQUA (WATER), CETEARYL ALCOHOL, BETAINE, GLYCERIN, DIMETHICONE PEG-8 MEADOWFOAMATE, ISODODECANE, BEHENTRIMONIUM CHLORIDE, PEG-2 DIMEADOWFOAMAMIDOETHYLMONIUM METHOSULFATE, PHENOXYETHANOL, HYDROXYETHYLCELLULOSE, CRAMBE ABYSSINICA SEED OIL, NEOPENTYL GLYCOL DIHEPTANOATE, 4-HYDROXYPROPYLAMINO-3-NITROPHENOL, ETHYLHEXYL SALICYLATE, PARFUM (FRAGRANCE), HEXYLENE GLYCOL , QUATERNIUM-91, CETEARETH-20, PROPYLENE GLYCOL, CETRIMONIUM METHOSULFATE, ISOPROPYL ALCOHOL, BASIC RED 76, HYDROLYZED RICE PROTEIN, ETHYLHEXYLGLYCERIN, QUILLAJA SAPONARIA BARK EXTRACT, HC YELLOW NO. 2, HYDROLYZED SERICIN, SORBITOL, TRIBEHENIN, SODIUM BENZOATE",no,no,ja
glam + colour Chilli Red .55 .RR Colouring Mask,en,https://image.labiosthetique.com/i/square-1440/m2-product:glam_colour_chilli_red_.55_.rr_colouring_mask_381798_200ml_076668a.jpg/feed-media.jpg,https://www.labiosthetique.de/glam-colour-chilli-red-55-rr-colouring-mask,/glam-colour-chilli-red-55-rr-colouring-mask,038216,The hair mask with colour pigments and colour protection has an intensive conditioning effect and gives red or red-coloured hair a fiery hot chilli red tone with luminous highlights.,"37,50 €","187,50 € / 1 l",200 ml,Hair & scalp care,"Apply Colouring Mask evenly to washed, towel-dried hair using the enclosed gloves. Leave on for 3-10 minutes depending on the desired intensity, then rinse thoroughly.","AQUA (WATER), CETEARYL ALCOHOL, BETAINE, GLYCERIN, DIMETHICONE PEG-8 MEADOWFOAMATE, ISODODECANE, BEHENTRIMONIUM CHLORIDE, PEG-2 DIMEADOWFOAMAMIDOETHYLMONIUM METHOSULFATE, PHENOXYETHANOL, HYDROXYETHYLCELLULOSE, CRAMBE ABYSSINICA SEED OIL, NEOPENTYL GLYCOL DIHEPTANOATE, 4-HYDROXYPROPYLAMINO-3-NITROPHENOL, ETHYLHEXYL SALICYLATE, PARFUM (FRAGRANCE), HEXYLENE GLYCOL , QUATERNIUM-91, CETEARETH-20, PROPYLENE GLYCOL, CETRIMONIUM METHOSULFATE, ISOPROPYL ALCOHOL, BASIC RED 76, HYDROLYZED RICE PROTEIN, ETHYLHEXYLGLYCERIN, QUILLAJA SAPONARIA BARK EXTRACT, HC YELLOW NO. 2, HYDROLYZED SERICIN, SORBITOL, TRIBEHENIN, SODIUM BENZOATE",no,no,ja
Spa Refreshing Body Peeling,de,https://image.labiosthetique.com/i/square-1440/m2-product:spa_refreshing_body_peeling_329635_50ml_708069f.jpg/feed-media.jpg,https://www.labiosthetique.de/spa-refreshing-body-peeling?childSku=4040218856507,/spa-refreshing-body-peeling?childSku=4040218856507,002004,Erfrischendes Peeling für den Körper,"10,00 €","200,00 € / 1 l",50 ml,Hautpflege,Das erfrischende Peeling auf die feuchte Körperhaut auftragen und mit kreisenden Bewegungen einmassieren. Im Anschluss mit reichlich warmem Wasser abduschen.,"AQUA (WATER), BAMBUSA ARUNDINACEA STEM EXTRACT, DISODIUM COCOAMPHODIACETATE , DECYL GLUCOSIDE, DISODIUM COCOYL GLUTAMATE, XANTHAN GUM, PARFUM (FRAGRANCE), INULIN, ALPHA-GLUCAN OLIGOSACCHARIDE, SODIUM GLUCONATE, LACTIC ACID, SODIUM CHLORIDE, HYDROXYACETOPHENONE, SODIUM LACTATE, 1,2-HEXANEDIOL, CAPRYLYL GLYCOL, BENZOIC ACID, TETRAMETHYL ACETYLOCTAHYDRONAPHTHALENES, CITRUS LIMON (LEMON) PEEL OIL, LIMONENE, BENZYL SALICYLATE, HEXADECANOLACTONE, ALPHA-ISOMETHYL IONONE, PINENE",yes,yes,ja
Spa Refreshing Body Peeling,en,https://image.labiosthetique.com/i/square-1440/m2-product:spa_refreshing_body_peeling_329635_50ml_708069f.jpg/feed-media.jpg,https://www.labiosthetique.de/spa-refreshing-body-peeling?childSku=4040218856507,/spa-refreshing-body-peeling?childSku=4040218856507,002004,Refreshing body scrub,"10,00 €","200,00 € / 1 l",50 ml,Skin care,"Apply the refreshing scrub to the moist body skin and massage in with circling motions, then shower off with plenty of warm water.","AQUA (WATER), BAMBUSA ARUNDINACEA STEM EXTRACT, DISODIUM COCOAMPHODIACETATE , DECYL GLUCOSIDE, DISODIUM COCOYL GLUTAMATE, XANTHAN GUM, PARFUM (FRAGRANCE), INULIN, ALPHA-GLUCAN OLIGOSACCHARIDE, SODIUM GLUCONATE, LACTIC ACID, SODIUM CHLORIDE, HYDROXYACETOPHENONE, SODIUM LACTATE, 1,2-HEXANEDIOL, CAPRYLYL GLYCOL, BENZOIC ACID, TETRAMETHYL ACETYLOCTAHYDRONAPHTHALENES, CITRUS LIMON (LEMON) PEEL OIL, LIMONENE, BENZYL SALICYLATE, HEXADECANOLACTONE, ALPHA-ISOMETHYL IONONE, PINENE",yes,yes,ja
Cream Clay,de,https://image.labiosthetique.com/i/square-1440/m2-product:cream_clay_368353_75ml_69da000.jpg/feed-media.jpg,https://www.labiosthetique.de/cream-clay-1,/cream-clay-1,110565,"Die geschmeidige Stylingcreme schafft eine leichte Textur, gibt natürlichen Halt und verleiht ein schwerelos seidenmattes Finish.","30,00 €","400,00 € / 1 l",75 ml,Styling,"Cream Clay in den Handflächen verreiben, ins trockene Haar einarbeiten und wie gewünscht stylen.","AQUA (WATER), PROPYLENE GLYCOL, OZOKERITE, PARAFFINUM LIQUIDUM (MINERAL OIL), COPERNICIA CERIFERA CERA (CARNAUBA WAX), CETEARYL ALCOHOL, VP/VA COPOLYMER, METHYL GLUCETH-10, GLYCERYL STEARATE, PEG-100 STEARATE, KAOLIN, OCTYLDODECYL STEARATE, PHENOXYETHANOL, COCAMIDOPROPYL BETAINE, CETEARETH-20, ACRYLATES/C10-30 ALKYL ACRYLATE CROSSPOLYMER, 3-AMINO-2-BUTANOL, SODIUM POLYPHOSPHATE, ETHYLHEXYLGLYCERIN, SODIUM CHLORIDE, PARFUM (FRAGRANCE), CITRIC ACID, LIMONENE, LINALYL ACETATE, HYDROGEN PEROXIDE, LINALOOL, GERANIOL, PINENE, TOCOPHEROL",yes,yes,ja
Cream Clay,en,https://image.labiosthetique.com/i/square-1440/m2-product:cream_clay_368353_75ml_69da000.jpg/feed-media.jpg,https://www.labiosthetique.de/cream-clay-1,/cream-clay-1,110565,"New design, unchanged formula: The smooth styling cream creates a light texture, provides natural hold and gives a weightless, silky matt finish.","30,00 €","400,00 € / 1 l",75 ml,Styling,"Rub the cream clay into the palms of your hands, work into dry hair and style as desired.","AQUA (WATER), PROPYLENE GLYCOL, OZOKERITE, PARAFFINUM LIQUIDUM (MINERAL OIL), COPERNICIA CERIFERA CERA (CARNAUBA WAX), CETEARYL ALCOHOL, VP/VA COPOLYMER, METHYL GLUCETH-10, GLYCERYL STEARATE, PEG-100 STEARATE, KAOLIN, OCTYLDODECYL STEARATE, PHENOXYETHANOL, COCAMIDOPROPYL BETAINE, CETEARETH-20, ACRYLATES/C10-30 ALKYL ACRYLATE CROSSPOLYMER, 3-AMINO-2-BUTANOL, SODIUM POLYPHOSPHATE, ETHYLHEXYLGLYCERIN, SODIUM CHLORIDE, PARFUM (FRAGRANCE), CITRIC ACID, LIMONENE, LINALYL ACETATE, HYDROGEN PEROXIDE, LINALOOL, GERANIOL, PINENE, TOCOPHEROL",yes,yes,ja
Long Hair Protective Softening Shampoo,de,https://image.labiosthetique.com/i/square-1440/m2-product:long_hair_protective_softening_shampoo_343537_250ml_ce63ee1.jpg/feed-media.jpg,https://www.labiosthetique.de/long-hair-protective-softening-shampoo,/long-hair-protective-softening-shampoo,120591,"Das Mizellen-Shampoo reinigt langes Haar und die Kopfhaut sanft und tiefenwirksam. Es stärkt die Haarstruktur, schützt vor Umwelteinflüssen und sorgt für mühelose Kämmbarkeit sowie spürbare Geschmeidigkeit.","30,50 €","122,00 € / 1 l",250 ml,Haar- & Kopfhautpflege,Gleichmäßig im nassen Haar und auf der Kopfhaut verteilen und einmassieren. Danach gründlich ausspülen.,"AQUA (WATER), SODIUM LAURETH SULFATE, SODIUM CHLORIDE, PHENOXYETHANOL, PARFUM (FRAGRANCE), DISODIUM LAURETH SULFOSUCCINATE, DISODIUM COCOAMPHODIACETATE , LACTIC ACID, COCO-GLUCOSIDE , GLYCERYL OLEATE, HYDROXYPROPYL GUAR HYDROXYPROPYLTRIMONIUM CHLORIDE, GLYCOLIPIDS, BETAINE, GLYCOL DISTEARATE, TETRAMETHYL ACETYLOCTAHYDRONAPHTHALENES, ETHYLHEXYLGLYCERIN, GLYCERIN, COCAMIDE MEA, CITRIC ACID, LIMONENE, ALPHA-ISOMETHYL IONONE, CITRUS AURANTIUM BERGAMIA (BERGAMOT) PEEL OIL, PENTYLENE GLYCOL, OLEA EUROPAEA (OLIVE) LEAF EXTRACT, LAURETH-10, LINALOOL, LINALYL ACETATE, PINENE, CITRONELLOL, GERANIOL, POTASSIUM SORBATE, FORMIC ACID, TRITICUM VULGARE (WHEAT) BRAN EXTRACT, BENZOIC ACID, CYCLODEXTRIN, 1,2-HEXANEDIOL, CAPRYLYL GLYCOL, TOCOPHEROL, CYAMOPSIS TETRAGONOLOBA (GUAR) GUM, XANTHAN GUM, PHYTIC ACID, HYDROGENATED VEGETABLE GLYCERIDES CITRATE, LECITHIN, ASCORBYL PALMITATE",no,yes,ja
Long Hair Protective Softening Shampoo,en,https://image.labiosthetique.com/i/square-1440/m2-product:long_hair_protective_softening_shampoo_343537_250ml_ce63ee1.jpg/feed-media.jpg,https://www.labiosthetique.de/long-hair-protective-softening-shampoo,/long-hair-protective-softening-shampoo,120591,"The micellar shampoo cleanses long hair and the scalp gently and down to the roots. It strengthens the hair structure, protects against environmental influences and ensures effortless combability and noticeable softness.","30,50 €","122,00 € / 1 l",250 ml,Hair & scalp care,"Distribute evenly into wet hair and onto the scalp and massage in, then rinse out thoroughly.","AQUA (WATER), SODIUM LAURETH SULFATE, SODIUM CHLORIDE, PHENOXYETHANOL, PARFUM (FRAGRANCE), DISODIUM LAURETH SULFOSUCCINATE, DISODIUM COCOAMPHODIACETATE , LACTIC ACID, COCO-GLUCOSIDE , GLYCERYL OLEATE, HYDROXYPROPYL GUAR HYDROXYPROPYLTRIMONIUM CHLORIDE, GLYCOLIPIDS, BETAINE, GLYCOL DISTEARATE, TETRAMETHYL ACETYLOCTAHYDRONAPHTHALENES, ETHYLHEXYLGLYCERIN, GLYCERIN, COCAMIDE MEA, CITRIC ACID, LIMONENE, ALPHA-ISOMETHYL IONONE, CITRUS AURANTIUM BERGAMIA (BERGAMOT) PEEL OIL, PENTYLENE GLYCOL, OLEA EUROPAEA (OLIVE) LEAF EXTRACT, LAURETH-10, LINALOOL, LINALYL ACETATE, PINENE, CITRONELLOL, GERANIOL, POTASSIUM SORBATE, FORMIC ACID, TRITICUM VULGARE (WHEAT) BRAN EXTRACT, BENZOIC ACID, CYCLODEXTRIN, 1,2-HEXANEDIOL, CAPRYLYL GLYCOL, TOCOPHEROL, CYAMOPSIS TETRAGONOLOBA (GUAR) GUM, XANTHAN GUM, PHYTIC ACID, HYDROGENATED VEGETABLE GLYCERIDES CITRATE, LECITHIN, ASCORBYL PALMITATE",no,yes,ja
Structure Repair Nourishing Conditioner,de,https://image.labiosthetique.com/i/square-1440/m2-product:structure_repair_nourishing_conditioner_352809_200ml_3431099.jpg/feed-media.jpg,https://www.labiosthetique.de/structure-repair-nourishing-conditioner,/structure-repair-nourishing-conditioner,120446,"Angereichert mit kostbaren Ölen nährt der Conditioner trockenes, stark geschädigtes Haar, spendet Feuchtigkeit und sorgt für maximale Geschmeidigkeit, verbesserte Kämmbarkeit und Glanz.","34,00 €","170,00 € / 1 l",200 ml,Haar- & Kopfhautpflege,Nach der Haarwäsche im feuchten Haar verteilen und 2-5 Minuten einwirken lassen. Anschließend gut ausspülen.,"AQUA (WATER), CETEARYL ALCOHOL, ALCOHOL, STEARAMIDOPROPYL DIMETHYLAMINE, ARGANIA SPINOSA (ARGAN) KERNEL OIL, ANASTATICA HIEROCHUNTICA EXTRACT, LACTIC ACID, GLYCERIN, SODIUM CETEARYL SULFATE, PHENOXYETHANOL, PANTHENOL, PARFUM (FRAGRANCE), SODIUM LAUROYL SARCOSINATE, RICINUS COMMUNIS (CASTOR) SEED OIL, XANTHAN GUM, TETRAMETHYL ACETYLOCTAHYDRONAPHTHALENES, ETHYLHEXYLGLYCERIN, CETYLHYDROXYPROLINE PALMITAMIDE, LACTOBACILLUS FERMENT, LIMONENE, CITRUS AURANTIUM BERGAMIA (BERGAMOT) PEEL OIL, LINALOOL, CITRUS LIMON (LEMON) PEEL OIL, BENZYL BENZOATE, LINALYL ACETATE, CITRIC ACID, DISODIUM PHOSPHATE, POTASSIUM PHOSPHATE, TOCOPHEROL",yes,yes,ja
Structure Repair Nourishing Conditioner,en,https://image.labiosthetique.com/i/square-1440/m2-product:structure_repair_nourishing_conditioner_352809_200ml_3431099.jpg/feed-media.jpg,https://www.labiosthetique.de/structure-repair-nourishing-conditioner,/structure-repair-nourishing-conditioner,120446,"Enriched with valuable oils, the conditioner nourishes dry, severely damaged hair, supplies moisture and provides maximum silky softness, improved combability and shine.","34,00 €","170,00 € / 1 l",200 ml,Hair & scalp care,"After washing, evenly distribute into damp hair and leave in for 2–5 minutes before rinsing out thoroughly.","AQUA (WATER), CETEARYL ALCOHOL, ALCOHOL, STEARAMIDOPROPYL DIMETHYLAMINE, ARGANIA SPINOSA (ARGAN) KERNEL OIL, ANASTATICA HIEROCHUNTICA EXTRACT, LACTIC ACID, GLYCERIN, SODIUM CETEARYL SULFATE, PHENOXYETHANOL, PANTHENOL, PARFUM (FRAGRANCE), SODIUM LAUROYL SARCOSINATE, RICINUS COMMUNIS (CASTOR) SEED OIL, XANTHAN GUM, TETRAMETHYL ACETYLOCTAHYDRONAPHTHALENES, ETHYLHEXYLGLYCERIN, CETYLHYDROXYPROLINE PALMITAMIDE, LACTOBACILLUS FERMENT, LIMONENE, CITRUS AURANTIUM BERGAMIA (BERGAMOT) PEEL OIL, LINALOOL, CITRUS LIMON (LEMON) PEEL OIL, BENZYL BENZOATE, LINALYL ACETATE, CITRIC ACID, DISODIUM PHOSPHATE, POTASSIUM PHOSPHATE, TOCOPHEROL",yes,yes,ja
Volumising Spray,de,https://image.labiosthetique.com/i/square-1440/m2-product:volumising_spray_398075_100ml_1b1d796.jpg/feed-media.jpg,https://www.labiosthetique.de/volumising-spray,/volumising-spray,110339,"Das Non-Aerosol Spray mit UV-Schutz sorgt für Volumenaufbau, Griffigkeit und flexiblen Halt. Vom Magazin Freundin mit „favorit“ in der Kategorie „Feines Haar und mehr Volumen"".","26,50 €","265,00 € / 1 l",100 ml,Styling,"Gleichmäßig in das handtuchtrockene Haar sprühen, leicht einarbeiten und wie gewünscht stylen.","AQUA (WATER), ALCOHOL DENAT., PEG-40 HYDROGENATED CASTOR OIL, TRIDECETH-9, PARFUM (FRAGRANCE), POLYQUATERNIUM-11, SODIUM BENZOATE, PANTHENOL, LACTIC ACID, PROPYLENE GLYCOL, HYDROLYZED WHEAT PROTEIN, PHENOXYETHANOL, BUTYLENE GLYCOL, HYDROXYPROPYL OXIDIZED STARCH PG-TRIMONIUM CHLORIDE, TETRASODIUM EDTA, LIMONENE, STARCH HYDROXYPROPYLTRIMONIUM CHLORIDE, LINALYL ACETATE, HELIANTHUS ANNUUS (SUNFLOWER) SEED EXTRACT, SODIUM LACTATE, ETHYLHEXYLGLYCERIN, LINALOOL, TEREPHTHALYLIDENE DICAMPHOR SULFONIC ACID, GERANIOL, SODIUM CHLORIDE, UREA, PINENE, CITRIC ACID, GLYCERIN, GERANYL ACETATE, COUMARIN, LEVULINIC ACID, TERPINEOL, P-ANISIC ACID, TOCOPHEROL",yes,yes,ja
Volumising Spray,en,https://image.labiosthetique.com/i/square-1440/m2-product:volumising_spray_398075_100ml_1b1d796.jpg/feed-media.jpg,https://www.labiosthetique.de/volumising-spray,/volumising-spray,110339,"The Volumising Spray was honoured by the German magazine „freundin“. The non-aerosol spray with UV protection provides volume build-up, grip and flexible hold.","26,50 €","265,00 € / 1 l",100 ml,Styling,"Spray evenly into towel-dried hair, work in gently and style as desired.","AQUA (WATER), ALCOHOL DENAT., PEG-40 HYDROGENATED CASTOR OIL, TRIDECETH-9, PARFUM (FRAGRANCE), POLYQUATERNIUM-11, SODIUM BENZOATE, PANTHENOL, LACTIC ACID, PROPYLENE GLYCOL, HYDROLYZED WHEAT PROTEIN, PHENOXYETHANOL, BUTYLENE GLYCOL, HYDROXYPROPYL OXIDIZED STARCH PG-TRIMONIUM CHLORIDE, TETRASODIUM EDTA, LIMONENE, STARCH HYDROXYPROPYLTRIMONIUM CHLORIDE, LINALYL ACETATE, HELIANTHUS ANNUUS (SUNFLOWER) SEED EXTRACT, SODIUM LACTATE, ETHYLHEXYLGLYCERIN, LINALOOL, TEREPHTHALYLIDENE DICAMPHOR SULFONIC ACID, GERANIOL, SODIUM CHLORIDE, UREA, PINENE, CITRIC ACID, GLYCERIN, GERANYL ACETATE, COUMARIN, LEVULINIC ACID, TERPINEOL, P-ANISIC ACID, TOCOPHEROL",yes,yes,ja
Restoring Scalp Lotion,de,https://image.labiosthetique.com/i/square-1440/m2-product:restoring_scalp_lotion_403672_100ml_a65d427.jpg/feed-media.jpg,https://www.labiosthetique.de/restoring-scalp-lotion,/restoring-scalp-lotion,120076,"Die Feuchtigkeit spendende Kopfhautpflege versorgt die Haut intensiv mit Feuchtigkeit, bindet sie nachhaltig und stärkt die natürliche Schutzbarriere. Gleichzeitig wird die Talgdrüsenfunktion aktiviert – Trockenheit, Juckreiz und Spannungsgefühle werden spürbar gelindert.","31,00 €","310,00 € / 1 l",100 ml,Haar- & Kopfhautpflege,Nach der Haarwäsche scheitelweise auf die Kopfhaut applizieren und sanft einmassieren. Nicht ausspülen.,"AQUA (WATER), PROPYLENE GLYCOL, HYDROLYZED YEAST PROTEIN, FRUCTOOLIGOSACCHARIDES, BETA VULGARIS (BEET) ROOT EXTRACT, PENTYLENE GLYCOL, SODIUM BENZOATE, BUTYLENE GLYCOL, PANTHENOL, POTASSIUM LACTATE, CHONDRUS CRISPUS (CARRAGEENAN) EXTRACT, PARFUM (FRAGRANCE), SODIUM POLYPHOSPHATE, LACTIC ACID, DISODIUM COCOAMPHODIACETATE , TETRAMETHYL ACETYLOCTAHYDRONAPHTHALENES, LIMONENE, SODIUM CHLORIDE, CITRUS LIMON (LEMON) PEEL OIL, CITRONELLOL, CITRIC ACID, PINENE",no,no,ja
Restoring Scalp Lotion,en,https://image.labiosthetique.com/i/square-1440/m2-product:restoring_scalp_lotion_403672_100ml_a65d427.jpg/feed-media.jpg,https://www.labiosthetique.de/restoring-scalp-lotion,/restoring-scalp-lotion,120076,"The moisturising scalp care product supplies the skin with intensive moisture, binds it lastingly in the skin and strengthens the scalp’s natural protective barrier. It also activates the sebaceous gland function to noticeably reduce dryness, itchiness and feelings of tightness.","31,00 €","310,00 € / 1 l",100 ml,Hair & scalp care,"After washing the hair, apply to the scalp along the parting and gently massage in. Do not rinse out.","AQUA (WATER), PROPYLENE GLYCOL, HYDROLYZED YEAST PROTEIN, FRUCTOOLIGOSACCHARIDES, BETA VULGARIS (BEET) ROOT EXTRACT, PENTYLENE GLYCOL, SODIUM BENZOATE, BUTYLENE GLYCOL, PANTHENOL, POTASSIUM LACTATE, CHONDRUS CRISPUS (CARRAGEENAN) EXTRACT, PARFUM (FRAGRANCE), SODIUM POLYPHOSPHATE, LACTIC ACID, DISODIUM COCOAMPHODIACETATE , TETRAMETHYL ACETYLOCTAHYDRONAPHTHALENES, LIMONENE, SODIUM CHLORIDE, CITRUS LIMON (LEMON) PEEL OIL, CITRONELLOL, CITRIC ACID, PINENE",no,no,ja
Pencil for Eyes Walnut Silk,de,https://image.labiosthetique.com/i/square-1440/m2-product:pencil_for_eyes_walnut_silk_411725_1_06g_9e6c50a.jpg/feed-media.jpg,https://www.labiosthetique.de/pencil-for-eyes?childSku=4040218889406,/pencil-for-eyes?childSku=4040218889406,017567,Der herrlich sanfte Kajal lässt sich durch seine einzigartig geschmeidige Textur hochpräzise auftragen und verleiht den Augen eine natürlich wache Ausstrahlungskraft.,"22,00 €",0,"1,06 g",Make-Up,Pencil for Eyes auf den inneren Rand der Augen oder am unteren und/oder oberen Wimpernansatz sanft auftragen.,"HYDROGENATED JOJOBA OIL, CAPRYLIC/CAPRIC TRIGLYCERIDE, HYDROGENATED VEGETABLE OIL, SIMMONDSIA CHINENSIS (JOJOBA) SEED OIL, SYNTHETIC FLUORPHLOGOPITE, CI 77499 (IRON OXIDES), BUTYROSPERMUM PARKII (SHEA) BUTTER, CANOLA OIL, MICA, SCLEROCARYA BIRREA (MARULA) SEED OIL, CI 77891 (TITANIUM DIOXIDE), CANDELILLA CERA (EUPHORBIA CERIFERA WAX), CI 77491 (IRON OXIDES), GLYCERYL CAPRYLATE, COPERNICIA CERIFERA CERA (CARNAUBA WAX), TOCOPHEROL, HELIANTHUS ANNUUS (SUNFLOWER) SEED OIL, ASCORBYL PALMITATE",yes,yes,ja
Pencil for Eyes Walnut Silk,en,https://image.labiosthetique.com/i/square-1440/m2-product:pencil_for_eyes_walnut_silk_411725_1_06g_9e6c50a.jpg/feed-media.jpg,https://www.labiosthetique.de/pencil-for-eyes?childSku=4040218889406,/pencil-for-eyes?childSku=4040218889406,017567,"The wonderfully soft eye pencil features a uniquely silky texture for high-precision application and naturally wide awake, beautifully radiant eyes","22,00 €",0,"1,06 g",Make-up,Gently apply Pencil for Eyes to the inside edge of your eyes or on the bottom and/or top lashes.,"HYDROGENATED JOJOBA OIL, CAPRYLIC/CAPRIC TRIGLYCERIDE, HYDROGENATED VEGETABLE OIL, SIMMONDSIA CHINENSIS (JOJOBA) SEED OIL, SYNTHETIC FLUORPHLOGOPITE, CI 77499 (IRON OXIDES), BUTYROSPERMUM PARKII (SHEA) BUTTER, CANOLA OIL, MICA, SCLEROCARYA BIRREA (MARULA) SEED OIL, CI 77891 (TITANIUM DIOXIDE), CANDELILLA CERA (EUPHORBIA CERIFERA WAX), CI 77491 (IRON OXIDES), GLYCERYL CAPRYLATE, COPERNICIA CERIFERA CERA (CARNAUBA WAX), TOCOPHEROL, HELIANTHUS ANNUUS (SUNFLOWER) SEED OIL, ASCORBYL PALMITATE",yes,yes,ja
Silky Mineral Powder 2/3 Medium Gold,de,https://image.labiosthetique.com/i/square-1440/m2-product:silky_mineral_powder_2_3_medium_gold_247801_12g_f49869f.jpg/feed-media.jpg,https://www.labiosthetique.de/silky-mineral-powder?childSku=4040218840605,/silky-mineral-powder?childSku=4040218840605,018316,"Das lose Mineral-Puder fixiert das Make-up und zaubert als Puder mit puren Mineral-Pigmenten eine Haut, so rein, frisch und luxuriös wie reinste Seide.","31,00 €",0,12 g,Make-Up,Zum Fixieren und zur Verbesserung der Haltbarkeit des Make-ups: Silky Mineral Powder mit der flauschigen Quaste hauchzart auf das Gesicht stäuben. Für ein deckenderes Ergebnis: Silky Mineral Powder mit dem La Biosthétique Kabuki-Pinsel durch leichtes Eindrehen in Kreisbewegungen in die Haut einarbeiten.,"MICA, ZINC STEARATE, KAOLIN, BORON NITRIDE, SYNTHETIC FLUORPHLOGOPITE, MAGNESIUM MYRISTATE, CI 77492 (IRON OXIDES), CI 77491 (IRON OXIDES), DEHYDROACETIC ACID, CI 77499 (IRON OXIDES), STEARIC ACID",yes,yes,ja
Silky Mineral Powder 2/3 Medium Gold,en,https://image.labiosthetique.com/i/square-1440/m2-product:silky_mineral_powder_2_3_medium_gold_247801_12g_f49869f.jpg/feed-media.jpg,https://www.labiosthetique.de/silky-mineral-powder?childSku=4040218840605,/silky-mineral-powder?childSku=4040218840605,018316,The loose mineral powder fixes your make-up and its pure mineral pigments magically give you a skin as fresh and luxurious as the purest skin.,"31,00 €",0,12 g,Make-up,"For fixing and improving your make-up’s durability: Delicately use the fluffy powder puff to finely dust Silky Mineral Powder on to your face. For more coverage: Use the La Biosthétique kabuki brush to work Silky Mineral Powder into the skin with lightly twisting, circular motions.","MICA, ZINC STEARATE, KAOLIN, BORON NITRIDE, SYNTHETIC FLUORPHLOGOPITE, MAGNESIUM MYRISTATE, CI 77492 (IRON OXIDES), CI 77491 (IRON OXIDES), DEHYDROACETIC ACID, CI 77499 (IRON OXIDES), STEARIC ACID",yes,yes,ja
Classic Formula Hair Laque,de,https://image.labiosthetique.com/i/square-1440/m2-product:classic_formula_hair_laque_398139_300ml_ade34de.jpg/feed-media.jpg,https://www.labiosthetique.de/classic-formula-hair-laque?childSku=4040218869705,/classic-formula-hair-laque?childSku=4040218869705,110629,"Der zart duftende, silikonfreie Haarlack verteilt sich mikrofein auf dem Haar, schenkt starken, flexiblen Halt und seidigen Glanz.","22,50 €","75,00 € / 1 l",300 ml,Styling,"Classic Formula Hair Laque auf das trockene Haar sprühen, um einzelne Partien oder die gesamte Frisur zu fixieren.","ALCOHOL DENAT., BUTANE, PROPANE, OCTYLACRYLAMIDE/ACRYLATES/BUTYLAMINOETHYL METHACRYLATE COPOLYMER, AMINOMETHYL PROPANOL, TRIETHYL CITRATE, PARFUM (FRAGRANCE), PANTHENOL, PHYTANTRIOL, TETRAMETHYL ACETYLOCTAHYDRONAPHTHALENES, AQUA (WATER), LIMONENE, LINALOOL, LINALYL ACETATE, GERANIOL, CITRONELLOL, PINENE, COUMARIN, CITRIC ACID",yes,no,ja
Classic Formula Hair Laque,en,https://image.labiosthetique.com/i/square-1440/m2-product:classic_formula_hair_laque_398139_300ml_ade34de.jpg/feed-media.jpg,https://www.labiosthetique.de/classic-formula-hair-laque?childSku=4040218869705,/classic-formula-hair-laque?childSku=4040218869705,110629,"The delicately scented, silicone-free hair lacquer is distributed on the hair in a microfine mist and provides the hair with strong, flexible hold and silky shine.","22,50 €","75,00 € / 1 l",300 ml,Styling,Spray Classic Formula Hair Laque onto dry hair to fix individual sections or the entire hairstyle in place.,"ALCOHOL DENAT., BUTANE, PROPANE, OCTYLACRYLAMIDE/ACRYLATES/BUTYLAMINOETHYL METHACRYLATE COPOLYMER, AMINOMETHYL PROPANOL, TRIETHYL CITRATE, PARFUM (FRAGRANCE), PANTHENOL, PHYTANTRIOL, TETRAMETHYL ACETYLOCTAHYDRONAPHTHALENES, AQUA (WATER), LIMONENE, LINALOOL, LINALYL ACETATE, GERANIOL, CITRONELLOL, PINENE, COUMARIN, CITRIC ACID",yes,no,ja
Magic Shadow 56 Moss,de,https://image.labiosthetique.com/i/square-1440/m2-product:magic_shadow_56_moss_388820_2_5g_bc82fb8.jpg/feed-media.jpg,https://www.labiosthetique.de/magic-shadow?childSku=4040218875805,/magic-shadow?childSku=4040218875805,016582,Der Puder-Lidschatten zaubert mit seinen pudrigen Farbpigmenten magische Akzente auf die Augenlider.,"25,00 €","10,00 € / 1 g","2,5 g",Make-Up,"Magic Shadow einfach mit den Fingern, dem Lidschattenapplikator oder einem Pinsel in gewünschter Form und Farbintensität auf das Lid auftragen.","TALC, CI 77499 (IRON OXIDES), MICA, CI 77891 (TITANIUM DIOXIDE), PENTAERYTHRITYL TETRAISOSTEARATE, ZEA MAYS (CORN) STARCH, OCTYLDODECYL STEAROYL STEARATE, PHENYL TRIMETHICONE, ZINC STEARATE, CI 77492 (IRON OXIDES), CI 77491 (IRON OXIDES), SORBIC ACID, SODIUM DEHYDROACETATE, TIN OXIDE, GLYCINE SOJA (SOYBEAN) OIL, BISABOLOL, CALENDULA OFFICINALIS FLOWER EXTRACT, TOCOPHEROL",no,yes,ja
Magic Shadow 56 Moss,en,https://image.labiosthetique.com/i/square-1440/m2-product:magic_shadow_56_moss_388820_2_5g_bc82fb8.jpg/feed-media.jpg,https://www.labiosthetique.de/magic-shadow?childSku=4040218875805,/magic-shadow?childSku=4040218875805,016582,The powder eyeshadow contains powdery colour pigments to magically give the eyelids enchanting accents.,"25,00 €","10,00 € / 1 g","2,5 g",Make-up,"Simply apply Magic Shadow to the lid with the fingers, the eyeshadow applicator or a brush in the desired shape and colour intensity.","TALC, CI 77499 (IRON OXIDES), MICA, CI 77891 (TITANIUM DIOXIDE), PENTAERYTHRITYL TETRAISOSTEARATE, ZEA MAYS (CORN) STARCH, OCTYLDODECYL STEAROYL STEARATE, PHENYL TRIMETHICONE, ZINC STEARATE, CI 77492 (IRON OXIDES), CI 77491 (IRON OXIDES), SORBIC ACID, SODIUM DEHYDROACETATE, TIN OXIDE, GLYCINE SOJA (SOYBEAN) OIL, BISABOLOL, CALENDULA OFFICINALIS FLOWER EXTRACT, TOCOPHEROL",no,yes,ja
Daily Care Lipstick,de,https://image.labiosthetique.com/i/square-1440/m2-product:daily_care_lipstick_247703_3_3g_2d6986d.jpg/feed-media.jpg,https://www.labiosthetique.de/daily-care?childSku=4040218810004,/daily-care?childSku=4040218810004,019517,"Der Lippenpflege-Stift pflegt spröde Lippen wieder seidig weich, bindet jede Menge Feuchtigkeit und verleiht natürlichen Glanz – Tag für Tag.","26,50 €",0,"3,3 g","Make-Up,Hautpflege",Daily Care Lipstick täglich entweder allein oder unter den gewohnten Lippenstift auftragen.,"RICINUS COMMUNIS (CASTOR) SEED OIL, CANDELILLA CERA (EUPHORBIA CERIFERA WAX), SIMMONDSIA CHINENSIS (JOJOBA) SEED OIL, CERA ALBA (BEESWAX), HELIANTHUS ANNUUS (SUNFLOWER) SEED OIL, PRUNUS AMYGDALUS DULCIS (SWEET ALMOND) OIL, SESAMUM INDICUM (SESAME) SEED OIL, COPERNICIA CERIFERA CERA (CARNAUBA WAX), CI 77891 (TITANIUM DIOXIDE), ETHYL VANILLIN, TOCOPHERYL ACETATE, CI 15985 (YELLOW 6 LAKE), CI 77492 (IRON OXIDES), BENZYL ALCOHOL",yes,no,ja
Daily Care Lipstick,en,https://image.labiosthetique.com/i/square-1440/m2-product:daily_care_lipstick_247703_3_3g_2d6986d.jpg/feed-media.jpg,https://www.labiosthetique.de/daily-care?childSku=4040218810004,/daily-care?childSku=4040218810004,019517,"The lip care stick restores silky softness to chapped lips, provides plenty of moisture and gives them natural shine – every day.","26,50 €",0,"3,3 g","Make-up,Skin care","Every day, apply Daily Care Lipstick either on its own or under your usual lipstick.","RICINUS COMMUNIS (CASTOR) SEED OIL, CANDELILLA CERA (EUPHORBIA CERIFERA WAX), SIMMONDSIA CHINENSIS (JOJOBA) SEED OIL, CERA ALBA (BEESWAX), HELIANTHUS ANNUUS (SUNFLOWER) SEED OIL, PRUNUS AMYGDALUS DULCIS (SWEET ALMOND) OIL, SESAMUM INDICUM (SESAME) SEED OIL, COPERNICIA CERIFERA CERA (CARNAUBA WAX), CI 77891 (TITANIUM DIOXIDE), ETHYL VANILLIN, TOCOPHERYL ACETATE, CI 15985 (YELLOW 6 LAKE), CI 77492 (IRON OXIDES), BENZYL ALCOHOL",yes,no,ja
Revitalising Hydro Cream,de,https://image.labiosthetique.com/i/square-1440/m2-product:revitalising_hydro_cream_382747_50ml_f2ebfa9.jpg/feed-media.jpg,https://www.labiosthetique.de/revitalising-hydro-cream,/revitalising-hydro-cream,004352,Die leichte Hydro Creme löscht den Durst feuchtigkeitsarmer Haut bis in die Zellen und bremst gleichzeitig grundlegende Alterungsmechanismen aus. Für alle Liebhaber von Ménulphia Jeunesse Hydratante wird dies Ihr neues Lieblingsprodukt.,"78,50 €","1.570,00 € / 1 l",50 ml,Hautpflege,"Revitalising Hydro Cream morgens und abends im Anschluss an die Gesichtsreinigung und Tonisierung direkt auf die noch leicht feuchte Haut von Gesicht, Hals und Dekolleté auftragen.","AQUA (WATER), GLYCERIN, CAPRYLIC/CAPRIC TRIGLYCERIDE, ISOPROPYL PALMITATE, COCO-CAPRYLATE/CAPRATE, HYDROGENATED COCO-GLYCERIDES, SORBITAN STEARATE, SUCROSE COCOATE, PALMITOYL GLYCINE, LEONTOPODIUM ALPINUM FLOWER/LEAF EXTRACT, NEPHELIUM LAPPACEUM PEEL EXTRACT, CHLORELLA VULGARIS/LUPINUS ALBUS PROTEIN FERMENT, BRASSICA CAMPESTRIS (RAPESEED) STEROLS, LYSOLECITHIN, SODIUM STEAROYL GLUTAMATE, SIMMONDSIA CHINENSIS (JOJOBA) SEED OIL, PHOSPHATIDYLCHOLINE, PULLULAN, SCLEROTIUM GUM, XANTHAN GUM, MANNITOL , HYDROXYACETOPHENONE, CETEARYL ALCOHOL, CETYL ALCOHOL, CITRIC ACID, SODIUM ACRYLATE/SODIUM ACRYLOYLDIMETHYL TAURATE COPOLYMER, POLYGLYCERYL-10 LAURATE, POLYGLYCERYL-6 LAURATE, POLYGLYCERIN-6, SORBITAN OLEATE, SORBITAN ISOSTEARATE, C15-19 ALKANE, SILICA, TOCOPHEROL, PHENOXYETHANOL, BENZOIC ACID, DEHYDROACETIC ACID, SODIUM BENZOATE, POTASSIUM SORBATE, PARFUM (FRAGRANCE), TETRAMETHYL ACETYLOCTAHYDRONAPHTHALENES, ALPHA-ISOMETHYL IONONE, GERANIOL, PINENE, LIMONENE, LINALOOL, LINALYL ACETATE, CITRONELLOL, HEXYL CINNAMAL, BENZYL ALCOHOL",yes,yes,ja
Revitalising Hydro Cream,en,https://image.labiosthetique.com/i/square-1440/m2-product:revitalising_hydro_cream_382747_50ml_f2ebfa9.jpg/feed-media.jpg,https://www.labiosthetique.de/revitalising-hydro-cream,/revitalising-hydro-cream,004352,The light hydro cream quenches the thirst of dehydrated skin right down to the cells and at the same time slows down basic aging mechanisms. For all lovers of Ménulphia Jeneusse Hydratante this will be your new favorite product.,"78,50 €","1.570,00 € / 1 l",50 ml,Skin care,"Apply Revitalising Hydro Cream in the morning and evening after cleansing and toning directly to slightly damp skin on the face, neck and décolleté.","AQUA (WATER), GLYCERIN, CAPRYLIC/CAPRIC TRIGLYCERIDE, ISOPROPYL PALMITATE, COCO-CAPRYLATE/CAPRATE, HYDROGENATED COCO-GLYCERIDES, SORBITAN STEARATE, SUCROSE COCOATE, PALMITOYL GLYCINE, LEONTOPODIUM ALPINUM FLOWER/LEAF EXTRACT, NEPHELIUM LAPPACEUM PEEL EXTRACT, CHLORELLA VULGARIS/LUPINUS ALBUS PROTEIN FERMENT, BRASSICA CAMPESTRIS (RAPESEED) STEROLS, LYSOLECITHIN, SODIUM STEAROYL GLUTAMATE, SIMMONDSIA CHINENSIS (JOJOBA) SEED OIL, PHOSPHATIDYLCHOLINE, PULLULAN, SCLEROTIUM GUM, XANTHAN GUM, MANNITOL , HYDROXYACETOPHENONE, CETEARYL ALCOHOL, CETYL ALCOHOL, CITRIC ACID, SODIUM ACRYLATE/SODIUM ACRYLOYLDIMETHYL TAURATE COPOLYMER, POLYGLYCERYL-10 LAURATE, POLYGLYCERYL-6 LAURATE, POLYGLYCERIN-6, SORBITAN OLEATE, SORBITAN ISOSTEARATE, C15-19 ALKANE, SILICA, TOCOPHEROL, PHENOXYETHANOL, BENZOIC ACID, DEHYDROACETIC ACID, SODIUM BENZOATE, POTASSIUM SORBATE, PARFUM (FRAGRANCE), TETRAMETHYL ACETYLOCTAHYDRONAPHTHALENES, ALPHA-ISOMETHYL IONONE, GERANIOL, PINENE, LIMONENE, LINALOOL, LINALYL ACETATE, CITRONELLOL, HEXYL CINNAMAL, BENZYL ALCOHOL",yes,yes,ja
Volumising Mousse ,de,https://image.labiosthetique.com/i/square-1440/m2-product:volumising_mousse_398087_75ml_154aa09.jpg/feed-media.jpg,https://www.labiosthetique.de/volumising-mousse?childSku=4040218869804,/volumising-mousse?childSku=4040218869804,110637,"Der vegane Volumenschaum für lang anhaltende Fülle und stabile, unbeschwerte Volumenlooks.","13,00 €","173,33 € / 1 l",75 ml,Styling,Die Dose schütteln und bei Gebrauch kopfüber halten. Den Schaum bis zu den Ansätzen gleichmäßig ins handtuchtrockene Haar einarbeiten und das Haar wie gewünscht stylen.,"AQUA (WATER), BUTANE, PROPANE, PVP, VP/VA COPOLYMER, PEG-40 HYDROGENATED CASTOR OIL, POLYQUATERNIUM-16, SODIUM BENZOATE, PARFUM (FRAGRANCE), COCAMIDOPROPYL BETAINE, PHENOXYETHANOL, CETRIMONIUM CHLORIDE, LAURETH-4, PANTHENOL, ETHYLHEXYLGLYCERIN, SODIUM CHLORIDE, CITRIC ACID, HEXYL CINNAMAL, CITRONELLOL, LINALOOL, TERPINEOL",yes,yes,ja
Volumising Mousse ,en,https://image.labiosthetique.com/i/square-1440/m2-product:volumising_mousse_398087_75ml_154aa09.jpg/feed-media.jpg,https://www.labiosthetique.de/volumising-mousse?childSku=4040218869804,/volumising-mousse?childSku=4040218869804,110637,"The vegan volumising mousse for long-lasting fullness and stable, carefree volumised looks.","13,00 €","173,33 € / 1 l",75 ml,Styling,Shake the can and hold upside down when using. Work the foam evenly into towel-dried hair up to the roots and style the hair as desired.,"AQUA (WATER), BUTANE, PROPANE, PVP, VP/VA COPOLYMER, PEG-40 HYDROGENATED CASTOR OIL, POLYQUATERNIUM-16, SODIUM BENZOATE, PARFUM (FRAGRANCE), COCAMIDOPROPYL BETAINE, PHENOXYETHANOL, CETRIMONIUM CHLORIDE, LAURETH-4, PANTHENOL, ETHYLHEXYLGLYCERIN, SODIUM CHLORIDE, CITRIC ACID, HEXYL CINNAMAL, CITRONELLOL, LINALOOL, TERPINEOL",yes,yes,ja
Clarifying Fruit Exfoliant,de,https://image.labiosthetique.com/i/square-1440/m2-product:clarifying_fruit_exfoliant_400571_100ml_f1db8f4.jpg/feed-media.jpg,https://www.labiosthetique.de/clarifying-fruit-exfoliant,/clarifying-fruit-exfoliant,003705,"Das klärende Fruchtextraktpeeling wirkt tiefenreinigend auf unreine Haut, befreit verstopfte Poren und sorgt für einen klaren, reinen Teint. Für alle Liebhaber von Visalix Clarifiant und Lotion Desincrustante wird dies Ihr neues Lieblingsprodukt.","29,00 €","290,00 € / 1 l",100 ml,Hautpflege,Mit einem Wattepad unter Aussparung der Augenpartie auf die gereinigte Haut von Gesicht und Hals oder andere betroffene Hautpartien auftragen. Nicht abwaschen.,"AQUA (WATER), ALCOHOL DENAT., GLYCERIN, VACCINIUM MYRTILLUS FRUIT EXTRACT, DIMETHYL LAURAMIDE/MYRISTAMIDE, SACCHARUM OFFICINARUM (SUGARCANE) EXTRACT, DIPOTASSIUM GLYCYRRHIZATE, CITRUS AURANTIUM DULCIS (ORANGE) FRUIT EXTRACT, CITRUS LIMON (LEMON) FRUIT EXTRACT, PARFUM (FRAGRANCE), ACER SACCHARUM (SUGAR MAPLE) EXTRACT, TETRAMETHYL ACETYLOCTAHYDRONAPHTHALENES, LIMONENE, CITRUS LIMON (LEMON) PEEL OIL, PINENE",yes,yes,ja
Clarifying Fruit Exfoliant,en,https://image.labiosthetique.com/i/square-1440/m2-product:clarifying_fruit_exfoliant_400571_100ml_f1db8f4.jpg/feed-media.jpg,https://www.labiosthetique.de/clarifying-fruit-exfoliant,/clarifying-fruit-exfoliant,003705,"The clarifying fruit extract peeling has a deep-cleansing effect on blemished skin, frees blocked pores and provides a clear, pure complexion. For all lovers of Visalix Clarifiant this will be your new favorite product.","29,00 €","290,00 € / 1 l",100 ml,Skin care,"Use a cotton pad to apply the exfoliant to the cleansed skin of the face and neck or other affected areas of skin, leaving out the eye area. Do not rinse off.","AQUA (WATER), ALCOHOL DENAT., GLYCERIN, VACCINIUM MYRTILLUS FRUIT EXTRACT, DIMETHYL LAURAMIDE/MYRISTAMIDE, SACCHARUM OFFICINARUM (SUGARCANE) EXTRACT, DIPOTASSIUM GLYCYRRHIZATE, CITRUS AURANTIUM DULCIS (ORANGE) FRUIT EXTRACT, CITRUS LIMON (LEMON) FRUIT EXTRACT, PARFUM (FRAGRANCE), ACER SACCHARUM (SUGAR MAPLE) EXTRACT, TETRAMETHYL ACETYLOCTAHYDRONAPHTHALENES, LIMONENE, CITRUS LIMON (LEMON) PEEL OIL, PINENE",yes,yes,ja
Scalp Care Set Méthode Hydratante ,de,https://image.labiosthetique.com/i/square-1440/m2-product:scalp_care_set_m_thode_hydratante_411258_1Set_e79c212.jpg/feed-media.jpg,https://www.labiosthetique.de/scalp-care-set-methode-hydratante,/scalp-care-set-methode-hydratante,012951,"Die Pflegeroutine der Méthode Hydratante spendet trockener Kopfhaut intensive Feuchtigkeit, stärkt ihren natürlichen Schutzfilm und verleiht dem Haar spürbare Geschmeidigkeit, Glanz und neue Vitalität.","37,50 €",0,1 set,Haar- & Kopfhautpflege,"Das Restoring Lipokerine B Shampoo gleichmäßig auf der Kopfhaut und im Haar verteilen, kurz einwirken lassen und gründlich ausspülen. Anschließend die Restoring Scalp Lotion scheitelweise auf die Kopfhaut applizieren und sanft einmassieren. Nicht ausspülen.","Restoring Lipokerine B Shampoo INGREDIENTS: AQUA (WATER), LAURYL GLUCOSIDE , SODIUM LAURETH SULFATE, SODIUM LAUROYL OAT AMINO ACIDS, SODIUM BENZOATE, FRUCTOOLIGOSACCHARIDES, C12-13 ALKYL LACTATE, BETA VULGARIS (BEET) ROOT EXTRACT, PANTHENOL, LACTIC ACID, PARFUM (FRAGRANCE), HYDROXYPROPYL OXIDIZED STARCH PG-TRIMONIUM CHLORIDE, PHENOXYETHANOL, SODIUM POLYPHOSPHATE, TETRAMETHYL ACETYLOCTAHYDRONAPHTHALENES, POTASSIUM LACTATE, STARCH HYDROXYPROPYLTRIMONIUM CHLORIDE, TETRASODIUM EDTA, SODIUM LACTATE, SODIUM CITRATE, ETHYLHEXYLGLYCERIN, LIMONENE, SODIUM CHLORIDE, UREA, GLYCERIN, CITRIC ACID, LEVULINIC ACID, P-ANISIC ACID, TOCOPHEROL Restoring Scalp Lotion INGREDIENTS: AQUA (WATER), PROPYLENE GLYCOL, HYDROLYZED YEAST PROTEIN, FRUCTOOLIGOSACCHARIDES, BETA VULGARIS (BEET) ROOT EXTRACT, PENTYLENE GLYCOL, SODIUM BENZOATE, BUTYLENE GLYCOL, PANTHENOL, POTASSIUM LACTATE, CHONDRUS CRISPUS (CARRAGEENAN) EXTRACT, PARFUM (FRAGRANCE), SODIUM POLYPHOSPHATE, LACTIC ACID, DISODIUM COCOAMPHODIACETATE , TETRAMETHYL ACETYLOCTAHYDRONAPHTHALENES, LIMONENE, SODIUM CHLORIDE, CITRUS LIMON (LEMON) PEEL OIL, CITRONELLOL, CITRIC ACID, PINENE",yes,yes,ja
Scalp Care Set Méthode Hydratante ,en,https://image.labiosthetique.com/i/square-1440/m2-product:scalp_care_set_m_thode_hydratante_411258_1Set_e79c212.jpg/feed-media.jpg,https://www.labiosthetique.de/scalp-care-set-methode-hydratante,/scalp-care-set-methode-hydratante,012951,"The Méthode Hydratante care routine supplies dry scalps with intensive moisture, strengthens their natural protective film and gives the hair noticeable softness, shine and new vitality.","37,50 €",0,1 set,Hair & scalp care,"Distribute Restoring Lipokerine B Shampoo evenly on the scalp and in the hair, briefly leave it to take effect, then rinse it out thoroughly. Next, apply Restoring Scalp Lotion along the parting of the scalp and gently massage it in. Do not rinse it out.","Restoring Lipokerine B Shampoo INGREDIENTS: AQUA (WATER), LAURYL GLUCOSIDE , SODIUM LAURETH SULFATE, SODIUM LAUROYL OAT AMINO ACIDS, SODIUM BENZOATE, FRUCTOOLIGOSACCHARIDES, C12-13 ALKYL LACTATE, BETA VULGARIS (BEET) ROOT EXTRACT, PANTHENOL, LACTIC ACID, PARFUM (FRAGRANCE), HYDROXYPROPYL OXIDIZED STARCH PG-TRIMONIUM CHLORIDE, PHENOXYETHANOL, SODIUM POLYPHOSPHATE, TETRAMETHYL ACETYLOCTAHYDRONAPHTHALENES, POTASSIUM LACTATE, STARCH HYDROXYPROPYLTRIMONIUM CHLORIDE, TETRASODIUM EDTA, SODIUM LACTATE, SODIUM CITRATE, ETHYLHEXYLGLYCERIN, LIMONENE, SODIUM CHLORIDE, UREA, GLYCERIN, CITRIC ACID, LEVULINIC ACID, P-ANISIC ACID, TOCOPHEROL Restoring Scalp Lotion INGREDIENTS: AQUA (WATER), PROPYLENE GLYCOL, HYDROLYZED YEAST PROTEIN, FRUCTOOLIGOSACCHARIDES, BETA VULGARIS (BEET) ROOT EXTRACT, PENTYLENE GLYCOL, SODIUM BENZOATE, BUTYLENE GLYCOL, PANTHENOL, POTASSIUM LACTATE, CHONDRUS CRISPUS (CARRAGEENAN) EXTRACT, PARFUM (FRAGRANCE), SODIUM POLYPHOSPHATE, LACTIC ACID, DISODIUM COCOAMPHODIACETATE , TETRAMETHYL ACETYLOCTAHYDRONAPHTHALENES, LIMONENE, SODIUM CHLORIDE, CITRUS LIMON (LEMON) PEEL OIL, CITRONELLOL, CITRIC ACID, PINENE",yes,yes,ja
Compact Powder 1/2 Light Beige,de,https://image.labiosthetique.com/i/square-1440/m2-product:compact_powder_1_2_light_beige_407824_9g_c6292a8.jpg/feed-media.jpg,https://www.labiosthetique.de/compact-powder?childSku=4040218894004,/compact-powder?childSku=4040218894004,018466,"Für einen seidigen Teint: Compact Powder mit Anti-Shine-Effekt und wertvollen Inhaltsstoffen mattiert die Haut, ohne zu beschweren.","40,50 €",0,9 g,Make-Up,Compact Powder wird mit dem beiliegenden Schwämmchen oder einem weichen Puderpinsel trocken auf Teint und Dekolleté aufgetragen. Der Puder kann über Make-up als Fixierung oder für den Nude Look auf das ungeschminkte Gesicht verwendet werden. Der mattierende Effekt wird durch mehrmaligen Auftrag verstärkt. Schwämmchen regelmäßig mit Seife und warmem Wasser reinigen.,"KAOLIN, MICA, CAPRYLIC/CAPRIC TRIGLYCERIDE, ZEA MAYS (CORN) STARCH, ZINC STEARATE, CI 77891 (TITANIUM DIOXIDE), CALCIUM STARCH OCTENYLSUCCINATE, OCTYLDODECYL STEAROYL STEARATE, SILICA, POTASSIUM SORBATE, DEHYDROACETIC ACID, CI 77492 (IRON OXIDES), CI 77491 (IRON OXIDES), HYDROGENATED PALM OIL, HYDROGENATED RAPESEED OIL, CI 77499 (IRON OXIDES), ORYZA SATIVA (RICE) BRAN WAX, C18-36 ACID TRIGLYCERIDE",yes,yes,ja
Compact Powder 1/2 Light Beige,en,https://image.labiosthetique.com/i/square-1440/m2-product:compact_powder_1_2_light_beige_407824_9g_c6292a8.jpg/feed-media.jpg,https://www.labiosthetique.de/compact-powder?childSku=4040218894004,/compact-powder?childSku=4040218894004,018466,For a silky complexion: Compact Powder with anti-shine effect and valuable ingredients mattifies the complexion without heaviness.,"40,50 €",0,9 g,Make-up,Compact Powder is applied dry to complexion and décolleté with the enclosed sponge or with a soft powder brush. The powder can be applied over make-up to fix it or to an unmade up face for a nude look. The mattifying effect is enhanced by multiple applications. Regularly wash the sponge with soap and warm water.,"KAOLIN, MICA, CAPRYLIC/CAPRIC TRIGLYCERIDE, ZEA MAYS (CORN) STARCH, ZINC STEARATE, CI 77891 (TITANIUM DIOXIDE), CALCIUM STARCH OCTENYLSUCCINATE, OCTYLDODECYL STEAROYL STEARATE, SILICA, POTASSIUM SORBATE, DEHYDROACETIC ACID, CI 77492 (IRON OXIDES), CI 77491 (IRON OXIDES), HYDROGENATED PALM OIL, HYDROGENATED RAPESEED OIL, CI 77499 (IRON OXIDES), ORYZA SATIVA (RICE) BRAN WAX, C18-36 ACID TRIGLYCERIDE",yes,yes,ja
Automatic Pencil for Lips LL30 Red,de,https://image.labiosthetique.com/i/square-1440/m2-product:automatic_pencil_for_lips_ll30_red_247657_0_28g_a34996e.jpg/feed-media.jpg,https://www.labiosthetique.de/automatic-pencil-for-lips?childSku=4040218765403,/automatic-pencil-for-lips?childSku=4040218765403,017195,"Der wasserfeste Lippenkonturen-Stift zaubert wunderschöne, definierte Lippen.","25,00 €",0,"0,28 g",Make-Up,Den Stift aus der Automatikhülle herausdrehen und die Lippenkontur sanft nachziehen oder nuancieren. Achtung: der Stift kann nicht zurückgedreht werden!,"SYNTHETIC WAX, ISODODECANE, MICA, HYDROGENATED POLYCYCLOPENTADIENE, POLYGLYCERYL-10 PENTAISOSTEARATE, HYDROGENATED POLY(C6-14 OLEFIN), HYDROGENATED POLYDECENE, HYDROGENATED POLYISOBUTENE, POLYBUTENE, CI 15850 (RED 6 LAKE), DISTEARDIMONIUM HECTORITE, CI 73360 (RED 30 LAKE), CI 77891 (TITANIUM DIOXIDE), PROPYLENE CARBONATE, POLYETHYLENE, PENTAERYTHRITYL TETRA-DI-T-BUTYL HYDROXYHYDROCINNAMATE, CI 77491 (IRON OXIDES), CI 77499 (IRON OXIDES)",yes,yes,nein
Automatic Pencil for Lips LL30 Red,en,https://image.labiosthetique.com/i/square-1440/m2-product:automatic_pencil_for_lips_ll30_red_247657_0_28g_a34996e.jpg/feed-media.jpg,https://www.labiosthetique.de/automatic-pencil-for-lips?childSku=4040218765403,/automatic-pencil-for-lips?childSku=4040218765403,017195,The waterproof lip liner creates wonderfully defined lips.,"25,00 €",0,"0,28 g",Make-up,Twist the liner out of the automatic case and gently outline or shade the lip line. Caution: you cannot twist the liner back into the case!,"SYNTHETIC WAX, ISODODECANE, MICA, HYDROGENATED POLYCYCLOPENTADIENE, POLYGLYCERYL-10 PENTAISOSTEARATE, HYDROGENATED POLY(C6-14 OLEFIN), HYDROGENATED POLYDECENE, HYDROGENATED POLYISOBUTENE, POLYBUTENE, CI 15850 (RED 6 LAKE), DISTEARDIMONIUM HECTORITE, CI 73360 (RED 30 LAKE), CI 77891 (TITANIUM DIOXIDE), PROPYLENE CARBONATE, POLYETHYLENE, PENTAERYTHRITYL TETRA-DI-T-BUTYL HYDROXYHYDROCINNAMATE, CI 77491 (IRON OXIDES), CI 77499 (IRON OXIDES)",yes,yes,nein
Essentiel Classic Shampoo,de,https://image.labiosthetique.com/i/square-1440/m2-product:essentiel_classic_shampoo_247235_250ml_f6ba433.jpg/feed-media.jpg,https://www.labiosthetique.de/essentiel-classic-shampoo?childSku=4040218852103,/essentiel-classic-shampoo?childSku=4040218852103,120244,"Das milde, zart duftende Pflegeshampoo bietet sanfte Reinigung, für die tägliche Haarwäsche und die ganze Familie.","19,50 €","78,00 € / 1 l",250 ml,Haar- & Kopfhautpflege,Gleichmäßig im feuchten Haar und auf der Kopfhaut verteilen und einmassieren. Anschließend gründlich ausspülen.,"AQUA (WATER), SODIUM LAURETH SULFATE, PROPYLENE GLYCOL, COCO-BETAINE, BETAINE, SODIUM CHLORIDE, DISODIUM COCOAMPHODIACETATE , PHENOXYETHANOL, PARFUM (FRAGRANCE), SODIUM BENZOATE, POLYQUATERNIUM-7, BENZOIC ACID, POLYQUATERNIUM-10, SODIUM POLYPHOSPHATE, TETRAMETHYL ACETYLOCTAHYDRONAPHTHALENES, LACTIC ACID, DEHYDROACETIC ACID, TROMETHAMINE, LIMONENE, CITRIC ACID, SODIUM ACETATE, ISOPROPYL ALCOHOL, ETHYLHEXYLGLYCERIN",yes,yes,ja
Essentiel Classic Shampoo,en,https://image.labiosthetique.com/i/square-1440/m2-product:essentiel_classic_shampoo_247235_250ml_f6ba433.jpg/feed-media.jpg,https://www.labiosthetique.de/essentiel-classic-shampoo?childSku=4040218852103,/essentiel-classic-shampoo?childSku=4040218852103,120244,"The mild, delicately scented conditioning shampoo offers gentle cleansing for daily hair-washing for the whole family.","19,50 €","78,00 € / 1 l",250 ml,Hair & scalp care,"Evenly distribute into damp hair and on the scalp and massage in, then rinse out thoroughly.","AQUA (WATER), SODIUM LAURETH SULFATE, PROPYLENE GLYCOL, COCO-BETAINE, BETAINE, SODIUM CHLORIDE, DISODIUM COCOAMPHODIACETATE , PHENOXYETHANOL, PARFUM (FRAGRANCE), SODIUM BENZOATE, POLYQUATERNIUM-7, BENZOIC ACID, POLYQUATERNIUM-10, SODIUM POLYPHOSPHATE, TETRAMETHYL ACETYLOCTAHYDRONAPHTHALENES, LACTIC ACID, DEHYDROACETIC ACID, TROMETHAMINE, LIMONENE, CITRIC ACID, SODIUM ACETATE, ISOPROPYL ALCOHOL, ETHYLHEXYLGLYCERIN",yes,yes,ja
Comforting Hydro Toner,de,https://image.labiosthetique.com/i/square-1440/m2-product:comforting_hydro_toner_392015_250ml_7d4999b.jpg/feed-media.jpg,https://www.labiosthetique.de/comforting-hydro-toner?childSku=4040218868203,/comforting-hydro-toner?childSku=4040218868203,003678,"Das wohltuende Gesichtswasser lindert die Symptome einer empfindlichen, gereizten Haut, versorgt sie mit reicher Feuchtigkeit und bereitet sie optimal auf die nachfolgenden Pflegeschritte vor. Ideal auch in Kombination mit Méthode Clarifiante Skin Care nach der Hautreinigung.","26,50 €","106,00 € / 1 l",250 ml,Hautpflege,"Morgens und abends nach der Reinigung mit einem Wattepad oder dem Sprüher auf die Haut von Gesicht, Hals und Dekolleté auftragen.","AQUA (WATER), GLYCERIN, SORBITOL, HYDROXYPHENYL PROPAMIDOBENZOIC ACID, PANTHENOL, ASCORBYL PALMITATE, TOCOPHEROL, ETHYLHEXYLGLYCERIN, BUTYLENE GLYCOL, PENTYLENE GLYCOL, CITRIC ACID, PHENOXYETHANOL",yes,yes,ja
Comforting Hydro Toner,en,https://image.labiosthetique.com/i/square-1440/m2-product:comforting_hydro_toner_392015_250ml_7d4999b.jpg/feed-media.jpg,https://www.labiosthetique.de/comforting-hydro-toner?childSku=4040218868203,/comforting-hydro-toner?childSku=4040218868203,003678,"The soothing toner alleviates the symptoms of sensitive, irritated skin, supplies it with rich moisture and perfectly prepares it for the subsequent care steps. Ideal in combination with Méthode Clarifiante.","26,50 €","106,00 € / 1 l",250 ml,Skin care,"In the morning and evening, use a cotton pad or the sprayer to apply the toner to the skin on the face, neck and décolleté.","AQUA (WATER), GLYCERIN, SORBITOL, HYDROXYPHENYL PROPAMIDOBENZOIC ACID, PANTHENOL, ASCORBYL PALMITATE, TOCOPHEROL, ETHYLHEXYLGLYCERIN, BUTYLENE GLYCOL, PENTYLENE GLYCOL, CITRIC ACID, PHENOXYETHANOL",yes,yes,ja
Belesthétique The Supreme Lifting Eye Cream,de,https://image.labiosthetique.com/i/square-1440/m2-product:belesth_tique_the_supreme_lifting_eye_cream_413201_15ml_cd38e46.jpg/feed-media.jpg,https://www.labiosthetique.de/belesthetique-the-supreme-eye-cream,/belesthetique-the-supreme-eye-cream,002382,"Das luxuriöse Wirkkonzept von The Supreme Lifting Eye Cream glättet, strafft und belebt die empfindliche Augenpartie mit sofort sichtbarem Effekt.","95,00 €","6.333,33 € / 1 l",15 ml,Hautpflege,"Die hochwirksame Augenpflege wird direkt auf die noch feuchte, tonisierte Augenpartie aufgetragen und sanft in die sensible Haut der Augenkontur einmassiert.","AQUA (WATER), CAPRYLIC/CAPRIC TRIGLYCERIDE, GLYCERIN, PENTAERYTHRITYL DISTEARATE, CETEARYL OLIVATE, HYDROGENATED COCO-GLYCERIDES, SQUALANE, CETEARYL ETHYLHEXANOATE, SORBITAN OLIVATE, HELIANTHUS ANNUUS (SUNFLOWER) SEED OIL, NELUMBO NUCIFERA FLOWER WATER, NYMPHAEA COERULEA FLOWER WATER, HYDROLYZED VEGETABLE PROTEIN, SILK, LUPINUS ALBUS SEED EXTRACT, CERAMIDE NG, POPULUS TREMULOIDES BARK EXTRACT, PLANKTON EXTRACT, IRIS FLORENTINA ROOT EXTRACT, ASCORBIC ACID, GOLD, GLUTATHIONE, MAGNESIUM PCA, BUTYLENE GLYCOL, SACCHARIDE ISOMERATE, POTASSIUM CETYL PHOSPHATE, MICROCRYSTALLINE CELLULOSE, PHENOXYETHANOL, PARFUM (FRAGRANCE), XANTHAN GUM, ISOPROPYL MYRISTATE, BEHENYL ALCOHOL, GLYCERYL STEARATE, PALMITIC ACID, CELLULOSE GUM, STEARIC ACID, TETRAMETHYL ACETYLOCTAHYDRONAPHTHALENES, BENZOIC ACID, PENTYLENE GLYCOL, 1,2-HEXANEDIOL, LEUCONOSTOC/RADISH ROOT FERMENT FILTRATE, TOCOPHEROL, DEHYDROACETIC ACID, SORBITOL, CETYL ALCOHOL, LAURYL ALCOHOL, LECITHIN, MYRISTYL ALCOHOL, CAPRYLYL GLYCOL, GLYCINE SOJA (SOYBEAN) OIL, PROPANEDIOL, LIMONENE, CITRUS AURANTIUM BERGAMIA (BERGAMOT) PEEL OIL, LINALOOL, SODIUM CARRAGEENAN, CITRUS LIMON PEEL OIL, CITRIC ACID, SODIUM CITRATE, LINALYL ACETATE, CITRONELLOL, PINENE, TERPINEOL, ETHYLHEXYL GLYCERIN, MARIS SAL (SEA SALT)",yes,yes,nein
Belesthétique The Supreme Lifting Eye Cream,en,https://image.labiosthetique.com/i/square-1440/m2-product:belesth_tique_the_supreme_lifting_eye_cream_413201_15ml_cd38e46.jpg/feed-media.jpg,https://www.labiosthetique.de/belesthetique-the-supreme-eye-cream,/belesthetique-the-supreme-eye-cream,002382,"The luxurious effect concept of The Supreme Lifting Eye Cream smooths, firms and invigorates the sensitive eye area with an instantly visible effect.","95,00 €","6.333,33 € / 1 l",15 ml,Skin care,"Apply the highly effective eye care product to the still moist, toned skin around the eyes and gently massage it into the sensitive skin of the eye contours.","AQUA (WATER), CAPRYLIC/CAPRIC TRIGLYCERIDE, GLYCERIN, PENTAERYTHRITYL DISTEARATE, CETEARYL OLIVATE, HYDROGENATED COCO-GLYCERIDES, SQUALANE, CETEARYL ETHYLHEXANOATE, SORBITAN OLIVATE, HELIANTHUS ANNUUS (SUNFLOWER) SEED OIL, NELUMBO NUCIFERA FLOWER WATER, NYMPHAEA COERULEA FLOWER WATER, HYDROLYZED VEGETABLE PROTEIN, SILK, LUPINUS ALBUS SEED EXTRACT, CERAMIDE NG, POPULUS TREMULOIDES BARK EXTRACT, PLANKTON EXTRACT, IRIS FLORENTINA ROOT EXTRACT, ASCORBIC ACID, GOLD, GLUTATHIONE, MAGNESIUM PCA, BUTYLENE GLYCOL, SACCHARIDE ISOMERATE, POTASSIUM CETYL PHOSPHATE, MICROCRYSTALLINE CELLULOSE, PHENOXYETHANOL, PARFUM (FRAGRANCE), XANTHAN GUM, ISOPROPYL MYRISTATE, BEHENYL ALCOHOL, GLYCERYL STEARATE, PALMITIC ACID, CELLULOSE GUM, STEARIC ACID, TETRAMETHYL ACETYLOCTAHYDRONAPHTHALENES, BENZOIC ACID, PENTYLENE GLYCOL, 1,2-HEXANEDIOL, LEUCONOSTOC/RADISH ROOT FERMENT FILTRATE, TOCOPHEROL, DEHYDROACETIC ACID, SORBITOL, CETYL ALCOHOL, LAURYL ALCOHOL, LECITHIN, MYRISTYL ALCOHOL, CAPRYLYL GLYCOL, GLYCINE SOJA (SOYBEAN) OIL, PROPANEDIOL, LIMONENE, CITRUS AURANTIUM BERGAMIA (BERGAMOT) PEEL OIL, LINALOOL, SODIUM CARRAGEENAN, CITRUS LIMON PEEL OIL, CITRIC ACID, SODIUM CITRATE, LINALYL ACETATE, CITRONELLOL, PINENE, TERPINEOL, ETHYLHEXYL GLYCERIN, MARIS SAL (SEA SALT)",yes,yes,nein
Frizz Control Smoothing Styling Fluid,de,https://image.labiosthetique.com/i/square-1440/m2-product:frizz_control_smoothing_styling_fluid_247251_150ml_7859414.jpg/feed-media.jpg,https://www.labiosthetique.de/frizz-control-smoothing-styling-fluid,/frizz-control-smoothing-styling-fluid,120404,Smoothing Styling Fluid bändigt störrisches Haar im Handumdrehen und bringt es in glänzende Form mit lebendigem Halt.,"22,50 €","150,00 € / 1 l",150 ml,"Haar- & Kopfhautpflege,Styling","Nach der Haarwäsche im handtuchtrockenen Haar verteilen, dabei die unteren Längen und Spitzen besonders berücksichtigen. Nicht auswaschen und die Haare wie gewohnt stylen.","AQUA (WATER), ALCOHOL DENAT., HYDROXYPROPYL GUAR, PEG-40 HYDROGENATED CASTOR OIL, PARFUM (FRAGRANCE), PROPYLENE GLYCOL, ACACIA SENEGAL GUM, PULLULAN, SORBITOL, TREHALOSE, GLYCERIN, PANTHENOL, DECYL GLUCOSIDE, POLYQUATERNIUM-11, TETRAMETHYL ACETYLOCTAHYDRONAPHTHALENES, LACTIC ACID, HEXAMETHYLINDANOPYRAN, BENZYL SALICYLATE, LIMONENE, ALPHA-ISOMETHYL IONONE, CITRONELLOL, LINALYL ACETATE, COUMARIN, CITRIC ACID, PINENE, PHENOXYETHANOL, PELARGONIUM GRAVEOLENS FLOWER OIL, CAPRYLYL GLYCOL, LINALOOL",yes,yes,ja
Frizz Control Smoothing Styling Fluid,en,https://image.labiosthetique.com/i/square-1440/m2-product:frizz_control_smoothing_styling_fluid_247251_150ml_7859414.jpg/feed-media.jpg,https://www.labiosthetique.de/frizz-control-smoothing-styling-fluid,/frizz-control-smoothing-styling-fluid,120404,"Smoothing Styling Fluid tames stubborn hair in the blink of an eye, and gives it shine and lasting hold.","22,50 €","150,00 € / 1 l",150 ml,"Hair & scalp care,Styling","After washing, distribute into towel-dried hair, paying particular attention to the bottom lengths and tips. Leave-in product. Style the hair as usual.","AQUA (WATER), ALCOHOL DENAT., HYDROXYPROPYL GUAR, PEG-40 HYDROGENATED CASTOR OIL, PARFUM (FRAGRANCE), PROPYLENE GLYCOL, ACACIA SENEGAL GUM, PULLULAN, SORBITOL, TREHALOSE, GLYCERIN, PANTHENOL, DECYL GLUCOSIDE, POLYQUATERNIUM-11, TETRAMETHYL ACETYLOCTAHYDRONAPHTHALENES, LACTIC ACID, HEXAMETHYLINDANOPYRAN, BENZYL SALICYLATE, LIMONENE, ALPHA-ISOMETHYL IONONE, CITRONELLOL, LINALYL ACETATE, COUMARIN, CITRIC ACID, PINENE, PHENOXYETHANOL, PELARGONIUM GRAVEOLENS FLOWER OIL, CAPRYLYL GLYCOL, LINALOOL",yes,yes,ja
Dermosthétique Redefining Lip Balm,de,https://image.labiosthetique.com/i/square-1440/m2-product:dermosth_tique_redefining_lip_balm_247957_15ml_6f02bd5.jpg/feed-media.jpg,https://www.labiosthetique.de/dermosthetique-age-3-redefining-lip-balm,/dermosthetique-age-3-redefining-lip-balm,002575,"Mehr als ein Lippenbekenntnis: Der Lippenbalsam versorgt trockene Haut mit Feuchtigkeit und Lipiden. Die Lippen werden weich und zart gepflegt, während ein innovativer Wirkkomplex Alterserscheinungen der Lippenkontur entgegenwirkt.","30,50 €","2.033,33 € / 1 l",15 ml,Hautpflege,Morgens und abends nach der Gesichtsreinigung gleichmäßig auf den Lippen verteilen. Bei stark beanspruchten Lippen und während der kalten Jahreszeit kann der Balsam auch jederzeit zwischendurch aufgetragen werden.,"CERA ALBA (BEESWAX), RICINUS COMMUNIS (CASTOR) SEED OIL, COPERNICIA CERIFERA CERA (CARNAUBA WAX), HYDROGENATED CASTOR OIL, BUTYROSPERMUM PARKII (SHEA) BUTTER, GLYCERIN, JOJOBA ESTERS, CAPRYLIC/CAPRIC TRIGLYCERIDE, ETHYLHEXYL PALMITATE, AQUA (WATER), HELIANTHUS ANNUUS (SUNFLOWER) SEED WAX, SOYBEAN GLYCERIDES, CENTELLA ASIATICA LEAF EXTRACT*, NIACINAMIDE, SODIUM HYALURONATE, SALICORNIA HERBACEA EXTRACT, SALVIA MILTIORRHIZA LEAF EXTRACT, LAMINARIA OCHROLEUCA EXTRACT*, ACACIA DECURRENS FLOWER WAX, ALTEROMONAS FERMENT EXTRACT, BUTYROSPERMUM PARKII (SHEA) BUTTER UNSAPONIFIABLES, GLYCINE SOJA (SOYBEAN) OIL, POLYGLYCERIN-3, TOCOPHEROL, TRIHYDROXYSTEARIN, CITRIC ACID, VANILLIN, CAPRYLYL GLYCOL, XANTHAN GUM, ASCORBYL PALMITATE, GLUCOMANNAN, PHENOXYETHANOL, ETHYLHEXYLGLYCERIN",yes,no,ja
Dermosthétique Redefining Lip Balm,en,https://image.labiosthetique.com/i/square-1440/m2-product:dermosth_tique_redefining_lip_balm_247957_15ml_6f02bd5.jpg/feed-media.jpg,https://www.labiosthetique.de/dermosthetique-age-3-redefining-lip-balm,/dermosthetique-age-3-redefining-lip-balm,002575,"More than just lip service: the lip balm supplies dry skin with moisture and lipids. It makes lips soft and gently cared for, while an innovative effect complex combats signs of aging in the lip contour.","30,50 €","2.033,33 € / 1 l",15 ml,Skin care,"Distribute evenly on the lips in the morning and evening after cleansing your face. In the case of extremely stressed lips or during the winter, you can also apply the balm as and when you need it.","CERA ALBA (BEESWAX), RICINUS COMMUNIS (CASTOR) SEED OIL, COPERNICIA CERIFERA CERA (CARNAUBA WAX), HYDROGENATED CASTOR OIL, BUTYROSPERMUM PARKII (SHEA) BUTTER, GLYCERIN, JOJOBA ESTERS, CAPRYLIC/CAPRIC TRIGLYCERIDE, ETHYLHEXYL PALMITATE, AQUA (WATER), HELIANTHUS ANNUUS (SUNFLOWER) SEED WAX, SOYBEAN GLYCERIDES, CENTELLA ASIATICA LEAF EXTRACT*, NIACINAMIDE, SODIUM HYALURONATE, SALICORNIA HERBACEA EXTRACT, SALVIA MILTIORRHIZA LEAF EXTRACT, LAMINARIA OCHROLEUCA EXTRACT*, ACACIA DECURRENS FLOWER WAX, ALTEROMONAS FERMENT EXTRACT, BUTYROSPERMUM PARKII (SHEA) BUTTER UNSAPONIFIABLES, GLYCINE SOJA (SOYBEAN) OIL, POLYGLYCERIN-3, TOCOPHEROL, TRIHYDROXYSTEARIN, CITRIC ACID, VANILLIN, CAPRYLYL GLYCOL, XANTHAN GUM, ASCORBYL PALMITATE, GLUCOMANNAN, PHENOXYETHANOL, ETHYLHEXYLGLYCERIN",yes,no,ja
Structuring Foam,de,https://image.labiosthetique.com/i/square-1440/m2-product:structuring_foam_398093_200ml_8c6e334.jpg/feed-media.jpg,https://www.labiosthetique.de/structuring-foam,/structuring-foam,110813,"Der Struktur aufbauende Non-Aerosol-Schaumfestiger punktet mit seinem hohen Anteil an Inhaltsstoffen natürlichen Ursprungs, seiner überzeugenden Pflegewirkung und extrem starkem Halt.","29,00 €","145,00 € / 1 l",200 ml,Styling,Structuring Foam in den Handflächen oder auf dem Kamm verteilen und gleichmäßig in das handtuchtrockene Haar einarbeiten. Das Haar mit den Fingern in die gewünschte Form bringen.,"AQUA (WATER), VP/VA COPOLYMER, PEG-40 HYDROGENATED CASTOR OIL, PHENOXYETHANOL, DISODIUM COCOAMPHODIACETATE , SODIUM CHLORIDE, PARFUM (FRAGRANCE), PANTHENOL, ETHYLHEXYLGLYCERIN, TETRASODIUM EDTA, TETRAMETHYL ACETYLOCTAHYDRONAPHTHALENES, LACTIC ACID, HYDROLYZED WHEAT PROTEIN, HEXAMETHYLINDANOPYRAN, HYDROGEN PEROXIDE, LIMONENE, LINALYL ACETATE, PINENE, CITRIC ACID, SODIUM BENZOATE, LINALOOL, TOCOPHEROL",yes,yes,ja
Structuring Foam,en,https://image.labiosthetique.com/i/square-1440/m2-product:structuring_foam_398093_200ml_8c6e334.jpg/feed-media.jpg,https://www.labiosthetique.de/structuring-foam,/structuring-foam,110813,"The structure-building non-aerosol mousse impresses with its high proportion of natural ingredients, its convincing care effect and extremely strong hold.","29,00 €","145,00 € / 1 l",200 ml,Styling,Spread Structuring Foam in the palms of your hands and work evenly into towel-dried hair. Use your fingers to create the desired shape.,"AQUA (WATER), VP/VA COPOLYMER, PEG-40 HYDROGENATED CASTOR OIL, PHENOXYETHANOL, DISODIUM COCOAMPHODIACETATE , SODIUM CHLORIDE, PARFUM (FRAGRANCE), PANTHENOL, ETHYLHEXYLGLYCERIN, TETRASODIUM EDTA, TETRAMETHYL ACETYLOCTAHYDRONAPHTHALENES, LACTIC ACID, HYDROLYZED WHEAT PROTEIN, HEXAMETHYLINDANOPYRAN, HYDROGEN PEROXIDE, LIMONENE, LINALYL ACETATE, PINENE, CITRIC ACID, SODIUM BENZOATE, LINALOOL, TOCOPHEROL",yes,yes,ja
Calming Lipokerine E Shampoo ,de,https://image.labiosthetique.com/i/square-1440/m2-product:calming_lipokerine_e_shampoo_386938_250ml_084f7e5.jpg/feed-media.jpg,https://www.labiosthetique.de/calming-lipokerine-e-shampoo?childSku=4040218877601,/calming-lipokerine-e-shampoo?childSku=4040218877601,120009,"Das parfumfreie Shampoo reinigt besonders mild, beruhigt empfindliche Kopfhaut und baut strapaziertes Haar wieder auf. Für alle Liebhaber von Shampooing Lipokérine E wird dies Ihr neues Lieblingsprodukt.","27,50 €","110,00 € / 1 l",250 ml,Haar- & Kopfhautpflege,"Gleichmäßig im Haar und auf der Kopfhaut verteilen, kurz einwirken lassen und gründlich ausspülen.","AQUA (WATER), DECYL GLUCOSIDE, SODIUM LAURETH SULFATE, SODIUM LAUROYL OAT AMINO ACIDS, PEG-7 GLYCERYL COCOATE, PEG-150 PENTAERYTHRITYL TETRASTEARATE, PANTHENOL, BUTYLENE GLYCOL, PENTYLENE GLYCOL, SODIUM BENZOATE, HYDROXYPROPYL GUAR HYDROXYPROPYLTRIMONIUM CHLORIDE, LACTIC ACID, POLYSORBATE 20, HYDROXYPROPYL OXIDIZED STARCH PG-TRIMONIUM CHLORIDE, SODIUM POLYPHOSPHATE, PHENOXYETHANOL, GLYCERIN, STARCH HYDROXYPROPYLTRIMONIUM CHLORIDE, BENZOIC ACID, HYDROXYPHENYL PROPAMIDOBENZOIC ACID, TETRASODIUM EDTA, SODIUM LACTATE, SODIUM CHLORIDE, UREA, BETA-GLUCAN, CITRIC ACID, ETHYLHEXYLGLYCERIN, 1,2-HEXANEDIOL, CAPRYLYL GLYCOL, LEVULINIC ACID, ASCORBYL PALMITATE, P-ANISIC ACID",yes,yes,ja
Calming Lipokerine E Shampoo ,en,https://image.labiosthetique.com/i/square-1440/m2-product:calming_lipokerine_e_shampoo_386938_250ml_084f7e5.jpg/feed-media.jpg,https://www.labiosthetique.de/calming-lipokerine-e-shampoo?childSku=4040218877601,/calming-lipokerine-e-shampoo?childSku=4040218877601,120009,"The perfume-free shampoo cleanses the hair particularly mildly, calms sensitive scalps and rebuilds stressed hair. For all lovers of Shampooing Lipokérine E this will be your new favorite product.","27,50 €","110,00 € / 1 l",250 ml,Hair & scalp care,"Distribute evenly in the hair and on the scalp, briefly leave to take effect, then rinse out thoroughly.","AQUA (WATER), DECYL GLUCOSIDE, SODIUM LAURETH SULFATE, SODIUM LAUROYL OAT AMINO ACIDS, PEG-7 GLYCERYL COCOATE, PEG-150 PENTAERYTHRITYL TETRASTEARATE, PANTHENOL, BUTYLENE GLYCOL, PENTYLENE GLYCOL, SODIUM BENZOATE, HYDROXYPROPYL GUAR HYDROXYPROPYLTRIMONIUM CHLORIDE, LACTIC ACID, POLYSORBATE 20, HYDROXYPROPYL OXIDIZED STARCH PG-TRIMONIUM CHLORIDE, SODIUM POLYPHOSPHATE, PHENOXYETHANOL, GLYCERIN, STARCH HYDROXYPROPYLTRIMONIUM CHLORIDE, BENZOIC ACID, HYDROXYPHENYL PROPAMIDOBENZOIC ACID, TETRASODIUM EDTA, SODIUM LACTATE, SODIUM CHLORIDE, UREA, BETA-GLUCAN, CITRIC ACID, ETHYLHEXYLGLYCERIN, 1,2-HEXANEDIOL, CAPRYLYL GLYCOL, LEVULINIC ACID, ASCORBYL PALMITATE, P-ANISIC ACID",yes,yes,ja
Tinted Eyebrow Gel Beige Brown,de,https://image.labiosthetique.com/i/square-1440/m2-product:tinted_eyebrow_gel_beige_brown_247589_4ml_f520bec.jpg/feed-media.jpg,https://www.labiosthetique.de/tinted-eyebrow-gel?childSku=4040218836400,/tinted-eyebrow-gel?childSku=4040218836400,017059,"Das getönte Gel sorgt für perfekt modellierte, voller wirkende Augenbrauen, füllt Lücken auf und fixiert mit natürlichem Matt-Finish.","25,00 €",0,4 ml,Make-Up,Die Augenbrauen in Wuchsrichtung mit dem Applikatorbürstchen und der passenden Farbe des Tinted Eyebrow Gel einfärben und in die gewünschte Form bürsten. Eventuelle Lücken mit der gleichen Textur und einem feinen Pinsel (#6 oder #7) auffüllen.,"ISODODECANE, MICA, TRIMETHYLSILOXYSILICATE, ETHYLENE/PROPYLENE/STYRENE COPOLYMER, DISTEARDIMONIUM HECTORITE, CI 77891 (TITANIUM DIOXIDE), CI 77499 (IRON OXIDES), CI 77492 (IRON OXIDES), PROPYLENE CARBONATE, CI 77491 (IRON OXIDES), TRIETHOXYCAPRYLYLSILANE, BUTYLENE/ETHYLENE/STYRENE COPOLYMER, ALUMINUM HYDROXIDE, PENTAERYTHRITYL TETRA-DI-T-BUTYL HYDROXYHYDROCINNAMATE",no,yes,ja
Tinted Eyebrow Gel Beige Brown,en,https://image.labiosthetique.com/i/square-1440/m2-product:tinted_eyebrow_gel_beige_brown_247589_4ml_f520bec.jpg/feed-media.jpg,https://www.labiosthetique.de/tinted-eyebrow-gel?childSku=4040218836400,/tinted-eyebrow-gel?childSku=4040218836400,017059,"The tinted gel provides perfectly modelled, full looking brows, fills in gaps and fixes the brows with a natural matte finish.","25,00 €",0,4 ml,Make-up,"With the matching shade of Tinted Eyebrow Gel, brush the eyebrows in the direction of hair growth into the desired shape with the applicator brush. Fill in any gaps with the same texture and a fine brush (#6 or #7).","ISODODECANE, MICA, TRIMETHYLSILOXYSILICATE, ETHYLENE/PROPYLENE/STYRENE COPOLYMER, DISTEARDIMONIUM HECTORITE, CI 77891 (TITANIUM DIOXIDE), CI 77499 (IRON OXIDES), CI 77492 (IRON OXIDES), PROPYLENE CARBONATE, CI 77491 (IRON OXIDES), TRIETHOXYCAPRYLYLSILANE, BUTYLENE/ETHYLENE/STYRENE COPOLYMER, ALUMINUM HYDROXIDE, PENTAERYTHRITYL TETRA-DI-T-BUTYL HYDROXYHYDROCINNAMATE",no,yes,ja
Curl Controlling Mousse,de,https://image.labiosthetique.com/i/square-1440/m2-product:curl_controlling_mousse_393817_100ml_ddea3e1.jpg/feed-media.jpg,https://www.labiosthetique.de/curl-controlling-mousse,/curl-controlling-mousse,120392,"Die vegane, Feuchtigkeit spendende Mousse bündelt perfekte Locken und fixiert sie mit leichtem Halt für ein unübertroffenes Ergebnis.","35,00 €","350,00 € / 1 l",100 ml,Styling,Vor Gebrauch schütteln. Eine kleine Menge auf die Handfläche geben. Das innovative Gel entwickelt sich nach Entnahme zu einer cremigen Mousse. Ins feuchte Haar geben und an der Luft trocknen oder mit dem Diffusor in Form bringen.,"AQUA (WATER), ALCOHOL DENAT., GLYCERIN, ISOPENTANE, POLYQUATERNIUM-37, POLYQUATERNIUM-11, SORBITOL, LAURETH-4, PEG-12 DIMETHICONE, PHENOXYETHANOL, ISOBUTANE, POLYQUATERNIUM-10, CETRIMONIUM CHLORIDE, PANTHENOL, ISOSTEARYL ALCOHOL, ETHYLHEXYLGLYCERIN, PARFUM (FRAGRANCE), ETHYLHEXYL METHOXYCINNAMATE, BUTYLENE GLYCOL COCOATE, PENTYLENE GLYCOL, PG-HYDROXYETHYLCELLULOSE COCODIMONIUM CHLORIDE, ISOPROPYL ALCOHOL, LACTIC ACID, SERINE, SODIUM LACTATE, UREA, TETRAMETHYL ACETYLOCTAHYDRONAPHTHALENES, CITRIC ACID, LINALYL ACETATE, ETHYLCELLULOSE, SODIUM CHLORIDE, LINALOOL, BENZYL SALICYLATE, TETRASODIUM EDTA, LIMONENE, GERANYL ACETATE, CITRAL, ALLANTOIN, TOCOPHEROL, BHT",no,yes,ja
Curl Controlling Mousse,en,https://image.labiosthetique.com/i/square-1440/m2-product:curl_controlling_mousse_393817_100ml_ddea3e1.jpg/feed-media.jpg,https://www.labiosthetique.de/curl-controlling-mousse,/curl-controlling-mousse,120392,"The vegan, moisturising mousse bundles perfect curls and sets them with a light hold for an unsurpassed result.","35,00 €","350,00 € / 1 l",100 ml,Styling,Shake before use. Apply a small amount to the palm of your hand. The innovative gel develops into a creamy mousse after removal. Apply to damp hair and air dry or shape with the diffuser.,"AQUA (WATER), ALCOHOL DENAT., GLYCERIN, ISOPENTANE, POLYQUATERNIUM-37, POLYQUATERNIUM-11, SORBITOL, LAURETH-4, PEG-12 DIMETHICONE, PHENOXYETHANOL, ISOBUTANE, POLYQUATERNIUM-10, CETRIMONIUM CHLORIDE, PANTHENOL, ISOSTEARYL ALCOHOL, ETHYLHEXYLGLYCERIN, PARFUM (FRAGRANCE), ETHYLHEXYL METHOXYCINNAMATE, BUTYLENE GLYCOL COCOATE, PENTYLENE GLYCOL, PG-HYDROXYETHYLCELLULOSE COCODIMONIUM CHLORIDE, ISOPROPYL ALCOHOL, LACTIC ACID, SERINE, SODIUM LACTATE, UREA, TETRAMETHYL ACETYLOCTAHYDRONAPHTHALENES, CITRIC ACID, LINALYL ACETATE, ETHYLCELLULOSE, SODIUM CHLORIDE, LINALOOL, BENZYL SALICYLATE, TETRASODIUM EDTA, LIMONENE, GERANYL ACETATE, CITRAL, ALLANTOIN, TOCOPHEROL, BHT",no,yes,ja
Fortifying Aroma Complex ,de,https://image.labiosthetique.com/i/square-1440/m2-product:fortifying_aroma_complex_382595_30ml_8588873.jpg/feed-media.jpg,https://www.labiosthetique.de/fortifying-aroma-complex,/fortifying-aroma-complex,120645,"Der Aromakomplex nutzt die therapeutischen Kräfte etherischer Öle, um die Kopfhautfunktionen zu stimulieren, das gesunde Haarwachstum zu fördern und ein harmonisches Wohlgefühl zu verleihen. Für alle Liebhaber von Visarôme Dynamique R wird dies Ihr neues Lieblingsprodukt.","33,00 €","1.100,00 € / 1 l",30 ml,Haar- & Kopfhautpflege,"Mehrmals wöchentlich den Inhalt von 1 bis 1,5 Pipetten (ca. 1 ml) auf der Kopfhaut verteilen und mit den Fingerkuppen leicht einmassieren.","ALCOHOL DENAT., C9-12 ALKANE, NEOPENTYL GLYCOL DIHEPTANOATE, PARFUM (FRAGRANCE), COCO-CAPRYLATE/CAPRATE, LINALOOL, PELARGONIUM GRAVEOLENS OIL, PELARGONIUM GRAVEOLENS FLOWER OIL, LAVANDULA OIL/EXTRACT, LAVANDULA HYBRIDA OIL, LINALYL ACETATE, ROSMARINUS OFFICINALIS (ROSEMARY) LEAF OIL, CITRONELLOL, GERANIOL, CAMPHOR, PINENE, LAVANDULA ANGUSTIFOLIA (LAVENDER) OIL, SALVIA SCLAREA (CLARY) EXTRACT, SALVIA SCLAREA (CLARY) OIL, THYMUS VULGARIS (THYME) LEAF OIL, TERPINEOL, BETA-CARYOPHYLLENE, SCLAREOL, LIMONENE, GERANYL ACETATE, CITRAL, ALPHA-TERPINENE, TERPINOLENE, BENZYL BENZOYLOXYBENZOATE",yes,yes,ja
Fortifying Aroma Complex ,en,https://image.labiosthetique.com/i/square-1440/m2-product:fortifying_aroma_complex_382595_30ml_8588873.jpg/feed-media.jpg,https://www.labiosthetique.de/fortifying-aroma-complex,/fortifying-aroma-complex,120645,"The aroma complex utilises the therapeutic powers of essential oils to stimulate the scalp functions, promote healthy hair growth and provide a harmonious feeling of well-being.","33,00 €","1.100,00 € / 1 l",30 ml,Hair & scalp care,"Several times a week, apply the contents of 1 to 1.5 pipettes (approx. 1 ml) to the scalp and massage in gently with your fingertips.","ALCOHOL DENAT., C9-12 ALKANE, NEOPENTYL GLYCOL DIHEPTANOATE, PARFUM (FRAGRANCE), COCO-CAPRYLATE/CAPRATE, LINALOOL, PELARGONIUM GRAVEOLENS OIL, PELARGONIUM GRAVEOLENS FLOWER OIL, LAVANDULA OIL/EXTRACT, LAVANDULA HYBRIDA OIL, LINALYL ACETATE, ROSMARINUS OFFICINALIS (ROSEMARY) LEAF OIL, CITRONELLOL, GERANIOL, CAMPHOR, PINENE, LAVANDULA ANGUSTIFOLIA (LAVENDER) OIL, SALVIA SCLAREA (CLARY) EXTRACT, SALVIA SCLAREA (CLARY) OIL, THYMUS VULGARIS (THYME) LEAF OIL, TERPINEOL, BETA-CARYOPHYLLENE, SCLAREOL, LIMONENE, GERANYL ACETATE, CITRAL, ALPHA-TERPINENE, TERPINOLENE, BENZYL BENZOYLOXYBENZOATE",yes,yes,ja
Sensual Lipstick Glossy G335 Cinnamon Glaze,de,https://image.labiosthetique.com/i/square-1440/m2-product:sensual_lipstick_glossy_g335_cinnamon_glaze_388838_3_3g_1a05fc7.jpg/feed-media.jpg,https://www.labiosthetique.de/sensual-lipstick-glossy?childSku=4040218876000,/sensual-lipstick-glossy?childSku=4040218876000,019213,Der Gloss-Lippenstift pflegt mit wertvollen Ölen und sorgt für einen hauchzarten Lip-Catcher.,"26,50 €","8,03 € / 1 g","3,3 g",Make-Up,Sensual Lipstick Glossy einfach auf die Lippen auftragen und glänzen. Durch sanftes Nachziehen der Lippenkontur in einem farblich auf den Gloss-Lippenstift abgestimmten Konturenstift lässt sich die zarte Farbwirkung intensivieren.,"CAPRYLIC/CAPRIC TRIGLYCERIDE, POLYGLYCERYL-2 TRIISOSTEARATE, CANDELILLA CERA (EUPHORBIA CERIFERA WAX), BIS-DIGLYCERYL POLYACYLADIPATE-2, CI 77491 (IRON OXIDES), SYNTHETIC WAX, ETHYLENE/PROPYLENE COPOLYMER, CI 77499 (IRON OXIDES), AROMA (FLAVOR), SILICA, CI 15850 (RED 7 LAKE), LECITHIN, TOCOPHEROL, ASCORBYL PALMITATE, BENZYL ALCOHOL, CITRIC ACID, DISTEARDIMONIUM HECTORITE, POLYHYDROXYSTEARIC ACID, CALCIUM SODIUM BOROSILICATE, CI 77891 (TITANIUM DIOXIDE), TIN OXIDE",yes,yes,ja
Sensual Lipstick Glossy G335 Cinnamon Glaze,en,https://image.labiosthetique.com/i/square-1440/m2-product:sensual_lipstick_glossy_g335_cinnamon_glaze_388838_3_3g_1a05fc7.jpg/feed-media.jpg,https://www.labiosthetique.de/sensual-lipstick-glossy?childSku=4040218876000,/sensual-lipstick-glossy?childSku=4040218876000,019213,The gloss lipstick contains high-quality conditioning oils for delicately eyecatching lips.,"26,50 €","8,03 € / 1 g","3,3 g",Make-up,Simply apply Sensual Lipstick Glossy to the lips for stunning shine. Gently outline the lip line with a lip liner to match the colour of the glossy lipstick for a more intense colour effect.,"CAPRYLIC/CAPRIC TRIGLYCERIDE, POLYGLYCERYL-2 TRIISOSTEARATE, CANDELILLA CERA (EUPHORBIA CERIFERA WAX), BIS-DIGLYCERYL POLYACYLADIPATE-2, CI 77491 (IRON OXIDES), SYNTHETIC WAX, ETHYLENE/PROPYLENE COPOLYMER, CI 77499 (IRON OXIDES), AROMA (FLAVOR), SILICA, CI 15850 (RED 7 LAKE), LECITHIN, TOCOPHEROL, ASCORBYL PALMITATE, BENZYL ALCOHOL, CITRIC ACID, DISTEARDIMONIUM HECTORITE, POLYHYDROXYSTEARIC ACID, CALCIUM SODIUM BOROSILICATE, CI 77891 (TITANIUM DIOXIDE), TIN OXIDE",yes,yes,ja
Babybios Conditioning Spray,de,https://image.labiosthetique.com/i/square-1440/m2-product:babybios_conditioning_spray_386998_250ml_cd24b91.jpg/feed-media.jpg,https://www.labiosthetique.de/babybios-conditioning-spray,/babybios-conditioning-spray,120266,"Das leichte Leave-in Pflegespray verwöhnt empfindliche Haare und sensible Kopfhaut mit beruhigenden Substanzen und einer Extraportion Feuchtigkeit. Das Haar erhält neue Elastizität, Locken begeistern mit natürlicher Sprungkraft. Für alle Liebhaber von Babybios wird dies Ihr neues Lieblingsprodukt.","23,50 €","94,00 € / 1 l",250 ml,Haar- & Kopfhautpflege,"Gleichmäßig ins gewaschene, handtuchtrockene Haar sprühen. Nicht ausspülen.","AQUA (WATER), PENTYLENE GLYCOL, PEG-40 HYDROGENATED CASTOR OIL, SODIUM BENZOATE, SODIUM POLYPHOSPHATE, PARFUM (FRAGRANCE), CHAMOMILLA RECUTITA FLOWER/LEAF/STEM EXTRACT, PANTHENOL, SORBITOL, LAVANDULA OIL/EXTRACT, LACTIC ACID, LINALOOL, LINALYL ACETATE, CAMPHOR, LIMONENE, PINENE, CITRUS AURANTIUM PEEL OIL, EUCALYPTUS GLOBULUS OIL, GERANYL ACETATE, TERPINEOL, BETA-CARYOPHYLLENE, CITRIC ACID, AMYL SALICYLATE, POTASSIUM SORBATE, GERANIOL, COUMARIN, CINNAMYL ALCOHOL, JUNIPERUS VIRGINIANA OIL",no,yes,ja
Babybios Conditioning Spray,en,https://image.labiosthetique.com/i/square-1440/m2-product:babybios_conditioning_spray_386998_250ml_cd24b91.jpg/feed-media.jpg,https://www.labiosthetique.de/babybios-conditioning-spray,/babybios-conditioning-spray,120266,The leave-in spray lotion containing essential oils cares for the hair and scalp. It increases the elasticity of the hair and boosts its natural curl formation. For all lovers of Babybios this will be your new favorite product.,"23,50 €","94,00 € / 1 l",250 ml,Hair & scalp care,"Spray evenly into washed, towel-dried hair. Do not rinse out.","AQUA (WATER), PENTYLENE GLYCOL, PEG-40 HYDROGENATED CASTOR OIL, SODIUM BENZOATE, SODIUM POLYPHOSPHATE, PARFUM (FRAGRANCE), CHAMOMILLA RECUTITA FLOWER/LEAF/STEM EXTRACT, PANTHENOL, SORBITOL, LAVANDULA OIL/EXTRACT, LACTIC ACID, LINALOOL, LINALYL ACETATE, CAMPHOR, LIMONENE, PINENE, CITRUS AURANTIUM PEEL OIL, EUCALYPTUS GLOBULUS OIL, GERANYL ACETATE, TERPINEOL, BETA-CARYOPHYLLENE, CITRIC ACID, AMYL SALICYLATE, POTASSIUM SORBATE, GERANIOL, COUMARIN, CINNAMYL ALCOHOL, JUNIPERUS VIRGINIANA OIL",no,yes,ja
Automatic Pencil for Eyes K13 Espresso,de,https://image.labiosthetique.com/i/square-1440/m2-product:automatic_pencil_for_eyes_k13_espresso_247583_0_35g_184fcfa.jpg/feed-media.jpg,https://www.labiosthetique.de/automatic-pencil-for-eyes?childSku=4040218879100,/automatic-pencil-for-eyes?childSku=4040218879100,017054,"Der elegante Automatic Pencil vereint hochpigmentierte Farbkraft mit wasserfester Haltbarkeit. Die weiche, zurückdrehbare Mine erlaubt präzise Linien oder Schattierungen, die den ganzen Tag halten.","24,50 €",0,"0,35 g",Make-Up,Vom inneren Augenwinkel entlang des Wimpernkranzes eine Linie zum äußeren Augenwinkel ziehen. Bei Bedarf mit dem Blending Tool am Ende des Stiftes oder einem Pinsel aussoften. Korrekturen können sofort mit Make-up Entferner und einem Wattestäbchen vorgenommen werden.,"C9-12 ALKANE, MICA, BIS-BEHENYL/ISOSTEARYL/PHYTOSTERYL DIMER DILINOLEYL DIMER DILINOLEATE, SUCROSE TETRASTEARATE TRIACETATE, HYDROGENATED CASTOR OIL, SYNTHETIC WAX, COPERNICIA CERIFERA CERA (CARNAUBA WAX), POLYGLYCERYL-4 DIISOSTEARATE/POLYHYDROXYSTEARATE/SEBACATE, DISTEARDIMONIUM HECTORITE, TOCOPHEROL, PROPYLENE CARBONATE, CI 77499 (IRON OXIDES), CI 77491 (IRON OXIDES), CI 77891 (TITANIUM DIOXIDE)",no,no,ja
Automatic Pencil for Eyes K13 Espresso,en,https://image.labiosthetique.com/i/square-1440/m2-product:automatic_pencil_for_eyes_k13_espresso_247583_0_35g_184fcfa.jpg/feed-media.jpg,https://www.labiosthetique.de/automatic-pencil-for-eyes?childSku=4040218879100,/automatic-pencil-for-eyes?childSku=4040218879100,017054,"The elegant Automatic Pencil combines highly pigmented colour vibrancy with waterproof staying power. The soft, retractable lead allows users to draw precise lines or shading lasting all day long.","24,50 €",0,"0,35 g",Make-up,"Draw a line from the inner corner of the eye along the lash line to the outer corner of the eye. If needed, use the blending tool at the end of the pencil or a brush to soften the line. The line can be corrected immediately with make-up remover and a cotton bud.","C9-12 ALKANE, MICA, BIS-BEHENYL/ISOSTEARYL/PHYTOSTERYL DIMER DILINOLEYL DIMER DILINOLEATE, SUCROSE TETRASTEARATE TRIACETATE, HYDROGENATED CASTOR OIL, SYNTHETIC WAX, COPERNICIA CERIFERA CERA (CARNAUBA WAX), POLYGLYCERYL-4 DIISOSTEARATE/POLYHYDROXYSTEARATE/SEBACATE, DISTEARDIMONIUM HECTORITE, TOCOPHEROL, PROPYLENE CARBONATE, CI 77499 (IRON OXIDES), CI 77491 (IRON OXIDES), CI 77891 (TITANIUM DIOXIDE)",no,no,ja
Homme Styling Gel,de,https://image.labiosthetique.com/i/square-1440/m2-product:homme_styling_gel_412839_100ml_a7a6c0c.jpg/feed-media.jpg,https://www.labiosthetique.de/homme-styling-gel-1,/homme-styling-gel-1,110513,"Das Styling Gel mit Feuchtigkeit spendendem Algenextrakt festigt die Frisur zuverlässig und sorgt für extrem starken Halt mit natürlichem Glanz – selbst bei Sport, Hitze oder feuchter Witterung.","19,00 €","190,00 € / 1 l",100 ml,Styling,Ins trockene oder feuchte Haar einarbeiten.,"AQUA (WATER), ALCOHOL DENAT., VP/VA COPOLYMER, GLYCERIN, VINYL CAPROLACTAM/VP/DIMETHYLAMINOETHYL METHACRYLATE COPOLYMER, PEG-40 HYDROGENATED CASTOR OIL, CARBOMER, TROMETHAMINE, PARFUM (FRAGRANCE), PHENOXYETHANOL, TETRAMETHYL ACETYLOCTAHYDRONAPHTHALENES, HYDROLYZED ALGIN, LINALOOL, LIMONENE, HYDROGEN PEROXIDE, LINALYL ACETATE, MARIS AQUA (SEA WATER), PINENE, CHLORELLA VULGARIS EXTRACT, CITRUS AURANTIUM BERGAMIA (BERGAMOT) PEEL OIL, CITRUS AURANTIUM PEEL OIL, GERANIOL, LAVANDULA OIL/EXTRACT, CITRUS LIMON PEEL OIL",yes,yes,ja
Homme Styling Gel,en,https://image.labiosthetique.com/i/square-1440/m2-product:homme_styling_gel_412839_100ml_a7a6c0c.jpg/feed-media.jpg,https://www.labiosthetique.de/homme-styling-gel-1,/homme-styling-gel-1,110513,Styling Gel with hydrating algae extract reliably fixes hairstyles in place and provides extremely strong hold and shine – even during sport and in hot or damp weather.,"19,00 €","190,00 € / 1 l",100 ml,Styling,Work into dry or damp hair.,"AQUA (WATER), ALCOHOL DENAT., VP/VA COPOLYMER, GLYCERIN, VINYL CAPROLACTAM/VP/DIMETHYLAMINOETHYL METHACRYLATE COPOLYMER, PEG-40 HYDROGENATED CASTOR OIL, CARBOMER, TROMETHAMINE, PARFUM (FRAGRANCE), PHENOXYETHANOL, TETRAMETHYL ACETYLOCTAHYDRONAPHTHALENES, HYDROLYZED ALGIN, LINALOOL, LIMONENE, HYDROGEN PEROXIDE, LINALYL ACETATE, MARIS AQUA (SEA WATER), PINENE, CHLORELLA VULGARIS EXTRACT, CITRUS AURANTIUM BERGAMIA (BERGAMOT) PEEL OIL, CITRUS AURANTIUM PEEL OIL, GERANIOL, LAVANDULA OIL/EXTRACT, CITRUS LIMON PEEL OIL",yes,yes,ja
